C03. Berapa jumlah perusahaan/ instansi/ institusi yang sudah Anda lamar (lewat surat/ e-mail) sebelum Anda memperoleh pekerjaan pertama?,C05. Berapa jumlah perusahaan/ instansi/ institusi yang mengundang Anda untuk wawancara?,"[G01. Perbandingan Kompetensi A : PADA SAAT LULUS, pada tingkat mana kompetensi di bawah ini Anda kuasai?] G01_4. Penggunaan Teknologi Informasi","[C02. Bagaimana Anda mencari pekerjaan tersebut?] C02_11. Melalui relasi (misalnya dosen, orang tua, saudara, teman, dll.)",[C02. Bagaimana Anda mencari pekerjaan tersebut?] C02_5. Dihubungi oleh perusahaan,[B01. Menurut Anda seberapa besar metode pembelajaran berikut ini dilaksanakan di program studi Anda?] B01_2. Demonstrasi (Peragaan /Gaya Pembelajaran),"[G01. Perbandingan Kompetensi A : PADA SAAT LULUS, pada tingkat mana kompetensi di bawah ini Anda kuasai?] G01_3. Bahasa Inggris",[C02. Bagaimana Anda mencari pekerjaan tersebut?] C02_7. Menghubungi agen tenaga kerja komersial/swasta,"[G01. Perbandingan Kompetensi A : PADA SAAT LULUS, pada tingkat mana kompetensi di bawah ini Anda kuasai?] G01_1. Etika",[B01. Menurut Anda seberapa besar metode pembelajaran berikut ini dilaksanakan di program studi Anda?] B01_1. Perkuliahan,[B01. Menurut Anda seberapa besar metode pembelajaran berikut ini dilaksanakan di program studi Anda?] B01_7. Diskusi,[C02. Bagaimana Anda mencari pekerjaan tersebut?] C02_12. Membangun bisnis sendiri,S04. Program Studi,[B01. Menurut Anda seberapa besar metode pembelajaran berikut ini dilaksanakan di program studi Anda?] B01_4. Magang,"[C02. Bagaimana Anda mencari pekerjaan tersebut?] C02_1. Melalui iklan di koran/majalah, brosur",[C02. Bagaimana Anda mencari pekerjaan tersebut?] C02_6. Menghubungi Kemenakertrans,[C02. Bagaimana Anda mencari pekerjaan tersebut?] C02_3. Pergi ke bursa/pameran kerja,[C02. Bagaimana Anda mencari pekerjaan tersebut?] C02_14. Bekerja di tempat yang sama dengan tempat kerja semasa kuliah,C04. Berapa jumlah perusahaan / instansi / institusi yang merespon lamaran Anda?,[C02. Bagaimana Anda mencari pekerjaan tersebut?] C02_2. Melamar ke perusahaan tanpa mengetahui lowongan yang ada,"[G01. Perbandingan Kompetensi A : PADA SAAT LULUS, pada tingkat mana kompetensi di bawah ini Anda kuasai?] G01_5. Komunikasi",[C02. Bagaimana Anda mencari pekerjaan tersebut?] C02_15. Lainnya : (Tulis jawaban pada pertanyaan berikutnya),[C02. Bagaimana Anda mencari pekerjaan tersebut?] C02_9. Menghubungi kantor kemahasiswaan/hubungan alumni,A01. Sertifikasi profesi apa yang Anda dapatkan setelah lulus?,[B01. Menurut Anda seberapa besar metode pembelajaran berikut ini dilaksanakan di program studi Anda?] B01_6. Kerja Lapangan,[B01. Menurut Anda seberapa besar metode pembelajaran berikut ini dilaksanakan di program studi Anda?] B01_3. Partisipasi dalam proyek riset,[C02. Bagaimana Anda mencari pekerjaan tersebut?] C02_4. Mencari lewat internet/iklan online/milis,"[G01. Perbandingan Kompetensi A : PADA SAAT LULUS, pada tingkat mana kompetensi di bawah ini Anda kuasai?] G01_2. Keahlian berdasarkan bidang ilmu
","[G01. Perbandingan Kompetensi A : PADA SAAT LULUS, pada tingkat mana kompetensi di bawah ini Anda kuasai?] G01_7. Pengembangan Diri",[B01. Menurut Anda seberapa besar metode pembelajaran berikut ini dilaksanakan di program studi Anda?] B01_5. Praktikum,[C02. Bagaimana Anda mencari pekerjaan tersebut?] C02_8. Memperoleh informasi dari pusat/kantor pengembangan karir fakultas/universitas,[C02. Bagaimana Anda mencari pekerjaan tersebut?] C02_10. Membangun jejaring (network) sejak masih kuliah,[C02. Bagaimana Anda mencari pekerjaan tersebut?] C02_13. Melalui penempatan kerja atau magang,"[G01. Perbandingan Kompetensi A : PADA SAAT LULUS, pada tingkat mana kompetensi di bawah ini Anda kuasai?] G01_6. Kerja sama tim",Skor_Inisiatif_Mencari_Kerja,Skor_Rata2_MetodeBelajar,Skor_Rata2_Kompetensi,Target_Klaster,Nama_Pola_Karir
1.0,1.0,5.0,,,4,4.0,,5.0,4,3,,S1 Teknik Sipil,3.0,,,,,1.0,,5.0,,,,3,4,,5.0,5.0,4.0,,Pilihan,,5.0,12.0,3.5714285714285716,4.857142857142857,1,Karir Linear
10.0,7.0,4.0,Pilihan,Pilihan,4,4.0,,4.0,4,4,Pilihan,S1 Teknik Sipil,2.0,Pilihan,,Pilihan,,7.0,Pilihan,4.0,,Pilihan,,3,2,Pilihan,4.0,4.0,3.0,Pilihan,Pilihan,,4.0,0.0,3.142857142857143,4.0,3,Karir Elit
1.0,1.0,2.0,,,2,2.0,,3.0,3,2,,S1 Teknik Sipil,1.0,,,,,1.0,,2.0,Pilihan,,,1,2,,3.0,2.0,2.0,,,,3.0,1.0,1.8571428571428572,2.4285714285714284,2,Karir Tertunda
15.0,3.0,5.0,Pilihan,,3,4.0,,5.0,4,4,,S1 Teknik Sipil,3.0,Pilihan,,,,5.0,,5.0,,,,3,3,Pilihan,3.0,5.0,3.0,,Pilihan,,5.0,6.0,3.2857142857142856,4.571428571428571,0,Karir Lintas Jalur
100.0,10.0,5.0,Pilihan,,2,5.0,,5.0,5,5,,S1 Teknik Sipil,4.0,Pilihan,,,,20.0,,5.0,,,,3,3,Pilihan,3.0,5.0,3.0,Pilihan,,,5.0,0.0,3.5714285714285716,4.714285714285714,0,Karir Lintas Jalur
2.0,2.0,4.0,,,4,4.0,,4.0,4,4,,S1 Teknik Sipil,4.0,,,,,2.0,,4.0,Pilihan,,,4,4,,4.0,4.0,4.0,,,,4.0,42.0,4.0,4.0,2,Karir Tertunda
0.0,1.0,3.0,,,3,3.0,,5.0,5,3,,S1 Teknik Sipil,3.0,,,,,1.0,,4.0,,Pilihan,,3,3,,4.0,4.0,4.0,,,,4.0,-4.0,3.4285714285714284,3.857142857142857,1,Karir Linear
0.0,0.0,4.0,,,1,3.0,,4.0,2,3,,S1 Teknik Sipil,2.0,,,,,0.0,,5.0,,,,3,2,,3.0,4.0,3.0,,,Pilihan,5.0,48.0,2.2857142857142856,4.0,2,Karir Tertunda
0.0,0.0,4.0,,,2,4.0,,5.0,3,3,,S1 Teknik Sipil,2.0,,,,,0.0,,5.0,,,,2,2,,4.0,4.0,2.0,,,,5.0,0.0,2.2857142857142856,4.428571428571429,3,Karir Elit
1.0,1.0,4.0,Pilihan,,3,3.0,,4.0,3,3,,S1 Teknik Sipil,3.0,,,,,1.0,,3.0,,,,3,3,,3.0,3.0,3.0,,,,3.0,-1.0,3.0,3.2857142857142856,3,Karir Elit
0.0,0.0,4.0,,Pilihan,5,4.0,,5.0,5,5,,S1 Teknik Sipil,5.0,,,,,0.0,,4.0,Pilihan,,,5,5,,5.0,5.0,5.0,,Pilihan,,5.0,0.0,5.0,4.571428571428571,2,Karir Tertunda
30.0,5.0,3.0,,Pilihan,3,1.0,,3.0,3,4,,S1 Teknik Sipil,4.0,,,,,6.0,,3.0,,,,4,3,,3.0,4.0,4.0,,,,3.0,2.0,3.5714285714285716,2.857142857142857,0,Karir Lintas Jalur
10.0,8.0,5.0,,Pilihan,2,5.0,,5.0,3,3,,S1 Teknik Sipil,3.0,,,,,10.0,,5.0,,,,3,3,,5.0,5.0,3.0,,Pilihan,,5.0,0.0,2.857142857142857,5.0,1,Karir Linear
8.0,5.0,3.0,,,3,3.0,,3.0,3,3,,S1 Teknik Sipil,3.0,,,,,5.0,,3.0,,,,3,3,Pilihan,3.0,3.0,3.0,,Pilihan,,3.0,2.0,3.0,3.0,3,Karir Elit
20.0,2.0,4.0,Pilihan,,3,3.0,,5.0,5,3,,S1 Teknik Sipil,5.0,Pilihan,,,,3.0,,4.0,,,,5,3,Pilihan,4.0,4.0,5.0,,,Pilihan,5.0,-1.0,4.142857142857143,4.142857142857143,0,Karir Lintas Jalur
10.0,8.0,5.0,,,2,5.0,,5.0,3,2,,S1 Teknik Sipil,2.0,,,,,8.0,,5.0,,,,3,2,Pilihan,4.0,5.0,3.0,,,,5.0,-1.0,2.4285714285714284,4.857142857142857,0,Karir Lintas Jalur
2.0,2.0,4.0,,,4,3.0,,4.0,4,5,,S1 Teknik Sipil,5.0,,,,,2.0,,5.0,Pilihan,,,4,5,,4.0,5.0,4.0,,,,5.0,0.0,4.428571428571429,4.285714285714286,3,Karir Elit
10.0,2.0,4.0,,,3,4.0,,4.0,3,4,,S1 Teknik Sipil,3.0,,,,Pilihan,2.0,,4.0,,,,4,4,,4.0,4.0,4.0,,,,5.0,0.0,3.5714285714285716,4.142857142857143,1,Karir Linear
2.0,1.0,4.0,,,3,4.0,,4.0,3,3,,S1 Teknik Sipil,3.0,Pilihan,,,,1.0,,4.0,,,,3,3,,4.0,4.0,3.0,,,,4.0,-1.0,3.0,4.0,1,Karir Linear
5.0,3.0,4.0,Pilihan,,3,4.0,,5.0,5,4,,S1 Teknik Sipil,5.0,,,,Pilihan,3.0,,4.0,,,,5,5,Pilihan,4.0,4.0,5.0,,,,4.0,-1.0,4.571428571428571,4.142857142857143,0,Karir Lintas Jalur
1.0,1.0,4.0,Pilihan,,4,4.0,,4.0,4,4,,S1 Teknik Sipil,3.0,,,,,1.0,,4.0,,,,3,3,,4.0,4.0,3.0,,,,4.0,31.0,3.4285714285714284,4.0,2,Karir Tertunda
15.0,3.0,4.0,,,3,3.0,,5.0,4,3,,S1 Teknik Sipil,3.0,,,,,5.0,,5.0,Pilihan,,,3,3,,2.0,3.0,3.0,,,,5.0,0.0,3.142857142857143,3.857142857142857,0,Karir Lintas Jalur
2.0,2.0,4.0,,,4,4.0,,4.0,4,4,,S1 Teknik Sipil,4.0,,,,,2.0,,4.0,,,,4,4,Pilihan,5.0,5.0,4.0,,,,5.0,0.0,4.0,4.428571428571429,2,Karir Tertunda
1.0,1.0,2.0,,Pilihan,5,2.0,,3.0,5,5,,S1 Teknik Sipil,5.0,,,,,1.0,,3.0,,,,5,5,,3.0,3.0,5.0,,,,3.0,12.0,5.0,2.7142857142857144,0,Karir Lintas Jalur
2.0,1.0,2.0,,,2,1.0,,2.0,2,2,,S1 Teknik Sipil,2.0,,,,,1.0,,2.0,,,,2,2,Pilihan,2.0,3.0,2.0,,,,3.0,-1.0,2.0,2.142857142857143,0,Karir Lintas Jalur
10.0,6.0,4.0,Pilihan,,4,2.0,,4.0,4,4,,S1 Teknik Sipil,3.0,,,,Pilihan,6.0,,3.0,,,,4,3,Pilihan,4.0,5.0,4.0,,Pilihan,,4.0,12.0,3.7142857142857144,3.7142857142857144,0,Karir Lintas Jalur
3.0,2.0,4.0,,,4,4.0,,4.0,4,4,,S1 Teknik Sipil,4.0,,,,,2.0,,4.0,,,,4,4,,4.0,4.0,4.0,Pilihan,,,4.0,24.0,4.0,4.0,2,Karir Tertunda
5.0,2.0,4.0,,,3,5.0,,4.0,3,3,,S1 Teknik Sipil,3.0,,,,Pilihan,3.0,,4.0,,,,3,3,Pilihan,3.0,4.0,3.0,,,,4.0,0.0,3.0,4.0,1,Karir Linear
2.0,2.0,4.0,Pilihan,Pilihan,3,3.0,,4.0,4,4,,S1 Teknik Sipil,4.0,,,,,2.0,Pilihan,4.0,,,,4,3,,4.0,3.0,4.0,,,,4.0,24.0,3.7142857142857144,3.7142857142857144,1,Karir Linear
1.0,1.0,3.0,,Pilihan,4,2.0,,3.0,5,5,,S1 Teknik Sipil,5.0,,,,,1.0,,3.0,,,,5,4,,3.0,3.0,5.0,,,,3.0,12.0,4.714285714285714,2.857142857142857,2,Karir Tertunda
1.0,1.0,3.0,Pilihan,,4,3.0,,4.0,4,5,,S1 Teknik Sipil,5.0,,,,,1.0,,4.0,,,0,5,5,,4.0,4.0,5.0,,,,4.0,12.0,4.714285714285714,3.7142857142857144,1,Karir Linear
10.0,2.0,4.0,Pilihan,,4,4.0,,4.0,4,4,,S1 Teknik Sipil,4.0,,,Pilihan,,5.0,,4.0,,,0,4,4,Pilihan,4.0,4.0,4.0,Pilihan,Pilihan,Pilihan,4.0,6.0,4.0,4.0,0,Karir Lintas Jalur
20.0,3.0,4.0,,,3,4.0,,5.0,5,5,,S1 Teknik Sipil,3.0,,,Pilihan,,5.0,Pilihan,5.0,,,0,3,4,Pilihan,4.0,4.0,3.0,Pilihan,,,5.0,6.0,3.7142857142857144,4.428571428571429,1,Karir Linear
10.0,5.0,4.0,Pilihan,,3,4.0,,5.0,4,4,,S1 Teknik Sipil,3.0,,,,,5.0,,5.0,,,0,5,4,Pilihan,4.0,5.0,4.0,,Pilihan,,5.0,6.0,3.857142857142857,4.571428571428571,3,Karir Elit
5.0,1.0,5.0,Pilihan,,2,4.0,,5.0,5,5,,S1 Teknik Sipil,2.0,,,,,1.0,,5.0,,,0,4,3,,3.0,4.0,5.0,,Pilihan,,4.0,35.0,3.7142857142857144,4.285714285714286,2,Karir Tertunda
6.0,2.0,4.0,Pilihan,,4,3.0,,5.0,5,4,,S1 Teknik Sipil,3.0,,,Pilihan,Pilihan,3.0,,4.0,,,0,3,3,,3.0,5.0,4.0,Pilihan,Pilihan,,5.0,34.0,3.7142857142857144,4.142857142857143,0,Karir Lintas Jalur
1.0,1.0,4.0,,Pilihan,4,4.0,,4.0,4,4,,S1 Teknik Sipil,4.0,,,,,1.0,,4.0,,,0,4,4,,4.0,4.0,4.0,,,,4.0,12.0,4.0,4.0,3,Karir Elit
100.0,5.0,5.0,,,5,4.0,,5.0,5,5,,S1 Teknik Sipil,4.0,,,,,5.0,,5.0,,,0,4,4,Pilihan,4.0,5.0,4.0,,,,5.0,12.0,4.428571428571429,4.714285714285714,1,Karir Linear
3.0,1.0,4.0,,,4,3.0,,4.0,4,4,,S1 Teknik Sipil,5.0,,,,,1.0,,4.0,,,0,5,5,,4.0,4.0,5.0,Pilihan,,,4.0,17.0,4.571428571428571,3.857142857142857,1,Karir Linear
1.0,1.0,5.0,,,5,2.0,,4.0,5,5,,S1 Teknik Sipil,5.0,,,,Pilihan,1.0,,5.0,,,0,5,5,,3.0,5.0,5.0,,,,5.0,1.0,5.0,4.142857142857143,0,Karir Lintas Jalur
3.0,2.0,4.0,,,3,3.0,,4.0,3,2,,S1 Teknik Sipil,2.0,,,,,2.0,,3.0,,,0,2,2,,4.0,3.0,2.0,Pilihan,,,3.0,48.0,2.2857142857142856,3.4285714285714284,3,Karir Elit
5.0,3.0,4.0,,,4,4.0,,4.0,4,4,,S1 Teknik Sipil,4.0,,,,,4.0,,4.0,,,0,4,4,Pilihan,4.0,4.0,4.0,,,,3.0,18.0,4.0,3.857142857142857,1,Karir Linear
6.0,3.0,4.0,,,3,4.0,,5.0,4,4,,S1 Teknik Sipil,4.0,,,Pilihan,,4.0,,5.0,,,Sertifikat Kompetensi Manajer Teknik Pembangunan Jalan Rel dari BNSP melalui LSP P1 Universitas Mercu Buana (berlaku sampai dengan 1 April 2025),4,2,Pilihan,4.0,5.0,4.0,,,Pilihan,5.0,6.0,3.5714285714285716,4.571428571428571,1,Karir Linear
1.0,1.0,4.0,,Pilihan,4,4.0,,4.0,4,4,,S1 Teknik Sipil,3.0,,,,,1.0,,4.0,,,0,3,2,,3.0,4.0,4.0,,,,4.0,18.0,3.4285714285714284,3.857142857142857,0,Karir Lintas Jalur
1.0,3.0,4.0,,,4,3.0,,5.0,5,5,,S1 Teknik Sipil,5.0,,,,Pilihan,3.0,,5.0,,,0,5,3,,4.0,5.0,4.0,,,,5.0,2.0,4.428571428571429,4.428571428571429,1,Karir Linear
40.0,20.0,5.0,,,3,4.0,,5.0,4,5,,S1 Teknik Sipil,4.0,,,,,20.0,,5.0,,,"Islamic parenting class, jurnal internasional, preparing workplace for covid-19, SAP2000, OHSAS_SMK3, AP3I, SMAP, Kompetensi Tambahan PUPR, SMKK, BIM, Glodon, manajemen risiko",5,5,Pilihan,5.0,5.0,5.0,,,,5.0,7.0,4.428571428571429,4.857142857142857,1,Karir Linear
2.0,2.0,3.0,,,3,3.0,,4.0,3,3,,S1 Teknik Sipil,3.0,,,,,2.0,Pilihan,3.0,,,0,3,3,,3.0,3.0,3.0,,,,3.0,72.0,3.0,3.142857142857143,1,Karir Linear
12.0,10.0,5.0,,,5,5.0,,5.0,5,5,,S1 Teknik Sipil,5.0,,,,,10.0,,5.0,,,0,5,5,Pilihan,5.0,5.0,5.0,,,,5.0,6.0,5.0,5.0,1,Karir Linear
10.0,2.0,4.0,Pilihan,,3,4.0,,4.0,3,3,,S1 Teknik Sipil,2.0,,,,,2.0,Pilihan,4.0,,,0,2,3,Pilihan,3.0,4.0,2.0,,,,4.0,-1.0,2.5714285714285716,3.857142857142857,3,Karir Elit
10.0,10.0,5.0,,,5,4.0,,5.0,5,5,,S1 Teknik Sipil,5.0,,,,,10.0,,5.0,,,0,4,5,Pilihan,5.0,4.0,5.0,,,,5.0,6.0,4.857142857142857,4.714285714285714,3,Karir Elit
60.0,2.0,3.0,,,3,4.0,,5.0,4,5,,S1 Teknik Sipil,2.0,,,,,6.0,,3.0,,,0,3,2,Pilihan,4.0,4.0,4.0,,,,3.0,-1.0,3.2857142857142856,3.7142857142857144,3,Karir Elit
54.0,5.0,4.0,,,4,4.0,,4.0,4,4,,S1 Teknik Sipil,4.0,,,,,10.0,Pilihan,4.0,,,-,4,4,,4.0,4.0,5.0,,,,5.0,2.0,4.142857142857143,4.142857142857143,0,Karir Lintas Jalur
30.0,7.0,2.0,,,3,2.0,,5.0,3,2,,S1 Teknik Sipil,3.0,,,,,10.0,,4.0,,,0,2,2,Pilihan,3.0,4.0,2.0,,,,4.0,-1.0,2.4285714285714284,3.4285714285714284,0,Karir Lintas Jalur
1.0,1.0,4.0,Pilihan,,4,3.0,,5.0,5,4,,S1 Teknik Sipil,5.0,,,,,1.0,,4.0,,,0,5,3,,4.0,5.0,5.0,,,,5.0,1.0,4.428571428571429,4.285714285714286,1,Karir Linear
25.0,5.0,4.0,Pilihan,Pilihan,3,4.0,,4.0,3,3,,S1 Teknik Sipil,3.0,,,,Pilihan,5.0,,4.0,,,Note,3,3,Pilihan,4.0,4.0,3.0,Pilihan,,,4.0,12.0,3.0,4.0,1,Karir Linear
1.0,1.0,2.0,,,2,2.0,,5.0,5,4,,S1 Teknik Sipil,2.0,,,,,1.0,,4.0,,,0,2,2,,3.0,5.0,2.0,,Pilihan,,4.0,12.0,2.7142857142857144,3.5714285714285716,1,Karir Linear
10.0,5.0,5.0,,Pilihan,5,5.0,,5.0,5,5,,S1 Teknik Sipil,5.0,,,,,10.0,Pilihan,5.0,,,0,5,5,,5.0,5.0,5.0,,Pilihan,,5.0,1.0,5.0,5.0,0,Karir Lintas Jalur
2.0,3.0,1.0,Pilihan,,1,2.0,,1.0,1,1,,S1 Teknik Sipil,4.0,,,,Pilihan,5.0,,1.0,,Pilihan,"1. Ahli teknik Bangunan Gedung - Muda (LPJK), 23 September 2023 s.d 24 Desember 2024",3,1,Pilihan,1.0,1.0,2.0,Pilihan,Pilihan,Pilihan,1.0,1.0,1.8571428571428572,1.1428571428571428,1,Karir Linear
1.0,1.0,1.0,,,3,3.0,,2.0,3,3,,S1 Teknik Sipil,3.0,,,,Pilihan,1.0,,1.0,,,0,3,3,,2.0,2.0,3.0,,,Pilihan,1.0,48.0,3.0,1.7142857142857142,2,Karir Tertunda
20.0,10.0,5.0,,,5,4.0,,5.0,5,5,,S1 Teknik Sipil,5.0,,,,,10.0,,5.0,,,0,5,5,Pilihan,4.0,4.0,5.0,,,,5.0,26.0,5.0,4.571428571428571,2,Karir Tertunda
5.0,2.0,4.0,,,4,3.0,,4.0,4,4,,S1 Teknik Sipil,1.0,,,,,2.0,,4.0,,,0,5,3,Pilihan,4.0,4.0,4.0,,,,4.0,72.0,3.5714285714285716,3.857142857142857,1,Karir Linear
12.0,6.0,5.0,,,5,3.0,,5.0,4,3,,S1 Teknik Sipil,5.0,,,,,10.0,,5.0,,,0,3,5,Pilihan,5.0,5.0,5.0,,,,5.0,24.0,4.285714285714286,4.714285714285714,0,Karir Lintas Jalur
1.0,1.0,4.0,,,5,4.0,,4.0,5,5,,S1 Teknik Sipil,5.0,,,,,1.0,,4.0,,,0,5,5,,4.0,4.0,5.0,,,,4.0,0.0,5.0,4.0,1,Karir Linear
10.0,4.0,4.0,,,5,2.0,,5.0,5,4,,S1 Teknik Sipil,5.0,,,,,5.0,,4.0,,,0,5,5,Pilihan,3.0,4.0,5.0,,,,4.0,6.0,4.857142857142857,3.7142857142857144,0,Karir Lintas Jalur
5.0,2.0,4.0,,,3,3.0,,4.0,4,3,,S1 Teknik Sipil,3.0,,,,,2.0,,4.0,,,0,3,3,Pilihan,4.0,4.0,3.0,,,,4.0,3.0,3.142857142857143,3.857142857142857,3,Karir Elit
1.0,1.0,3.0,Pilihan,Pilihan,4,4.0,,4.0,4,4,,S1 Teknik Sipil,4.0,,,,Pilihan,1.0,,4.0,,,0,4,4,,4.0,3.0,4.0,,Pilihan,Pilihan,4.0,3.0,4.0,3.7142857142857144,1,Karir Linear
1.0,2.0,4.0,Pilihan,,4,3.0,,4.0,4,4,,S1 Teknik Sipil,4.0,,,,,2.0,,4.0,,,0,4,4,Pilihan,4.0,4.0,4.0,,,,5.0,3.0,4.0,4.0,3,Karir Elit
10.0,7.0,4.0,,,4,4.0,,5.0,4,4,,S1 Teknik Sipil,3.0,,,,,7.0,,5.0,,,0,3,3,Pilihan,5.0,5.0,3.0,,,,5.0,6.0,3.4285714285714284,4.714285714285714,0,Karir Lintas Jalur
3.0,3.0,5.0,,Pilihan,4,5.0,,5.0,5,5,,S1 Teknik Sipil,4.0,,,,,3.0,,5.0,,,0,4,4,Pilihan,5.0,5.0,5.0,,,,5.0,4.0,4.428571428571429,5.0,1,Karir Linear
2.0,1.0,5.0,Pilihan,,3,5.0,,5.0,5,5,,S1 Teknik Sipil,3.0,,,,,1.0,,5.0,,,0,3,3,Pilihan,4.0,5.0,3.0,Pilihan,Pilihan,,5.0,12.0,3.5714285714285716,4.857142857142857,1,Karir Linear
1.0,1.0,5.0,,,5,3.0,,4.0,5,5,,S1 Teknik Sipil,5.0,,,,,1.0,,5.0,Pilihan,,0,5,5,,4.0,4.0,5.0,,,,4.0,48.0,5.0,4.142857142857143,2,Karir Tertunda
7.0,5.0,5.0,,,5,3.0,,5.0,5,5,,S1 Teknik Sipil,5.0,,,,,5.0,Pilihan,5.0,,,Skk QS,5,5,,5.0,5.0,5.0,,,,5.0,24.0,5.0,4.714285714285714,0,Karir Lintas Jalur
20.0,10.0,4.0,,,5,4.0,,5.0,5,4,,S1 Teknik Sipil,4.0,,,,,10.0,,5.0,,,0,5,5,Pilihan,4.0,4.0,5.0,,,,5.0,-6.0,4.714285714285714,4.428571428571429,0,Karir Lintas Jalur
4.0,4.0,5.0,Pilihan,Pilihan,4,5.0,,5.0,4,4,,S1 Teknik Sipil,4.0,,,,,4.0,,5.0,,,0,4,4,,5.0,5.0,4.0,,Pilihan,,5.0,20.0,4.0,5.0,0,Karir Lintas Jalur
1.0,2.0,4.0,,,4,4.0,,4.0,4,4,,S1 Teknik Sipil,3.0,,,,Pilihan,3.0,,4.0,,,0,3,3,Pilihan,4.0,4.0,4.0,,,,4.0,2.0,3.5714285714285716,4.0,3,Karir Elit
3.0,1.0,4.0,,Pilihan,4,4.0,,5.0,4,4,,S1 Teknik Sipil,4.0,,,,,3.0,,4.0,,,0,4,4,,5.0,4.0,4.0,,,,4.0,1.0,4.0,4.285714285714286,1,Karir Linear
30.0,4.0,4.0,,,4,3.0,,5.0,5,3,,S1 Teknik Sipil,4.0,,,,,6.0,,4.0,,,0,4,4,Pilihan,3.0,4.0,4.0,,,,5.0,12.0,4.0,4.0,1,Karir Linear
2.0,1.0,4.0,,,4,4.0,,4.0,4,4,,S1 Teknik Sipil,4.0,,,,,1.0,,4.0,,,0,4,4,,4.0,4.0,4.0,,,Pilihan,4.0,3.0,4.0,4.0,1,Karir Linear
60.0,20.0,3.0,,,4,3.0,,4.0,4,4,,S1 Teknik Sipil,4.0,,,,,30.0,,3.0,,,0,4,2,Pilihan,3.0,3.0,4.0,,,,3.0,-1.0,3.7142857142857144,3.142857142857143,1,Karir Linear
25.0,10.0,4.0,,,4,5.0,,5.0,3,4,,S1 Teknik Sipil,3.0,,,,,15.0,,3.0,,,0,3,2,Pilihan,4.0,3.0,2.0,Pilihan,,,4.0,-6.0,3.0,4.0,1,Karir Linear
5.0,5.0,4.0,,,4,4.0,,4.0,4,4,,S1 Teknik Sipil,2.0,,,,Pilihan,1.0,,4.0,,,0,3,4,,4.0,4.0,3.0,,,,4.0,11.0,3.4285714285714284,4.0,1,Karir Linear
5.0,5.0,5.0,Pilihan,,2,4.0,,5.0,3,3,,S1 Teknik Mesin,3.0,,,,,5.0,,4.0,,,,3,2,,4.0,5.0,3.0,,,,4.0,12.0,2.7142857142857144,4.428571428571429,1,Karir Linear
20.0,7.0,3.0,,Pilihan,3,3.0,,3.0,3,3,,S1 Teknik Mesin,3.0,,,,,10.0,,3.0,,,,3,3,,3.0,3.0,3.0,,,,3.0,2.0,3.0,3.0,0,Karir Lintas Jalur
2.0,2.0,3.0,Pilihan,Pilihan,5,2.0,,3.0,5,5,,S1 Teknik Mesin,5.0,,,,,2.0,,3.0,,,,5,5,,3.0,3.0,5.0,,,,3.0,12.0,5.0,2.857142857142857,1,Karir Linear
20.0,5.0,4.0,Pilihan,Pilihan,2,4.0,,4.0,5,3,,S1 Teknik Mesin,2.0,Pilihan,,Pilihan,,5.0,Pilihan,4.0,,,,2,2,Pilihan,4.0,4.0,2.0,,Pilihan,,4.0,8.0,2.5714285714285716,4.0,3,Karir Elit
9.0,3.0,5.0,,,1,3.0,,5.0,5,4,,S1 Teknik Mesin,5.0,,,,Pilihan,5.0,,5.0,,,,4,4,,5.0,5.0,4.0,,,,5.0,12.0,3.857142857142857,4.714285714285714,1,Karir Linear
1.0,0.0,4.0,,,4,3.0,,4.0,4,4,,S1 Teknik Mesin,4.0,,,,,1.0,,4.0,Pilihan,,,4,4,,5.0,4.0,4.0,,,,5.0,-3.0,4.0,4.142857142857143,1,Karir Linear
2.0,2.0,4.0,Pilihan,,4,3.0,,4.0,5,4,,S1 Teknik Mesin,4.0,,,,Pilihan,2.0,,4.0,,,,4,4,Pilihan,3.0,4.0,5.0,,Pilihan,,4.0,1.0,4.285714285714286,3.7142857142857144,3,Karir Elit
30.0,15.0,4.0,Pilihan,Pilihan,3,3.0,,5.0,4,4,,S1 Teknik Mesin,3.0,,,,,20.0,,4.0,,,,3,3,Pilihan,3.0,5.0,2.0,,Pilihan,,5.0,2.0,3.142857142857143,4.142857142857143,0,Karir Lintas Jalur
10.0,8.0,4.0,,,4,3.0,,4.0,4,3,,S1 Teknik Mesin,4.0,Pilihan,,Pilihan,,8.0,,4.0,,,,4,4,Pilihan,4.0,4.0,4.0,,,,4.0,0.0,3.857142857142857,3.857142857142857,0,Karir Lintas Jalur
0.0,0.0,4.0,,,4,4.0,,5.0,3,4,,S1 Teknik Mesin,3.0,,,,,0.0,,4.0,,,,5,4,Pilihan,4.0,4.0,3.0,,,,4.0,0.0,3.7142857142857144,4.142857142857143,3,Karir Elit
10.0,8.0,3.0,,Pilihan,3,3.0,,4.0,3,2,,S1 Teknik Mesin,2.0,,,,,8.0,Pilihan,4.0,,,,2,2,,4.0,4.0,3.0,,,,4.0,-1.0,2.4285714285714284,3.7142857142857144,0,Karir Lintas Jalur
10.0,4.0,5.0,,,4,5.0,,5.0,5,4,,S1 Teknik Mesin,5.0,Pilihan,,,,4.0,,5.0,,,1. Sertifikasi Pemeriksa Sarana Perkeretaapian Berpenggerak Listrik dari Direktorat Jenderal Perkeretaapian 2. Sertifikasi Perawat Sarana Perkeretaapian Berpenggerak Listrik dari Direktorat Jenderal Perkeretaapian 3. Sertifikasi Tenaga Kerja Pada Ketinggian Tingkat 1 Dari DJKA,4,3,Pilihan,5.0,5.0,4.0,Pilihan,,,5.0,2.0,4.142857142857143,5.0,1,Karir Linear
20.0,5.0,5.0,Pilihan,Pilihan,3,5.0,,5.0,5,5,,S1 Teknik Mesin,3.0,Pilihan,,,,10.0,,5.0,,,0,3,3,Pilihan,3.0,5.0,3.0,,Pilihan,,5.0,6.0,3.5714285714285716,4.714285714285714,3,Karir Elit
30.0,2.0,5.0,Pilihan,,5,3.0,,5.0,4,5,,S1 Teknik Mesin,5.0,,,,,10.0,Pilihan,5.0,Pilihan,,FILLET WELDER SMAW 3F,5,5,Pilihan,5.0,5.0,5.0,,,,5.0,3.0,4.857142857142857,4.714285714285714,1,Karir Linear
3.0,2.0,4.0,,,4,4.0,,5.0,4,4,,S1 Teknik Mesin,4.0,,,,,3.0,,4.0,,,sertifikat kompetensi Supervisi Komisioning pada PLTMH dari lembaga hatekdis berlaku hingga 09 November 2025,4,4,,5.0,4.0,4.0,,,,4.0,0.0,4.0,4.285714285714286,3,Karir Elit
52.0,16.0,4.0,,,5,3.0,,5.0,5,5,,S1 Teknik Mesin,2.0,,,,,35.0,,4.0,,,0,5,5,Pilihan,4.0,4.0,5.0,,,,4.0,3.0,4.571428571428571,4.0,3,Karir Elit
3.0,3.0,5.0,,,3,3.0,,5.0,3,2,,S1 Teknik Mesin,2.0,,,,,3.0,Pilihan,5.0,,,0,2,3,Pilihan,5.0,5.0,2.0,,,,5.0,1.0,2.4285714285714284,4.714285714285714,3,Karir Elit
4.0,3.0,4.0,,,5,3.0,,5.0,5,5,,S1 Teknik Mesin,5.0,,,,,4.0,,4.0,,,0,5,5,,5.0,5.0,5.0,,,,5.0,0.0,5.0,4.428571428571429,1,Karir Linear
3.0,2.0,4.0,Pilihan,,5,3.0,,5.0,5,5,,S1 Teknik Mesin,5.0,Pilihan,,,Pilihan,3.0,,4.0,,,0,5,3,,4.0,4.0,5.0,,,,5.0,3.0,4.714285714285714,4.142857142857143,1,Karir Linear
15.0,8.0,4.0,Pilihan,,5,4.0,,5.0,5,5,,S1 Teknik Mesin,5.0,,,,,10.0,Pilihan,4.0,,,• Solidworks Professional – Mechanical Design • Solidworks Professional – Drawing Tools • Solidworks Professional – Surfacing • Solidworks Professional – Sheet Metal • Solidworks Professional – Weldments,5,5,,4.0,4.0,5.0,,Pilihan,,4.0,5.0,5.0,4.142857142857143,0,Karir Lintas Jalur
10.0,5.0,4.0,,,5,4.0,,3.0,5,4,,S1 Teknik Mesin,5.0,Pilihan,,,,10.0,,5.0,,,Sertifikat Dasar Perawatan Pesawat Udara,5,5,,3.0,4.0,4.0,,,,5.0,12.0,4.714285714285714,4.0,0,Karir Lintas Jalur
25.0,5.0,4.0,,,2,4.0,,4.0,2,2,,S1 Teknik Mesin,2.0,Pilihan,,Pilihan,,10.0,,4.0,,,0,2,2,Pilihan,4.0,4.0,2.0,Pilihan,,,4.0,-4.0,2.0,4.0,3,Karir Elit
7.0,3.0,4.0,,,5,3.0,,5.0,5,5,,S1 Teknik Mesin,5.0,,,,,5.0,Pilihan,4.0,,,0,5,5,,4.0,5.0,5.0,,,,5.0,1.0,5.0,4.285714285714286,1,Karir Linear
15.0,5.0,4.0,Pilihan,,3,4.0,,4.0,4,4,,S1 Teknik Mesin,3.0,Pilihan,,Pilihan,,5.0,Pilihan,4.0,,,0,4,4,Pilihan,4.0,4.0,4.0,Pilihan,,Pilihan,4.0,3.0,3.7142857142857144,4.0,1,Karir Linear
5.0,3.0,4.0,,,3,4.0,,5.0,4,3,,S1 Teknik Mesin,3.0,,,,,5.0,,4.0,,,0,3,3,,4.0,4.0,3.0,Pilihan,,,4.0,3.0,3.142857142857143,4.142857142857143,1,Karir Linear
5.0,4.0,5.0,,,4,3.0,,5.0,5,5,,S1 Teknik Mesin,4.0,,,,Pilihan,4.0,,5.0,,,0,4,4,,5.0,5.0,4.0,,,Pilihan,5.0,24.0,4.285714285714286,4.714285714285714,2,Karir Tertunda
2.0,2.0,4.0,,Pilihan,4,3.0,,3.0,4,4,,S1 Teknik Mesin,4.0,,,,,2.0,,4.0,,,0,4,3,,4.0,4.0,4.0,,,,4.0,40.0,3.857142857142857,3.7142857142857144,2,Karir Tertunda
5.0,2.0,5.0,Pilihan,Pilihan,5,5.0,,5.0,5,5,,S1 Teknik Mesin,5.0,,,,,3.0,,5.0,,,POP TOT,5,5,,5.0,5.0,5.0,Pilihan,,,5.0,10.0,5.0,5.0,0,Karir Lintas Jalur
3.0,1.0,4.0,,,5,5.0,,5.0,5,5,,S1 Teknik Mesin,3.0,,,,,1.0,,4.0,,,0,4,5,Pilihan,5.0,4.0,4.0,Pilihan,,,3.0,24.0,4.428571428571429,4.285714285714286,1,Karir Linear
2.0,1.0,4.0,,Pilihan,4,3.0,,4.0,4,4,,S1 Teknik Mesin,4.0,,,,Pilihan,1.0,,3.0,,,0,4,2,,3.0,4.0,4.0,,,,4.0,36.0,3.7142857142857144,3.5714285714285716,2,Karir Tertunda
20.0,7.0,5.0,,,3,4.0,,4.0,4,5,,S1 Teknik Mesin,3.0,,,,Pilihan,7.0,Pilihan,4.0,,,0,3,2,Pilihan,4.0,5.0,4.0,Pilihan,,,4.0,4.0,3.4285714285714284,4.285714285714286,0,Karir Lintas Jalur
7.0,5.0,4.0,,,4,3.0,,4.0,5,5,,S1 Teknik Mesin,4.0,,,,Pilihan,5.0,,4.0,,,0,4,4,Pilihan,4.0,4.0,4.0,,,,4.0,24.0,4.285714285714286,3.857142857142857,3,Karir Elit
6.0,1.0,4.0,Pilihan,,3,3.0,,5.0,3,4,,S1 Teknik Mesin,4.0,,,,,2.0,,4.0,,,0,3,3,Pilihan,3.0,4.0,3.0,,,,5.0,4.0,3.2857142857142856,4.0,0,Karir Lintas Jalur
30.0,20.0,4.0,,,4,3.0,,4.0,4,4,,S1 Teknik Mesin,4.0,,,Pilihan,,25.0,,3.0,,,0,4,4,Pilihan,4.0,4.0,4.0,,Pilihan,,4.0,18.0,4.0,3.7142857142857144,0,Karir Lintas Jalur
4.0,2.0,2.0,Pilihan,,1,3.0,,2.0,1,1,,S1 Teknik Mesin,1.0,,,,,2.0,,2.0,,,0,1,1,Pilihan,3.0,2.0,1.0,,,,2.0,-5.0,1.0,2.2857142857142856,0,Karir Lintas Jalur
25.0,5.0,4.0,Pilihan,,4,4.0,,4.0,4,4,,S1 Teknik Mesin,4.0,,,Pilihan,,10.0,,4.0,,,Memulai Pemrograman dengan python,4,4,Pilihan,4.0,4.0,4.0,Pilihan,Pilihan,,4.0,12.0,4.0,4.0,1,Karir Linear
2.0,19.0,5.0,Pilihan,Pilihan,4,4.0,,4.0,5,5,,S1 Teknik Informatika,5.0,,,,,13.0,,5.0,,,,5,5,,4.0,5.0,4.0,,Pilihan,,4.0,23.0,4.714285714285714,4.428571428571429,2,Karir Tertunda
50.0,10.0,4.0,,Pilihan,3,3.0,,4.0,5,4,Pilihan,S1 Teknik Informatika,4.0,,,Pilihan,Pilihan,10.0,,4.0,,,,4,4,Pilihan,5.0,3.0,4.0,,,,4.0,18.0,4.0,3.857142857142857,0,Karir Lintas Jalur
2.0,2.0,5.0,Pilihan,,5,4.0,,4.0,5,5,,S1 Teknik Informatika,5.0,,,,,2.0,,5.0,,,,5,5,,5.0,5.0,5.0,,,,5.0,48.0,5.0,4.714285714285714,1,Karir Linear
100.0,20.0,5.0,,,4,4.0,,5.0,4,5,,S1 Teknik Informatika,4.0,,,,,20.0,,4.0,Pilihan,,,4,4,Pilihan,5.0,5.0,4.0,,,,5.0,22.0,4.142857142857143,4.714285714285714,2,Karir Tertunda
40.0,4.0,5.0,Pilihan,,4,5.0,,5.0,4,4,,S1 Teknik Informatika,4.0,,,,,10.0,,5.0,,,,4,4,,5.0,5.0,4.0,,,Pilihan,5.0,3.0,4.0,5.0,3,Karir Elit
0.0,1.0,5.0,,Pilihan,5,5.0,,5.0,5,5,,S1 Teknik Informatika,5.0,,,,,1.0,,5.0,,,,5,5,,5.0,5.0,5.0,,,,5.0,48.0,5.0,5.0,2,Karir Tertunda
4.0,1.0,3.0,,,3,3.0,,4.0,3,3,,S1 Teknik Informatika,3.0,,,,,2.0,Pilihan,3.0,,,,2,2,,3.0,3.0,2.0,,,,3.0,-5.0,2.5714285714285716,3.142857142857143,0,Karir Lintas Jalur
4.0,2.0,4.0,Pilihan,,4,4.0,,4.0,4,3,,S1 Teknik Informatika,4.0,,,,,2.0,,3.0,,,,4,3,,4.0,3.0,3.0,,Pilihan,,3.0,12.0,3.5714285714285716,3.5714285714285716,0,Karir Lintas Jalur
5.0,3.0,5.0,Pilihan,Pilihan,1,4.0,,5.0,4,3,,S1 Teknik Informatika,3.0,,,,Pilihan,3.0,,5.0,,,,4,3,Pilihan,4.0,4.0,4.0,,Pilihan,,4.0,48.0,3.142857142857143,4.428571428571429,2,Karir Tertunda
5.0,3.0,4.0,,,3,4.0,,5.0,3,3,,S1 Teknik Informatika,3.0,,,,,3.0,,4.0,,,,3,3,,4.0,4.0,3.0,,,,5.0,1.0,3.0,4.285714285714286,3,Karir Elit
5.0,2.0,3.0,Pilihan,,3,4.0,,4.0,3,3,,S1 Teknik Informatika,3.0,,,,,2.0,,4.0,,,,3,3,Pilihan,3.0,4.0,3.0,,,,4.0,-2.0,3.0,3.7142857142857144,1,Karir Linear
5.0,5.0,4.0,Pilihan,Pilihan,3,3.0,,5.0,3,3,Pilihan,S1 Teknik Informatika,4.0,Pilihan,,Pilihan,Pilihan,5.0,Pilihan,4.0,,,,4,4,Pilihan,3.0,4.0,4.0,Pilihan,Pilihan,Pilihan,4.0,0.0,3.5714285714285716,3.857142857142857,1,Karir Linear
10.0,6.0,5.0,,,5,4.0,,5.0,5,5,,S1 Teknik Informatika,5.0,,,,Pilihan,10.0,,5.0,,,,5,5,Pilihan,5.0,5.0,5.0,,Pilihan,,5.0,-6.0,5.0,4.857142857142857,1,Karir Linear
100.0,5.0,4.0,,,4,3.0,,5.0,5,5,,S1 Teknik Informatika,4.0,,,,,30.0,,5.0,,,,4,4,Pilihan,4.0,5.0,4.0,,,,5.0,0.0,4.285714285714286,4.428571428571429,0,Karir Lintas Jalur
50.0,10.0,4.0,,,3,4.0,,5.0,4,3,,S1 Teknik Informatika,2.0,,,,,20.0,,4.0,,,,1,2,Pilihan,4.0,4.0,3.0,,,,4.0,0.0,2.5714285714285716,4.142857142857143,0,Karir Lintas Jalur
3.0,3.0,5.0,Pilihan,,1,4.0,,5.0,5,5,,S1 Teknik Informatika,1.0,,,,,3.0,,5.0,,,,1,2,,5.0,5.0,1.0,,,,5.0,30.0,2.2857142857142856,4.857142857142857,2,Karir Tertunda
7.0,4.0,3.0,Pilihan,,2,3.0,,3.0,3,3,,S1 Teknik Informatika,3.0,,,,,4.0,,3.0,,,,3,2,,2.0,3.0,3.0,,,,3.0,6.0,2.7142857142857144,2.857142857142857,0,Karir Lintas Jalur
3.0,2.0,4.0,Pilihan,,2,3.0,,4.0,2,2,,S1 Teknik Informatika,3.0,,,,,2.0,,4.0,,,,3,3,,4.0,4.0,3.0,,,,4.0,0.0,2.5714285714285716,3.857142857142857,1,Karir Linear
30.0,7.0,5.0,Pilihan,Pilihan,3,4.0,,5.0,4,4,,S1 Teknik Informatika,4.0,,,,,10.0,,5.0,,,,4,3,Pilihan,5.0,5.0,4.0,,Pilihan,,5.0,2.0,3.7142857142857144,4.857142857142857,2,Karir Tertunda
5.0,2.0,4.0,,,5,,,,5,5,,S1 Teknik Informatika,5.0,,,,,2.0,,4.0,,,,5,5,,,4.0,5.0,,,,4.0,48.0,5.0,4.0,1,Karir Linear
3.0,5.0,5.0,,Pilihan,4,4.0,,5.0,4,4,,S1 Teknik Informatika,5.0,,,,Pilihan,5.0,,5.0,,,0,4,5,,5.0,5.0,5.0,,,,5.0,1.0,4.428571428571429,4.857142857142857,3,Karir Elit
3.0,1.0,5.0,Pilihan,Pilihan,3,4.0,,4.0,3,3,,S1 Teknik Informatika,5.0,,,,,1.0,,5.0,,,0,5,2,,3.0,4.0,3.0,,,,4.0,12.0,3.4285714285714284,4.142857142857143,1,Karir Linear
15.0,10.0,5.0,,,4,4.0,,5.0,5,5,,S1 Teknik Informatika,4.0,,,,,12.0,,5.0,,,-Menjadi Android Developer Expert dari Dicoding Indonesia (exp Mei 2025) -Belajar Membuat Aplikasi Android dengan Jetpack Compose dari Dicoding Indonesia (exp Nov 2025) -Belajar Android Jetpack Pro dari Dicoding Indonesia (exp Mar 2025) -Belajar Pengembangan Aplikasi Android Intermediate dari Dicoding Indonesia (exp Nov 2025) -Belajar Fundamental Aplikasi Android dari Dicoding Indonesia (exp Jul 2024) -Belajar Prinsip Pemrogaman SOLID dari Dicoding Indonesia (exp Agu 2023) -Belajar Membuat Aplikasi Android Untuk Pemula dari Dicoding Indonesia (exp Agu 2024) -Belajar Membuat Aplikasi iOS untuk Pemula dari Dicoding Indonesia (exp Nov 2025) -Memulai Pemrogaman Dengan Kotlin dari Dicoding Indonesia (exp Jul 2023) -Memulai Pemrogaman Dengan Java dari Dicoding Indonesia (exp Mei 2025) -Memulai Pemrograman Dengan Swift dari Dicoding Indonesia (exp Nov 2025) -Belajar Dasar Git dengan Github dari Dicoding Indonesia (exp Mei 2025),4,3,Pilihan,5.0,5.0,5.0,,,,5.0,-5.0,4.285714285714286,4.857142857142857,1,Karir Linear
1.0,1.0,5.0,,Pilihan,3,5.0,,5.0,3,3,,S1 Teknik Informatika,3.0,,,,,1.0,,5.0,,,0,3,2,Pilihan,5.0,5.0,3.0,,Pilihan,,5.0,48.0,2.857142857142857,5.0,1,Karir Linear
2.0,2.0,4.0,,,3,4.0,,4.0,3,3,,S1 Teknik Informatika,3.0,,,,,2.0,,4.0,,,Ruijie Network Associated,3,3,,4.0,4.0,3.0,,,,4.0,0.0,3.0,4.0,3,Karir Elit
1.0,1.0,3.0,,,4,3.0,,5.0,4,4,,S1 Teknik Informatika,3.0,,,,,1.0,,4.0,Pilihan,,0,3,4,Pilihan,4.0,4.0,4.0,,,,4.0,1.0,3.7142857142857144,3.857142857142857,0,Karir Lintas Jalur
60.0,5.0,5.0,,Pilihan,5,4.0,,5.0,4,5,,S1 Teknik Informatika,4.0,,,,,20.0,,3.0,,,CCNA & PL/SQL Oracle,4,5,Pilihan,4.0,4.0,5.0,,Pilihan,,5.0,1.0,4.571428571428571,4.285714285714286,0,Karir Lintas Jalur
3.0,2.0,4.0,,,5,2.0,,4.0,5,3,,S1 Teknik Informatika,3.0,,,,,2.0,,3.0,,,-Splunk Accredited Sales Rep 1  -Splunk Accredited Sales Rep 2,2,1,,3.0,5.0,4.0,,,,5.0,0.0,3.2857142857142856,3.7142857142857144,0,Karir Lintas Jalur
5.0,3.0,4.0,,,4,4.0,,5.0,4,4,,S1 Teknik Informatika,4.0,Pilihan,,Pilihan,,33.0,,4.0,,,0,4,4,Pilihan,4.0,4.0,4.0,,,,4.0,9.0,4.0,4.142857142857143,0,Karir Lintas Jalur
14.0,11.0,5.0,,,5,5.0,,5.0,5,5,,S1 Teknik Informatika,5.0,,,,,10.0,,5.0,,,0,5,5,Pilihan,5.0,5.0,5.0,,Pilihan,,5.0,2.0,5.0,5.0,1,Karir Linear
200.0,7.0,1.0,Pilihan,,2,2.0,,2.0,3,2,,S1 Teknik Informatika,3.0,,,,,15.0,,1.0,,,"Pl/SQL, CSCU, CCNA",3,3,,1.0,1.0,3.0,,,,1.0,1.0,2.7142857142857144,1.2857142857142858,0,Karir Lintas Jalur
10.0,5.0,4.0,Pilihan,,4,3.0,,4.0,5,4,,S1 Teknik Informatika,3.0,,,,,5.0,,4.0,,,0,4,3,Pilihan,4.0,4.0,4.0,,,,4.0,12.0,3.857142857142857,3.857142857142857,1,Karir Linear
100.0,50.0,5.0,,,5,4.0,,5.0,5,5,,S1 Teknik Informatika,5.0,,,,,75.0,,5.0,,,0,4,4,Pilihan,4.0,5.0,4.0,,,,5.0,-5.0,4.571428571428571,4.714285714285714,0,Karir Lintas Jalur
50.0,5.0,4.0,Pilihan,,4,4.0,,4.0,4,4,,S1 Teknik Informatika,4.0,,,,,10.0,,4.0,,,"CCNA (1,2,3) & Oracle",5,5,Pilihan,4.0,4.0,5.0,,,,4.0,-1.0,4.428571428571429,4.0,0,Karir Lintas Jalur
24.0,11.0,5.0,,,5,5.0,,5.0,5,5,,S1 Teknik Informatika,5.0,Pilihan,,,,15.0,Pilihan,5.0,,,CCNA ORACLE,5,5,Pilihan,5.0,5.0,5.0,,,Pilihan,5.0,48.0,5.0,5.0,1,Karir Linear
2.0,2.0,5.0,Pilihan,,4,4.0,,5.0,5,5,,S1 Teknik Informatika,5.0,,,,,2.0,,5.0,,,0,5,5,,4.0,5.0,5.0,,,,5.0,3.0,4.857142857142857,4.714285714285714,0,Karir Lintas Jalur
20.0,10.0,5.0,Pilihan,,5,3.0,,5.0,5,5,,S1 Teknik Informatika,5.0,,,,,10.0,,5.0,,,0,5,5,,5.0,5.0,5.0,,,,5.0,6.0,5.0,4.714285714285714,3,Karir Elit
1.0,1.0,4.0,Pilihan,,3,3.0,,4.0,3,3,,S1 Teknik Informatika,3.0,,,,,1.0,,4.0,,,MikroTik Certified Network Associate (MTCNA) : 2025/04/02,3,3,,4.0,3.0,3.0,,,,4.0,12.0,3.0,3.7142857142857144,1,Karir Linear
25.0,1.0,5.0,,,5,3.0,,5.0,5,5,,S1 Teknik Informatika,4.0,Pilihan,,Pilihan,,5.0,Pilihan,5.0,,,0,5,2,Pilihan,5.0,4.0,4.0,,,,5.0,24.0,4.285714285714286,4.571428571428571,0,Karir Lintas Jalur
6.0,6.0,5.0,,Pilihan,4,5.0,,5.0,4,4,,S1 Teknik Informatika,4.0,,,,,6.0,,5.0,,,0,4,4,,5.0,5.0,4.0,,Pilihan,Pilihan,5.0,6.0,4.0,5.0,3,Karir Elit
3.0,1.0,4.0,,Pilihan,3,3.0,,5.0,5,2,,S1 Teknik Informatika,3.0,,,,,1.0,,4.0,,,0,3,3,,3.0,4.0,3.0,,,,4.0,18.0,3.142857142857143,3.857142857142857,0,Karir Lintas Jalur
10.0,4.0,5.0,Pilihan,,4,3.0,,5.0,5,4,,S1 Teknik Informatika,5.0,,,,,5.0,,4.0,,,Bootcamp PKS Digital School,5,5,Pilihan,5.0,4.0,5.0,,Pilihan,,5.0,12.0,4.714285714285714,4.428571428571429,0,Karir Lintas Jalur
2.0,2.0,5.0,,Pilihan,4,4.0,,4.0,4,4,,S1 Teknik Informatika,4.0,,,,,2.0,,4.0,,,0,4,2,,4.0,4.0,4.0,,,,4.0,42.0,3.7142857142857144,4.142857142857143,2,Karir Tertunda
20.0,6.0,4.0,,,4,3.0,,4.0,4,4,,S1 Teknik Informatika,4.0,,,Pilihan,,6.0,,4.0,,,IT SUPPORT (COURSERA),4,4,Pilihan,4.0,4.0,4.0,,,,4.0,-6.0,4.0,3.857142857142857,1,Karir Linear
30.0,8.0,5.0,Pilihan,Pilihan,2,3.0,,4.0,2,3,,S1 Teknik Informatika,3.0,,,,,23.0,,4.0,,,"CCNA 1, PL/SQL Oracle",3,1,Pilihan,4.0,5.0,2.0,,Pilihan,,3.0,3.0,2.2857142857142856,4.0,1,Karir Linear
1.0,1.0,5.0,,,5,5.0,,5.0,5,5,,S1 Teknik Informatika,5.0,,,,,1.0,Pilihan,5.0,,,0,5,5,,5.0,5.0,5.0,,,,5.0,1.0,5.0,5.0,1,Karir Linear
50.0,3.0,5.0,Pilihan,,4,4.0,,5.0,5,3,,S1 Teknik Informatika,3.0,,,,Pilihan,5.0,Pilihan,4.0,,,"Ccna, pl/sql oracle, python",3,2,Pilihan,4.0,5.0,3.0,,,,5.0,6.0,3.2857142857142856,4.571428571428571,1,Karir Linear
15.0,7.0,5.0,Pilihan,,3,5.0,,4.0,3,3,,S1 Teknik Informatika,4.0,,,,Pilihan,10.0,,5.0,,,0,4,4,,4.0,5.0,4.0,,Pilihan,,5.0,6.0,3.5714285714285716,4.714285714285714,0,Karir Lintas Jalur
1.0,1.0,5.0,Pilihan,Pilihan,3,3.0,,4.0,3,2,,S1 Teknik Informatika,3.0,,,,,1.0,Pilihan,4.0,,,0,3,3,,4.0,5.0,3.0,,,,4.0,48.0,2.857142857142857,4.142857142857143,2,Karir Tertunda
1.0,10.0,4.0,,Pilihan,3,4.0,,4.0,3,3,,S1 Teknik Informatika,3.0,,,,,10.0,,4.0,,,0,3,3,,4.0,4.0,3.0,,,,4.0,48.0,3.0,4.0,3,Karir Elit
5.0,2.0,4.0,,,5,4.0,,4.0,5,5,,S1 Teknik Informatika,5.0,,,,,2.0,,4.0,,,Belum Ada,5,5,Pilihan,4.0,4.0,5.0,,,,4.0,25.0,5.0,4.0,2,Karir Tertunda
50.0,5.0,4.0,,,2,4.0,,4.0,2,2,,S1 Teknik Informatika,2.0,,,,,10.0,,4.0,,,0,2,2,Pilihan,4.0,4.0,2.0,,,Pilihan,4.0,-1.0,2.0,4.0,0,Karir Lintas Jalur
18.0,12.0,4.0,Pilihan,,4,3.0,,5.0,4,4,,S1 Teknik Informatika,3.0,,,,,12.0,,4.0,,,-,3,2,,4.0,4.0,3.0,,,,4.0,24.0,3.2857142857142856,4.0,0,Karir Lintas Jalur
10.0,3.0,4.0,,,5,4.0,,3.0,4,4,,S1 Teknik Informatika,5.0,,,,,3.0,,4.0,Pilihan,,0,5,5,Pilihan,3.0,4.0,4.0,,,,4.0,-3.0,4.571428571428571,3.7142857142857144,3,Karir Elit
1.0,1.0,4.0,,,4,4.0,,5.0,4,5,,S1 Teknik Informatika,4.0,,,,,1.0,,5.0,Pilihan,,0,4,4,,4.0,5.0,4.0,,,,5.0,48.0,4.142857142857143,4.571428571428571,2,Karir Tertunda
40.0,12.0,5.0,,,2,5.0,,4.0,5,3,,S1 Teknik Informatika,3.0,,,,,15.0,,3.0,,,0,2,2,Pilihan,3.0,5.0,3.0,,,,4.0,-1.0,2.857142857142857,4.142857142857143,0,Karir Lintas Jalur
1.0,10.0,5.0,Pilihan,,5,3.0,,5.0,5,4,,S1 Teknik Informatika,4.0,,,,Pilihan,20.0,,4.0,,,"Sertifikasi Senior Programmer dari BNSP, berlaku 3 tahun",5,4,Pilihan,5.0,4.0,5.0,,Pilihan,,4.0,48.0,4.571428571428571,4.285714285714286,2,Karir Tertunda
3.0,2.0,4.0,Pilihan,Pilihan,4,3.0,,5.0,4,5,,S1 Teknik Informatika,5.0,,,,,2.0,,4.0,,,0,5,4,,5.0,4.0,5.0,,,,4.0,2.0,4.571428571428571,4.142857142857143,1,Karir Linear
5.0,4.0,5.0,Pilihan,,5,4.0,,5.0,5,5,,S1 Teknik Informatika,5.0,,,,,4.0,,5.0,,,0,4,5,Pilihan,5.0,5.0,5.0,,Pilihan,,5.0,6.0,4.857142857142857,4.857142857142857,1,Karir Linear
2.0,2.0,3.0,,,2,4.0,,3.0,3,3,,S1 Teknik Informatika,3.0,,,,Pilihan,2.0,,3.0,,,0,3,3,,3.0,3.0,2.0,,,,3.0,24.0,2.7142857142857144,3.142857142857143,0,Karir Lintas Jalur
100.0,10.0,5.0,,,3,4.0,,5.0,3,4,,S1 Teknik Informatika,2.0,,,,,10.0,,5.0,,,"BNSP, Comptia-Server, CISDV-EXCEL",2,2,,5.0,5.0,2.0,,,,5.0,0.0,2.5714285714285716,4.857142857142857,3,Karir Elit
5.0,1.0,4.0,Pilihan,,5,3.0,,5.0,3,3,,S1 Teknik Informatika,3.0,,,,,1.0,,4.0,,,0,3,3,,3.0,4.0,3.0,,,,4.0,3.0,3.2857142857142856,3.857142857142857,0,Karir Lintas Jalur
10.0,5.0,2.0,,,2,2.0,,2.0,2,2,,S1 Teknik Informatika,2.0,,,,,5.0,,2.0,,,0,2,2,Pilihan,2.0,2.0,2.0,,,,2.0,1.0,2.0,2.0,3,Karir Elit
1.0,10.0,4.0,Pilihan,Pilihan,3,4.0,,4.0,3,3,,S1 Teknik Informatika,3.0,,,,,10.0,,4.0,,,"CCNA , CCNP , NSE Fortigate 1 , NSE Fortigate 2 , NSE Fortigate 3 , NSE Fortigate 4 , NSE Fortigate 5 , FCP Professional Fortinet , Palo Alto , Versa Assosiate",3,3,,4.0,4.0,3.0,,,,4.0,1.0,3.0,4.0,3,Karir Elit
8.0,3.0,3.0,,,3,4.0,,4.0,3,4,,S1 Teknik Industri,4.0,,,,,5.0,,3.0,,,,4,3,,4.0,4.0,4.0,Pilihan,,Pilihan,3.0,10.0,3.5714285714285716,3.5714285714285716,1,Karir Linear
5.0,1.0,4.0,,,3,3.0,,5.0,3,3,,S1 Teknik Industri,3.0,,,,,1.0,,4.0,,,,3,3,Pilihan,4.0,5.0,3.0,,,,4.0,-10.0,3.0,4.142857142857143,3,Karir Elit
3.0,3.0,3.0,,Pilihan,4,3.0,,3.0,4,4,,S1 Teknik Industri,4.0,,,,,3.0,,3.0,,,,4,4,,3.0,3.0,4.0,,,,3.0,24.0,4.0,3.0,3,Karir Elit
10.0,5.0,4.0,,,2,2.0,,4.0,5,4,,S1 Teknik Industri,3.0,,,,Pilihan,7.0,,4.0,,,,5,2,Pilihan,5.0,5.0,4.0,,,,5.0,24.0,3.5714285714285716,4.142857142857143,0,Karir Lintas Jalur
1.0,1.0,5.0,,Pilihan,3,3.0,,5.0,3,3,,S1 Teknik Industri,2.0,,,,,1.0,,5.0,,,,2,3,,5.0,5.0,2.0,,,,5.0,1.0,2.5714285714285716,4.714285714285714,1,Karir Linear
4.0,4.0,3.0,,Pilihan,3,2.0,,4.0,3,3,,S1 Teknik Industri,3.0,Pilihan,,,,4.0,,4.0,,,,3,2,Pilihan,3.0,3.0,3.0,,,,4.0,3.0,2.857142857142857,3.2857142857142856,2,Karir Tertunda
10.0,1.0,4.0,Pilihan,,3,4.0,,5.0,3,3,,S1 Teknik Industri,3.0,,,,,10.0,,5.0,,,,3,3,,3.0,5.0,3.0,,,,5.0,2.0,3.0,4.428571428571429,1,Karir Linear
1.0,1.0,2.0,Pilihan,,1,2.0,,3.0,3,3,,S1 Teknik Industri,2.0,,,,,1.0,,3.0,,,,3,2,,2.0,3.0,3.0,,,,3.0,12.0,2.4285714285714284,2.5714285714285716,0,Karir Lintas Jalur
10.0,1.0,5.0,Pilihan,,3,3.0,,5.0,3,5,,S1 Teknik Industri,4.0,,,,,1.0,,5.0,,,,5,4,,3.0,5.0,4.0,,,,5.0,0.0,4.0,4.428571428571429,0,Karir Lintas Jalur
0.0,0.0,3.0,,,5,2.0,,3.0,5,5,,S1 Teknik Industri,5.0,,,,Pilihan,0.0,,3.0,,,,5,4,,2.0,3.0,5.0,,,Pilihan,3.0,0.0,4.857142857142857,2.7142857142857144,2,Karir Tertunda
60.0,0.0,4.0,Pilihan,,3,3.0,,4.0,3,4,,S1 Teknik Industri,2.0,Pilihan,,,,0.0,,4.0,,,,3,2,Pilihan,4.0,4.0,3.0,,Pilihan,,4.0,6.0,2.857142857142857,3.857142857142857,0,Karir Lintas Jalur
10.0,10.0,3.0,,Pilihan,3,3.0,,3.0,3,3,,S1 Teknik Industri,3.0,Pilihan,,Pilihan,,10.0,Pilihan,3.0,,,,3,3,Pilihan,3.0,3.0,3.0,,,,3.0,48.0,3.0,3.0,2,Karir Tertunda
10.0,5.0,4.0,,,3,4.0,,5.0,4,4,,S1 Teknik Industri,3.0,,,,,7.0,,4.0,,,,3,3,Pilihan,3.0,5.0,4.0,,,,5.0,0.0,3.4285714285714284,4.285714285714286,3,Karir Elit
5.0,3.0,4.0,,,3,4.0,,4.0,4,5,,S1 Teknik Industri,2.0,,,,,3.0,,4.0,,,,2,3,Pilihan,4.0,4.0,4.0,,,,5.0,12.0,3.2857142857142856,4.142857142857143,1,Karir Linear
0.0,4.0,4.0,,,3,4.0,,4.0,3,3,,S1 Teknik Industri,3.0,Pilihan,,,,4.0,,4.0,Pilihan,,,3,3,,4.0,4.0,3.0,,,,4.0,20.0,3.0,4.0,2,Karir Tertunda
10.0,10.0,4.0,Pilihan,,4,4.0,,5.0,4,4,,S1 Teknik Industri,4.0,,,,,10.0,,5.0,,,,4,4,,5.0,5.0,4.0,,,,5.0,6.0,4.0,4.714285714285714,0,Karir Lintas Jalur
18.0,1.0,4.0,Pilihan,,3,4.0,,5.0,3,3,,S1 Teknik Industri,3.0,Pilihan,,Pilihan,,1.0,Pilihan,5.0,,Pilihan,,3,3,Pilihan,4.0,5.0,3.0,Pilihan,Pilihan,,5.0,7.0,3.0,4.571428571428571,3,Karir Elit
50.0,10.0,5.0,Pilihan,,3,5.0,,5.0,3,3,,S1 Teknik Industri,3.0,,,,,10.0,,5.0,,Pilihan,,3,3,,5.0,5.0,3.0,Pilihan,Pilihan,,5.0,4.0,3.0,5.0,0,Karir Lintas Jalur
2.0,2.0,3.0,,,4,3.0,,3.0,4,5,,S1 Teknik Industri,4.0,,,,,2.0,,3.0,,,,4,4,Pilihan,3.0,3.0,4.0,,Pilihan,,3.0,-1.0,4.142857142857143,3.0,3,Karir Elit
8.0,4.0,5.0,,,5,4.0,,5.0,4,5,,S1 Teknik Industri,5.0,Pilihan,,Pilihan,,5.0,,5.0,,,TOIEC SCORE 690,5,4,Pilihan,4.0,5.0,5.0,Pilihan,,,5.0,-3.0,4.714285714285714,4.714285714285714,3,Karir Elit
12.0,7.0,5.0,,,4,3.0,,5.0,4,4,,S1 Teknik Industri,4.0,,,Pilihan,,7.0,,5.0,,,,3,4,,4.0,5.0,4.0,,,,5.0,36.0,3.857142857142857,4.571428571428571,0,Karir Lintas Jalur
1.0,1.0,3.0,,,3,3.0,,4.0,3,5,,S1 Teknik Industri,4.0,,,,Pilihan,1.0,,5.0,,,0,3,2,,4.0,5.0,3.0,,,,4.0,48.0,3.2857142857142856,4.0,3,Karir Elit
30.0,5.0,3.0,Pilihan,Pilihan,2,3.0,,4.0,2,3,,S1 Teknik Industri,2.0,,,,,5.0,,4.0,,,0,2,3,Pilihan,3.0,4.0,2.0,,,,4.0,-6.0,2.2857142857142856,3.5714285714285716,0,Karir Lintas Jalur
3.0,3.0,5.0,,,5,4.0,,5.0,5,5,,S1 Teknik Industri,5.0,,,,,3.0,,5.0,,,0,5,5,,5.0,5.0,5.0,,,,5.0,0.0,5.0,4.857142857142857,0,Karir Lintas Jalur
10.0,1.0,4.0,,Pilihan,4,3.0,,5.0,5,4,,S1 Teknik Industri,4.0,,,,,10.0,Pilihan,4.0,Pilihan,,0,4,4,,5.0,5.0,5.0,,,,5.0,12.0,4.285714285714286,4.428571428571429,0,Karir Lintas Jalur
2.0,2.0,4.0,,,4,3.0,,4.0,4,4,,S1 Teknik Industri,3.0,,,,,2.0,,4.0,,,0,3,4,Pilihan,4.0,4.0,4.0,,,,4.0,-3.0,3.7142857142857144,3.857142857142857,1,Karir Linear
1.0,1.0,5.0,,,5,5.0,,5.0,5,5,,S1 Teknik Industri,5.0,,,,,1.0,,5.0,Pilihan,,0,5,5,,5.0,5.0,5.0,,,,5.0,-1.0,5.0,5.0,3,Karir Elit
5.0,2.0,3.0,,Pilihan,3,3.0,,4.0,4,2,,S1 Teknik Industri,2.0,,,Pilihan,Pilihan,4.0,,4.0,,,0,2,2,Pilihan,4.0,4.0,3.0,,,,4.0,3.0,2.5714285714285716,3.7142857142857144,1,Karir Linear
3.0,3.0,4.0,,,5,4.0,,5.0,5,5,,S1 Teknik Industri,5.0,,,,Pilihan,3.0,,5.0,,,0,5,5,,4.0,4.0,5.0,,,,5.0,12.0,5.0,4.428571428571429,1,Karir Linear
5.0,6.0,4.0,Pilihan,Pilihan,3,4.0,,4.0,4,5,,S1 Teknik Industri,4.0,,,,Pilihan,3.0,Pilihan,4.0,,,0,4,4,,4.0,4.0,4.0,,Pilihan,,4.0,6.0,4.0,4.0,1,Karir Linear
150.0,30.0,4.0,,,3,4.0,,4.0,3,4,,S1 Teknik Industri,3.0,Pilihan,,Pilihan,,50.0,,4.0,,,0,3,3,,3.0,4.0,3.0,Pilihan,Pilihan,,4.0,1.0,3.142857142857143,3.857142857142857,3,Karir Elit
1.0,1.0,5.0,Pilihan,,2,4.0,,5.0,3,5,,S1 Teknik Industri,2.0,,,,,1.0,,4.0,,,Belum,2,2,Pilihan,5.0,4.0,2.0,Pilihan,Pilihan,,5.0,12.0,2.5714285714285716,4.571428571428571,0,Karir Lintas Jalur
20.0,8.0,3.0,Pilihan,,4,4.0,,4.0,5,5,,S1 Teknik Industri,5.0,,,,,10.0,,4.0,,,0,4,5,Pilihan,5.0,5.0,4.0,,Pilihan,,4.0,-1.0,4.571428571428571,4.142857142857143,3,Karir Elit
11.0,1.0,2.0,,,5,2.0,,2.0,5,4,,S1 Teknik Industri,4.0,,,,,1.0,,2.0,Pilihan,,0,4,4,,4.0,2.0,4.0,,,,2.0,4.0,4.285714285714286,2.2857142857142856,3,Karir Elit
1.0,1.0,3.0,,,4,5.0,,5.0,4,4,,S1 Teknik Industri,3.0,,,,,1.0,,4.0,,,0,3,3,Pilihan,3.0,4.0,3.0,,,,4.0,-1.0,3.4285714285714284,4.0,0,Karir Lintas Jalur
100.0,15.0,4.0,Pilihan,,4,4.0,,5.0,4,4,,S1 Teknik Industri,3.0,Pilihan,,Pilihan,,25.0,,4.0,,,0,3,4,Pilihan,4.0,3.0,5.0,,Pilihan,,3.0,2.0,3.857142857142857,3.857142857142857,0,Karir Lintas Jalur
100.0,25.0,4.0,,,3,3.0,,5.0,5,3,,S1 Teknik Industri,3.0,,,,,50.0,,5.0,,,Asian Agri Lewrning Institute,3,3,Pilihan,3.0,5.0,3.0,,,,5.0,-1.0,3.2857142857142856,4.285714285714286,0,Karir Lintas Jalur
12.0,10.0,2.0,,,1,2.0,,2.0,1,1,,S1 Teknik Industri,1.0,Pilihan,,,,10.0,,2.0,,,0,1,1,Pilihan,2.0,2.0,1.0,,,,2.0,3.0,1.0,2.0,1,Karir Linear
20.0,4.0,4.0,,,3,4.0,,5.0,4,4,,S1 Teknik Industri,4.0,,,,,4.0,,5.0,,,0,4,4,Pilihan,4.0,5.0,4.0,,,,5.0,6.0,3.857142857142857,4.571428571428571,0,Karir Lintas Jalur
3.0,3.0,4.0,,,3,4.0,,4.0,3,3,,S1 Teknik Industri,3.0,,,,,3.0,,4.0,,,0,3,3,,4.0,4.0,3.0,,,,4.0,0.0,3.0,4.0,3,Karir Elit
35.0,2.0,4.0,Pilihan,,3,4.0,,4.0,3,4,,S1 Teknik Industri,2.0,Pilihan,,,Pilihan,2.0,Pilihan,4.0,,,0,3,2,Pilihan,4.0,4.0,3.0,Pilihan,,,4.0,-8.0,2.857142857142857,4.0,0,Karir Lintas Jalur
10.0,2.0,5.0,,Pilihan,3,4.0,,5.0,2,4,,S1 Teknik Industri,5.0,,,,,3.0,,5.0,,,0,5,5,,5.0,5.0,5.0,,,Pilihan,5.0,8.0,4.142857142857143,4.857142857142857,1,Karir Linear
3.0,1.0,3.0,Pilihan,,2,3.0,,3.0,3,4,,S1 Teknik Industri,4.0,,,,,1.0,,3.0,,,0,4,2,,3.0,3.0,4.0,,,,3.0,1.0,3.2857142857142856,3.0,0,Karir Lintas Jalur
84.0,9.0,4.0,,,3,4.0,,4.0,4,4,,S1 Teknik Industri,3.0,,,,,15.0,,3.0,,,0,2,2,Pilihan,3.0,4.0,3.0,,,,4.0,2.0,3.0,3.7142857142857144,1,Karir Linear
15.0,5.0,5.0,,,5,3.0,,5.0,5,4,,S1 Teknik Industri,5.0,,,,,5.0,,4.0,,,0,5,5,Pilihan,3.0,4.0,5.0,,,,5.0,1.0,4.857142857142857,4.142857142857143,0,Karir Lintas Jalur
3.0,3.0,4.0,,,4,4.0,,5.0,4,4,,S1 Teknik Industri,3.0,,,,Pilihan,3.0,,5.0,,,0,3,3,,5.0,5.0,3.0,,,,5.0,1.0,3.4285714285714284,4.714285714285714,0,Karir Lintas Jalur
40.0,10.0,3.0,,,4,3.0,Pilihan,5.0,4,5,,S1 Teknik Industri,3.0,,,,,20.0,,4.0,,,0,2,4,Pilihan,5.0,4.0,3.0,,,,4.0,-1.0,3.5714285714285716,4.0,3,Karir Elit
1.0,5.0,3.0,,,4,3.0,,4.0,5,4,,S1 Teknik Industri,4.0,,,,,5.0,Pilihan,3.0,,,0,5,4,,4.0,4.0,4.0,,,,3.0,32.0,4.285714285714286,3.4285714285714284,2,Karir Tertunda
1.0,1.0,4.0,,Pilihan,4,4.0,,4.0,3,4,,S1 Teknik Industri,3.0,,,,,1.0,,4.0,,,0,3,3,,4.0,3.0,3.0,,,,4.0,48.0,3.2857142857142856,3.857142857142857,2,Karir Tertunda
7.0,3.0,3.0,,,3,3.0,,4.0,4,3,,S1 Teknik Industri,3.0,,,Pilihan,,3.0,,3.0,,,0,3,3,Pilihan,3.0,4.0,3.0,,,,3.0,3.0,3.142857142857143,3.2857142857142856,3,Karir Elit
1.0,1.0,5.0,Pilihan,,4,4.0,,5.0,5,5,,S1 Teknik Industri,5.0,,,,,1.0,,5.0,,,0,5,5,,4.0,5.0,4.0,,,,5.0,48.0,4.714285714285714,4.714285714285714,2,Karir Tertunda
20.0,2.0,5.0,,Pilihan,5,4.0,,5.0,4,4,,S1 Teknik Industri,5.0,,,,,10.0,,5.0,,,Sertifikasi Produktivitas dari Badan Nasional Sertifikasi Profesi berlaku sampai November 2025,5,5,Pilihan,4.0,5.0,5.0,,Pilihan,Pilihan,5.0,-5.0,4.714285714285714,4.714285714285714,0,Karir Lintas Jalur
10.0,5.0,3.0,Pilihan,,2,2.0,,2.0,3,4,,S1 Teknik Industri,1.0,,,,,5.0,,4.0,,,0,3,2,Pilihan,2.0,3.0,2.0,,,,4.0,3.0,2.4285714285714284,2.857142857142857,1,Karir Linear
80.0,12.0,2.0,,,2,2.0,,2.0,2,2,,S1 Teknik Industri,2.0,,,,,12.0,,2.0,,,0,2,2,Pilihan,2.0,2.0,2.0,,,,2.0,-6.0,2.0,2.0,3,Karir Elit
15.0,2.0,5.0,,,3,5.0,,5.0,5,5,,S1 Teknik Industri,4.0,,,,,2.0,,4.0,,,0,3,3,,4.0,4.0,4.0,,,Pilihan,4.0,1.0,3.857142857142857,4.428571428571429,0,Karir Lintas Jalur
6.0,4.0,5.0,Pilihan,,4,5.0,,5.0,5,5,,S1 Teknik Industri,4.0,,,,,4.0,Pilihan,5.0,,,0,4,4,Pilihan,5.0,5.0,5.0,,Pilihan,,5.0,36.0,4.428571428571429,5.0,3,Karir Elit
3.0,3.0,5.0,,,5,5.0,,5.0,5,5,,S1 Teknik Industri,5.0,,,,,3.0,,5.0,,,Planner internal PT. Maxxis International Indonesia,5,5,Pilihan,5.0,5.0,5.0,,,,5.0,1.0,5.0,5.0,3,Karir Elit
5.0,15.0,5.0,,,4,5.0,,5.0,4,4,,S1 Teknik Industri,4.0,,,,Pilihan,5.0,,5.0,,,Belum,4,4,,5.0,5.0,4.0,,,,5.0,6.0,4.0,5.0,1,Karir Linear
6.0,6.0,4.0,,,4,3.0,,4.0,4,4,,S1 Teknik Elektro,4.0,,,,Pilihan,6.0,,4.0,,,,4,4,,4.0,4.0,3.0,,,,4.0,6.0,3.857142857142857,3.857142857142857,3,Karir Elit
10.0,10.0,4.0,Pilihan,Pilihan,1,3.0,,4.0,2,3,,S1 Teknik Elektro,1.0,Pilihan,,,,10.0,,4.0,,,,1,1,Pilihan,3.0,4.0,1.0,,,,4.0,12.0,1.4285714285714286,3.7142857142857144,2,Karir Tertunda
30.0,10.0,3.0,,,1,3.0,,3.0,3,1,,S1 Teknik Elektro,1.0,,,,,15.0,,3.0,,,,1,1,Pilihan,3.0,3.0,1.0,,,,3.0,24.0,1.2857142857142858,3.0,2,Karir Tertunda
1.0,1.0,4.0,,,2,3.0,,5.0,2,3,,S1 Teknik Elektro,3.0,,,,,1.0,,5.0,,,,3,2,,5.0,5.0,3.0,,,Pilihan,5.0,12.0,2.5714285714285716,4.571428571428571,2,Karir Tertunda
5.0,5.0,4.0,,,3,3.0,,4.0,4,4,,S1 Teknik Elektro,3.0,,,,Pilihan,5.0,,4.0,,,,4,4,,4.0,4.0,4.0,Pilihan,Pilihan,Pilihan,4.0,7.0,3.7142857142857144,3.857142857142857,1,Karir Linear
10.0,2.0,5.0,,,3,5.0,,5.0,4,4,,S1 Teknik Elektro,3.0,,,Pilihan,,4.0,Pilihan,5.0,,,,4,3,Pilihan,5.0,5.0,4.0,,,,5.0,36.0,3.5714285714285716,5.0,2,Karir Tertunda
1.0,1.0,5.0,,,3,3.0,,5.0,3,2,,S1 Teknik Elektro,2.0,,,,,1.0,Pilihan,4.0,,,,2,2,,4.0,5.0,2.0,,,,5.0,48.0,2.2857142857142856,4.428571428571429,2,Karir Tertunda
2.0,2.0,4.0,,,4,,,,4,4,,S1 Teknik Elektro,4.0,,,,,2.0,,4.0,Pilihan,,,4,4,,,4.0,4.0,,,,4.0,36.0,4.0,4.0,3,Karir Elit
2.0,2.0,5.0,,,4,4.0,,5.0,4,3,,S1 Teknik Elektro,2.0,,,,,2.0,,4.0,,,,4,3,,5.0,5.0,2.0,,Pilihan,,5.0,24.0,3.142857142857143,4.714285714285714,2,Karir Tertunda
0.0,3.0,4.0,,,4,5.0,,5.0,5,4,,S1 Teknik Elektro,3.0,,,,Pilihan,3.0,,4.0,,,,3,3,,4.0,5.0,3.0,,,,5.0,24.0,3.5714285714285716,4.571428571428571,0,Karir Lintas Jalur
2.0,2.0,5.0,,,3,4.0,,5.0,4,3,,S1 Teknik Elektro,3.0,,,Pilihan,,2.0,,5.0,,,,3,3,,4.0,5.0,3.0,,,,5.0,1.0,3.142857142857143,4.714285714285714,1,Karir Linear
3.0,3.0,4.0,,,4,4.0,,4.0,4,4,,S1 Teknik Elektro,4.0,,,,,3.0,,4.0,,,,4,4,Pilihan,4.0,4.0,4.0,,,,4.0,48.0,4.0,4.0,0,Karir Lintas Jalur
2.0,3.0,5.0,Pilihan,,4,5.0,,5.0,4,4,,S1 Teknik Elektro,4.0,,,,,5.0,,5.0,,,,4,3,,4.0,5.0,4.0,,Pilihan,Pilihan,5.0,1.0,3.857142857142857,4.857142857142857,0,Karir Lintas Jalur
1.0,0.0,3.0,Pilihan,,3,3.0,,3.0,3,3,,S1 Teknik Elektro,3.0,,,,,0.0,,3.0,,,,3,3,,3.0,3.0,3.0,,,,3.0,12.0,3.0,3.0,1,Karir Linear
4.0,2.0,4.0,Pilihan,,1,4.0,,4.0,4,4,,S1 Teknik Elektro,4.0,,,,,2.0,,4.0,,,,4,2,,4.0,4.0,4.0,,,,4.0,24.0,3.2857142857142856,4.0,2,Karir Tertunda
20.0,10.0,5.0,Pilihan,Pilihan,5,5.0,Pilihan,4.0,5,5,Pilihan,S1 Teknik Elektro,5.0,Pilihan,Pilihan,Pilihan,Pilihan,10.0,,5.0,,Pilihan,,5,5,Pilihan,5.0,5.0,5.0,Pilihan,Pilihan,Pilihan,5.0,12.0,5.0,4.857142857142857,0,Karir Lintas Jalur
5.0,3.0,5.0,Pilihan,,4,5.0,,5.0,4,5,,S1 Teknik Elektro,2.0,,,,,5.0,Pilihan,5.0,,,AWS Academy cloud Operations,2,2,,5.0,5.0,2.0,,Pilihan,,5.0,18.0,3.0,5.0,0,Karir Lintas Jalur
10.0,8.0,5.0,,Pilihan,4,3.0,,5.0,5,5,,S1 Teknik Elektro,5.0,,,,Pilihan,8.0,,4.0,Pilihan,,"1. Digital Transformation Manufacture, PT Autonics Indonesia 2. 3E Solution, PT Autonics Indonesia",5,5,,5.0,4.0,5.0,,,,4.0,60.0,4.857142857142857,4.285714285714286,3,Karir Elit
1.0,1.0,5.0,,,5,4.0,,5.0,5,5,,S1 Teknik Elektro,5.0,Pilihan,,Pilihan,Pilihan,1.0,,5.0,,,PEKERJAAN DALAM KEADAAN BERTEGANGAN SUTT/SUTET,5,5,Pilihan,5.0,5.0,5.0,,,,5.0,6.0,5.0,4.857142857142857,1,Karir Linear
2.0,2.0,4.0,,,3,2.0,,5.0,4,2,,S1 Teknik Elektro,2.0,,,,Pilihan,2.0,,5.0,,,0,2,3,,5.0,5.0,2.0,,,,5.0,6.0,2.5714285714285716,4.428571428571429,0,Karir Lintas Jalur
50.0,2.0,4.0,,,2,3.0,,3.0,4,4,,S1 Teknik Elektro,3.0,Pilihan,,Pilihan,,5.0,Pilihan,5.0,,,K3 Teknisi Listrik,3,3,Pilihan,4.0,4.0,3.0,,,,5.0,18.0,3.142857142857143,4.0,3,Karir Elit
10.0,4.0,4.0,,,4,3.0,,5.0,4,4,,S1 Teknik Elektro,3.0,,,,,4.0,,4.0,,,0,3,3,Pilihan,4.0,4.0,4.0,,,,4.0,-4.0,3.5714285714285716,4.0,0,Karir Lintas Jalur
3.0,2.0,5.0,,,2,5.0,,5.0,3,3,,S1 Teknik Elektro,1.0,,,,,3.0,,5.0,,,0,1,1,,4.0,4.0,1.0,,,,4.0,0.0,1.7142857142857142,4.571428571428571,1,Karir Linear
1.0,1.0,5.0,Pilihan,,4,4.0,,4.0,5,5,,S1 Teknik Elektro,1.0,,,,,1.0,,5.0,,,0,1,3,,4.0,4.0,1.0,,,,4.0,12.0,2.857142857142857,4.285714285714286,3,Karir Elit
1.0,1.0,3.0,Pilihan,,3,3.0,,4.0,4,4,,S1 Teknik Elektro,4.0,,,,,1.0,,3.0,Pilihan,,0,3,3,,2.0,4.0,3.0,,,,4.0,18.0,3.4285714285714284,3.2857142857142856,3,Karir Elit
20.0,2.0,4.0,Pilihan,,4,3.0,,5.0,5,5,,S1 Teknik Elektro,3.0,Pilihan,,,,5.0,,4.0,,,0,3,3,,4.0,5.0,3.0,,,,5.0,-1.0,3.7142857142857144,4.285714285714286,3,Karir Elit
1.0,1.0,3.0,,,4,3.0,,4.0,4,4,,S1 Teknik Elektro,4.0,,,,,1.0,,4.0,,,0,4,4,,4.0,3.0,4.0,,,,4.0,0.0,4.0,3.5714285714285716,3,Karir Elit
1.0,1.0,4.0,,,4,4.0,,4.0,4,3,,S1 Teknik Elektro,1.0,,,,Pilihan,1.0,,4.0,,,0,1,1,,4.0,4.0,1.0,Pilihan,,,4.0,1.0,2.142857142857143,4.0,1,Karir Linear
5.0,4.0,4.0,Pilihan,,4,4.0,,4.0,4,4,,S1 Teknik Elektro,3.0,,,,Pilihan,4.0,,4.0,,,"CCNA Devnet, CCNA RS, Microsoft Azure Fundamental",3,4,Pilihan,4.0,3.0,3.0,Pilihan,Pilihan,,4.0,1.0,3.5714285714285716,3.857142857142857,0,Karir Lintas Jalur
2.0,1.0,4.0,,Pilihan,4,4.0,,5.0,5,5,,S1 Teknik Elektro,4.0,,,,,1.0,Pilihan,5.0,,,0,5,5,,4.0,5.0,5.0,,,,5.0,1.0,4.714285714285714,4.571428571428571,0,Karir Lintas Jalur
19.0,10.0,4.0,,,3,5.0,,4.0,4,4,,S1 Teknik Elektro,3.0,,,,,10.0,Pilihan,5.0,,,0,4,4,,4.0,5.0,4.0,,,,5.0,-1.0,3.7142857142857144,4.571428571428571,0,Karir Lintas Jalur
3.0,3.0,4.0,,,5,3.0,,5.0,5,5,,S1 Teknik Elektro,5.0,,,,,3.0,,4.0,Pilihan,,BNSP Teknik Listrik,5,5,Pilihan,4.0,4.0,4.0,,,,4.0,1.0,4.857142857142857,4.0,3,Karir Elit
100.0,20.0,5.0,,,5,5.0,,5.0,5,5,,S1 Teknik Elektro,5.0,Pilihan,,,,200.0,,5.0,,,0,5,5,Pilihan,5.0,5.0,5.0,,,,5.0,1.0,5.0,5.0,1,Karir Linear
30.0,10.0,4.0,,,2,2.0,,5.0,3,3,,S1 Teknik Elektro,2.0,,,,,15.0,,4.0,,,0,2,2,Pilihan,3.0,3.0,2.0,,,,5.0,-4.0,2.2857142857142856,3.7142857142857144,0,Karir Lintas Jalur
1.0,1.0,5.0,,,3,4.0,,4.0,4,4,,S1 Teknik Elektro,3.0,,,,Pilihan,1.0,,4.0,,,"Ahli K3 Umum, Pengawas K2/K3 Bidang Ketenagalistrikan",3,3,,4.0,4.0,3.0,,,,5.0,1.0,3.2857142857142856,4.285714285714286,1,Karir Linear
50.0,10.0,5.0,,Pilihan,5,5.0,,5.0,5,5,,S1 Teknik Elektro,3.0,,,Pilihan,Pilihan,10.0,,5.0,,,Teknisi K3 Listrik,3,5,,5.0,5.0,5.0,,,,5.0,2.0,4.428571428571429,5.0,3,Karir Elit
1.0,1.0,4.0,,,3,4.0,,5.0,4,4,,S1 Teknik Elektro,3.0,,,,,1.0,,4.0,,,0,3,4,,4.0,4.0,3.0,,,,4.0,0.0,3.4285714285714284,4.142857142857143,1,Karir Linear
3.0,1.0,4.0,,,4,3.0,,4.0,5,4,,S1 Teknik Elektro,3.0,,,,,2.0,Pilihan,4.0,,,0,4,4,,4.0,5.0,3.0,,,,5.0,12.0,3.857142857142857,4.142857142857143,3,Karir Elit
2.0,2.0,4.0,Pilihan,,3,3.0,,4.0,4,3,,S1 Teknik Elektro,3.0,,,,,2.0,,4.0,,,0,2,2,,4.0,4.0,3.0,,,,4.0,1.0,2.857142857142857,3.857142857142857,3,Karir Elit
1.0,1.0,3.0,,,2,3.0,,4.0,4,3,,S1 Teknik Elektro,1.0,,,,Pilihan,1.0,,3.0,,,0,1,2,,5.0,4.0,1.0,,,Pilihan,4.0,6.0,2.0,3.7142857142857144,3,Karir Elit
1.0,1.0,3.0,,,3,3.0,,3.0,3,3,,S1 Teknik Elektro,3.0,,,,,1.0,Pilihan,4.0,,,0,3,3,,3.0,3.0,3.0,,,,3.0,1.0,3.0,3.142857142857143,1,Karir Linear
4.0,3.0,5.0,,,4,5.0,,5.0,5,5,,S1 Teknik Elektro,4.0,,,,,4.0,Pilihan,5.0,,,0,5,4,,5.0,5.0,5.0,,,,5.0,24.0,4.571428571428571,5.0,2,Karir Tertunda
3.0,3.0,5.0,,,4,4.0,,5.0,4,4,,S1 Teknik Elektro,4.0,Pilihan,,Pilihan,,3.0,Pilihan,5.0,,,0,4,4,,5.0,5.0,4.0,,,,4.0,21.0,4.0,4.714285714285714,1,Karir Linear
2.0,1.0,4.0,,,4,4.0,,4.0,4,4,,S1 Teknik Elektro,3.0,,,,,2.0,,4.0,,,0,3,4,,4.0,4.0,3.0,,,,4.0,0.0,3.5714285714285716,4.0,0,Karir Lintas Jalur
1.0,1.0,5.0,Pilihan,,5,4.0,,5.0,5,5,,S1 Teknik Elektro,5.0,,,,,1.0,Pilihan,5.0,,,0,5,5,,5.0,5.0,5.0,,,,5.0,1.0,5.0,4.857142857142857,1,Karir Linear
10.0,3.0,4.0,,,2,4.0,,4.0,2,2,,S1 Teknik Elektro,2.0,,,,Pilihan,5.0,,4.0,,,0,2,2,,4.0,4.0,2.0,,,,4.0,12.0,2.0,4.0,3,Karir Elit
2.0,2.0,3.0,,,4,3.0,,4.0,5,4,,S1 Teknik Elektro,4.0,,,,,2.0,,3.0,,,0,5,4,,3.0,3.0,5.0,,,,3.0,0.0,4.428571428571429,3.142857142857143,1,Karir Linear
3.0,2.0,5.0,,,4,3.0,,5.0,4,4,,S1 Teknik Elektro,3.0,,,,,2.0,,5.0,Pilihan,,0,3,3,,4.0,5.0,3.0,,,,5.0,48.0,3.4285714285714284,4.571428571428571,3,Karir Elit
2.0,2.0,5.0,,,4,5.0,,4.0,5,5,,S1 Teknik Elektro,3.0,,,,,2.0,,5.0,,,0,4,4,,4.0,4.0,4.0,Pilihan,,,5.0,2.0,4.142857142857143,4.571428571428571,3,Karir Elit
4.0,1.0,5.0,,,5,5.0,,5.0,5,5,,S1 Teknik Elektro,5.0,,,,,1.0,,5.0,,,0,5,5,,5.0,5.0,5.0,,,,5.0,0.0,5.0,5.0,3,Karir Elit
5.0,5.0,4.0,,,4,4.0,,5.0,5,5,,S1 Teknik Elektro,4.0,,,,,5.0,,3.0,,,0,4,4,Pilihan,4.0,3.0,4.0,,,,3.0,12.0,4.285714285714286,3.7142857142857144,3,Karir Elit
10.0,1.0,4.0,,,4,3.0,,5.0,5,5,,S1 Teknik Elektro,4.0,,,,,2.0,Pilihan,5.0,,,0,5,4,Pilihan,4.0,5.0,5.0,Pilihan,,,5.0,12.0,4.571428571428571,4.428571428571429,3,Karir Elit
10.0,8.0,4.0,Pilihan,,4,3.0,,4.0,5,5,,S1 Teknik Elektro,4.0,,,,Pilihan,8.0,,4.0,,,0,4,5,Pilihan,4.0,4.0,4.0,,Pilihan,,4.0,36.0,4.428571428571429,3.857142857142857,1,Karir Linear
3.0,2.0,4.0,,,3,3.0,,5.0,3,3,,S1 Teknik Elektro,2.0,Pilihan,,,,2.0,,4.0,,,0,3,3,,3.0,3.0,3.0,,,,3.0,48.0,2.857142857142857,3.5714285714285716,0,Karir Lintas Jalur
8.0,8.0,5.0,,,5,3.0,,5.0,4,4,,S1 Teknik Elektro,3.0,,,,Pilihan,8.0,,4.0,,,0,4,5,Pilihan,5.0,4.0,4.0,,,,4.0,-1.0,4.142857142857143,4.285714285714286,1,Karir Linear
50.0,20.0,5.0,,,2,4.0,,5.0,3,3,,S1 Teknik Arsitektur,3.0,,,,,20.0,,5.0,,,,3,3,Pilihan,5.0,5.0,3.0,,,,5.0,-4.0,2.857142857142857,4.857142857142857,3,Karir Elit
2.0,2.0,5.0,Pilihan,,2,3.0,,5.0,4,4,,S1 Teknik Arsitektur,4.0,,,,,29.0,,5.0,,,,3,3,,5.0,5.0,4.0,,,,5.0,12.0,3.4285714285714284,4.714285714285714,1,Karir Linear
0.0,0.0,4.0,,,3,4.0,,4.0,4,5,,S1 Teknik Arsitektur,5.0,,,,,0.0,,3.0,,,,5,5,Pilihan,4.0,4.0,5.0,,,,4.0,54.0,4.571428571428571,3.857142857142857,0,Karir Lintas Jalur
1.0,2.0,5.0,Pilihan,,1,4.0,,5.0,5,5,,S1 Teknik Arsitektur,3.0,,,,,2.0,,5.0,,,,3,1,,5.0,5.0,4.0,,,,5.0,0.0,3.142857142857143,4.857142857142857,2,Karir Tertunda
2.0,2.0,5.0,,Pilihan,3,3.0,,5.0,3,3,,S1 Teknik Arsitektur,3.0,,,,,2.0,,4.0,,,,3,3,,5.0,5.0,3.0,,,,5.0,36.0,3.0,4.571428571428571,2,Karir Tertunda
4.0,2.0,5.0,Pilihan,,3,3.0,,3.0,4,3,,S1 Teknik Arsitektur,5.0,,,,,2.0,,4.0,,,,5,3,,3.0,4.0,4.0,,,,5.0,-2.0,3.857142857142857,3.857142857142857,1,Karir Linear
4.0,2.0,5.0,Pilihan,,2,4.0,,5.0,3,3,,S1 Teknik Arsitektur,2.0,,,,,2.0,,5.0,,,,2,2,,5.0,5.0,2.0,,,,5.0,96.0,2.2857142857142856,4.857142857142857,1,Karir Linear
20.0,6.0,4.0,,,3,3.0,,4.0,3,3,,S1 Teknik Arsitektur,3.0,Pilihan,,,,9.0,,4.0,,,,3,3,,4.0,4.0,3.0,,,,3.0,-2.0,3.0,3.7142857142857144,0,Karir Lintas Jalur
5.0,5.0,5.0,,,4,4.0,,4.0,4,4,,S1 Teknik Arsitektur,4.0,,,,Pilihan,5.0,,5.0,,,,4,4,Pilihan,4.0,5.0,5.0,,,,4.0,24.0,4.142857142857143,4.428571428571429,1,Karir Linear
100.0,5.0,4.0,,,3,3.0,,4.0,3,4,,S1 Teknik Arsitektur,3.0,,,,,5.0,,3.0,,,0,3,2,Pilihan,4.0,4.0,4.0,,,,3.0,12.0,3.142857142857143,3.5714285714285716,0,Karir Lintas Jalur
8.0,8.0,5.0,,Pilihan,3,3.0,,5.0,3,3,,S1 Teknik Arsitektur,3.0,Pilihan,,,,5.0,,4.0,,,Pupr,3,3,Pilihan,4.0,4.0,3.0,,Pilihan,,4.0,1.0,3.0,4.142857142857143,0,Karir Lintas Jalur
1.0,25.0,4.0,,,5,4.0,,5.0,5,5,,S1 Teknik Arsitektur,4.0,,,,,30.0,Pilihan,4.0,,,0,4,5,,5.0,5.0,4.0,,,,5.0,60.0,4.571428571428571,4.571428571428571,1,Karir Linear
5.0,2.0,4.0,,,5,4.0,,5.0,5,5,,S1 Teknik Arsitektur,5.0,,,,Pilihan,3.0,,5.0,,,0,5,5,,4.0,5.0,5.0,,,,5.0,-1.0,5.0,4.571428571428571,1,Karir Linear
2.0,1.0,5.0,,,4,5.0,,5.0,4,4,,S1 Teknik Arsitektur,4.0,,,Pilihan,,1.0,,5.0,,,0,4,4,,5.0,5.0,4.0,,,,5.0,48.0,4.0,5.0,2,Karir Tertunda
10.0,2.0,4.0,,Pilihan,3,4.0,,4.0,3,2,,S1 Teknik Arsitektur,4.0,,,,,3.0,,4.0,,,0,2,3,,4.0,4.0,2.0,,,,4.0,6.0,2.7142857142857144,4.0,0,Karir Lintas Jalur
1.0,1.0,4.0,Pilihan,Pilihan,4,5.0,,3.0,3,3,,S1 Teknik Arsitektur,3.0,Pilihan,,,,1.0,,4.0,,,---,3,3,Pilihan,3.0,2.0,4.0,,Pilihan,,2.0,1.0,3.2857142857142856,3.2857142857142856,0,Karir Lintas Jalur
2.0,1.0,4.0,,,4,4.0,,5.0,3,4,,S1 Teknik Arsitektur,4.0,,,,Pilihan,2.0,,4.0,,,0,4,4,,4.0,4.0,3.0,,,Pilihan,4.0,12.0,3.7142857142857144,4.142857142857143,1,Karir Linear
15.0,2.0,4.0,,Pilihan,4,3.0,,5.0,4,4,,S1 Teknik Arsitektur,3.0,,,,Pilihan,3.0,,4.0,,,0,3,2,,4.0,5.0,3.0,,,,5.0,36.0,3.2857142857142856,4.285714285714286,1,Karir Linear
30.0,10.0,4.0,Pilihan,,4,2.0,,4.0,4,5,,S1 Teknik Arsitektur,4.0,,,,,10.0,,4.0,,,0,4,4,Pilihan,3.0,3.0,3.0,,,,4.0,1.0,4.0,3.4285714285714284,1,Karir Linear
1.0,1.0,4.0,Pilihan,,4,3.0,,4.0,4,4,,S1 Teknik Arsitektur,4.0,,,,,1.0,,4.0,,,0,4,4,,4.0,4.0,4.0,,,,4.0,12.0,4.0,3.857142857142857,3,Karir Elit
3.0,1.0,5.0,,Pilihan,3,4.0,,4.0,5,5,,S1 Teknik Arsitektur,5.0,,,,,1.0,,2.0,,,0,5,4,,4.0,5.0,4.0,,,,2.0,12.0,4.428571428571429,3.7142857142857144,1,Karir Linear
5.0,5.0,4.0,,,4,4.0,,4.0,4,4,,S1 Teknik Arsitektur,1.0,,,,,5.0,,4.0,,,0,1,2,Pilihan,4.0,4.0,1.0,,,,4.0,12.0,2.4285714285714284,4.0,1,Karir Linear
2.0,1.0,4.0,,,3,4.0,,5.0,3,3,,S1 Teknik Arsitektur,5.0,,,,,1.0,,4.0,Pilihan,,0,2,3,,4.0,5.0,5.0,,,,5.0,-5.0,3.4285714285714284,4.428571428571429,1,Karir Linear
6.0,6.0,5.0,Pilihan,,5,5.0,,5.0,5,4,,S1 Teknik Arsitektur,4.0,,,,,6.0,,5.0,,,0,5,5,,5.0,5.0,4.0,,,,5.0,16.0,4.571428571428571,5.0,0,Karir Lintas Jalur
5.0,6.0,4.0,Pilihan,,5,3.0,,5.0,5,5,,S1 Teknik Arsitektur,5.0,,,,,3.0,,3.0,,,0,5,5,Pilihan,4.0,4.0,5.0,,,,4.0,3.0,5.0,3.857142857142857,0,Karir Lintas Jalur
1.0,1.0,3.0,Pilihan,,3,3.0,,4.0,3,3,,S1 Teknik Arsitektur,3.0,,,,,1.0,,4.0,,,0,2,2,,3.0,4.0,2.0,,,,4.0,-2.0,2.5714285714285716,3.5714285714285716,1,Karir Linear
1.0,3.0,5.0,Pilihan,,2,4.0,,4.0,4,3,,S1 Teknik Arsitektur,3.0,,,,,3.0,,4.0,,,0,3,2,,5.0,5.0,3.0,,,,4.0,18.0,2.857142857142857,4.428571428571429,3,Karir Elit
1.0,1.0,3.0,,,5,3.0,,3.0,5,5,,S1 Teknik Arsitektur,5.0,,,,,1.0,,3.0,,,0,5,5,,3.0,3.0,5.0,,,,3.0,0.0,5.0,3.0,3,Karir Elit
30.0,3.0,4.0,,,4,2.0,,5.0,5,2,,S1 Teknik Arsitektur,5.0,,,,,7.0,,5.0,,,0,5,4,Pilihan,3.0,4.0,2.0,,,,5.0,-1.0,3.857142857142857,4.0,0,Karir Lintas Jalur
1.0,1.0,5.0,Pilihan,,3,4.0,,4.0,4,4,,S1 Teknik Arsitektur,4.0,,,,,1.0,,4.0,,,0,4,2,,4.0,4.0,4.0,,,,4.0,48.0,3.5714285714285716,4.142857142857143,2,Karir Tertunda
30.0,10.0,3.0,,,2,3.0,,3.0,2,3,,S1 Teknik Arsitektur,2.0,,,,,10.0,,3.0,,,0,2,2,Pilihan,3.0,3.0,2.0,,,,3.0,-8.0,2.142857142857143,3.0,0,Karir Lintas Jalur
1.0,1.0,4.0,Pilihan,,4,3.0,,4.0,4,4,,S1 Teknik Arsitektur,4.0,,,,,1.0,,4.0,,,0,4,4,Pilihan,4.0,3.0,4.0,,,Pilihan,4.0,-3.0,4.0,3.7142857142857144,1,Karir Linear
10.0,3.0,4.0,,,2,4.0,,4.0,4,4,,S1 Teknik Arsitektur,4.0,,,,,3.0,,4.0,,,0,4,2,Pilihan,5.0,3.0,4.0,,,,4.0,6.0,3.4285714285714284,4.0,3,Karir Elit
3.0,3.0,4.0,,,4,2.0,,4.0,4,5,,S1 Teknik Arsitektur,5.0,,,,Pilihan,3.0,,4.0,,,0,5,2,,4.0,4.0,4.0,,,,5.0,12.0,4.142857142857143,3.857142857142857,1,Karir Linear
5.0,3.0,4.0,,Pilihan,4,4.0,,3.0,4,2,,S1 Teknik Arsitektur,2.0,,,,Pilihan,4.0,,4.0,,,0,2,2,Pilihan,4.0,4.0,3.0,,,,4.0,12.0,2.7142857142857144,3.857142857142857,0,Karir Lintas Jalur
3.0,1.0,3.0,,,3,2.0,,5.0,3,3,,S1 Teknik Arsitektur,3.0,,,,,1.0,,4.0,,,0,3,3,Pilihan,4.0,3.0,2.0,,,,4.0,12.0,2.857142857142857,3.5714285714285716,0,Karir Lintas Jalur
10.0,3.0,4.0,,,4,5.0,,5.0,4,5,,S1 Teknik Arsitektur,4.0,,,,,4.0,,4.0,,,Greenship Associate dari Green Building Council Indonesia. 13 Desember 2022 - 13 Desember 2025,4,2,Pilihan,3.0,4.0,4.0,,,,4.0,-12.0,3.857142857142857,4.142857142857143,1,Karir Linear
50.0,10.0,5.0,,Pilihan,5,5.0,,5.0,3,3,,S1 Teknik Arsitektur,5.0,,,,,20.0,Pilihan,5.0,,,0,5,3,Pilihan,5.0,5.0,5.0,,,,5.0,-1.0,4.142857142857143,5.0,1,Karir Linear
1.0,1.0,5.0,Pilihan,,4,3.0,,5.0,4,4,,S1 Teknik Arsitektur,4.0,,,,,1.0,,5.0,,,0,4,4,,4.0,5.0,4.0,,,,5.0,12.0,4.0,4.571428571428571,1,Karir Linear
3.0,1.0,3.0,,,3,2.0,,3.0,3,4,,S1 Teknik Arsitektur,4.0,,,,Pilihan,2.0,,4.0,,,0,4,3,Pilihan,3.0,3.0,4.0,,,,4.0,12.0,3.5714285714285716,3.142857142857143,0,Karir Lintas Jalur
1.0,1.0,4.0,,Pilihan,4,3.0,,4.0,4,4,,S1 Teknik Arsitektur,2.0,,,,,1.0,,4.0,,,0,2,2,,4.0,3.0,4.0,,,,3.0,9.0,3.142857142857143,3.5714285714285716,3,Karir Elit
20.0,10.0,4.0,,,4,4.0,,4.0,4,5,,S1 Teknik Arsitektur,5.0,Pilihan,,,,10.0,,4.0,,,0,5,2,,3.0,4.0,5.0,,,,4.0,4.0,4.285714285714286,3.857142857142857,1,Karir Linear
5.0,5.0,4.0,,,5,4.0,,4.0,5,5,,S1 Teknik Arsitektur,4.0,,,,,5.0,,5.0,,,0,5,5,,5.0,4.0,5.0,,Pilihan,,5.0,6.0,4.857142857142857,4.428571428571429,1,Karir Linear
10.0,3.0,5.0,Pilihan,,4,4.0,,4.0,4,4,,S1 Teknik Arsitektur,4.0,,,,,3.0,,4.0,,,0,4,4,Pilihan,4.0,5.0,4.0,,Pilihan,,5.0,-3.0,4.0,4.428571428571429,0,Karir Lintas Jalur
1.0,1.0,4.0,Pilihan,,5,4.0,,4.0,5,4,,S1 Teknik Arsitektur,4.0,,,,,1.0,,4.0,,,0,4,4,,5.0,5.0,4.0,,,,5.0,240.0,4.285714285714286,4.428571428571429,3,Karir Elit
2.0,2.0,4.0,,,4,3.0,,5.0,5,5,,S1 Teknik Arsitektur,5.0,,,,,2.0,,5.0,,,SKK,5,5,,5.0,5.0,5.0,,Pilihan,,5.0,12.0,4.857142857142857,4.571428571428571,3,Karir Elit
1.0,1.0,4.0,Pilihan,,4,4.0,,5.0,4,4,Pilihan,S1 Teknik Arsitektur,3.0,,,,Pilihan,1.0,,4.0,,,0,3,2,,4.0,4.0,4.0,,Pilihan,,4.0,12.0,3.4285714285714284,4.142857142857143,3,Karir Elit
1.0,1.0,4.0,,Pilihan,3,5.0,,5.0,3,4,,S1 Teknik Arsitektur,2.0,Pilihan,,,,6.0,,4.0,,,Tidak ada,2,3,Pilihan,3.0,4.0,2.0,,,,4.0,-1.0,2.7142857142857144,4.142857142857143,0,Karir Lintas Jalur
15.0,8.0,3.0,,,4,1.0,,4.0,5,5,,S1 Teknik Arsitektur,5.0,,,,,8.0,,4.0,,,0,5,3,Pilihan,4.0,5.0,5.0,,,,5.0,-1.0,4.571428571428571,3.7142857142857144,0,Karir Lintas Jalur
3.0,2.0,4.0,Pilihan,,5,5.0,,5.0,5,4,,S1 Teknik Arsitektur,3.0,,,,,2.0,,5.0,,,0,3,5,,4.0,4.0,5.0,,,,5.0,3.0,4.285714285714286,4.571428571428571,0,Karir Lintas Jalur
28.0,10.0,5.0,,,3,5.0,,4.0,4,3,,S1 Sistem Informasi,3.0,,,,,20.0,,4.0,,,,2,3,Pilihan,3.0,4.0,3.0,,,,4.0,-1.0,3.0,4.142857142857143,1,Karir Linear
4.0,3.0,5.0,Pilihan,,3,5.0,,5.0,4,5,,S1 Sistem Informasi,4.0,,,,,4.0,,5.0,,,,5,3,Pilihan,4.0,4.0,5.0,,,,5.0,1.0,4.142857142857143,4.714285714285714,1,Karir Linear
10.0,3.0,4.0,,,3,3.0,,5.0,3,3,,S1 Sistem Informasi,4.0,,,,,4.0,,5.0,,,,4,3,,3.0,4.0,4.0,,Pilihan,,4.0,12.0,3.4285714285714284,4.0,0,Karir Lintas Jalur
5.0,2.0,4.0,,,2,3.0,,4.0,3,3,,S1 Sistem Informasi,2.0,Pilihan,,,,2.0,,3.0,,,,2,2,,3.0,4.0,2.0,,,,5.0,-4.0,2.2857142857142856,3.7142857142857144,3,Karir Elit
7.0,5.0,5.0,,Pilihan,4,4.0,,4.0,4,4,,S1 Sistem Informasi,4.0,,,,,5.0,,5.0,,,,4,4,Pilihan,4.0,5.0,4.0,,Pilihan,,4.0,24.0,4.0,4.428571428571429,3,Karir Elit
1.0,1.0,5.0,,Pilihan,4,4.0,,5.0,4,4,,S1 Sistem Informasi,4.0,,,,,1.0,,4.0,Pilihan,,,4,4,,4.0,5.0,3.0,,,,5.0,4.0,3.857142857142857,4.571428571428571,0,Karir Lintas Jalur
3.0,3.0,5.0,,,2,5.0,,5.0,4,4,,S1 Sistem Informasi,4.0,,,,,3.0,Pilihan,5.0,,,,4,4,Pilihan,4.0,5.0,4.0,,Pilihan,,5.0,12.0,3.7142857142857144,4.857142857142857,0,Karir Lintas Jalur
50.0,10.0,2.0,Pilihan,Pilihan,3,2.0,,4.0,3,3,,S1 Sistem Informasi,3.0,,,,,10.0,,2.0,,,,3,3,Pilihan,2.0,4.0,3.0,,,,4.0,-3.0,3.0,2.857142857142857,1,Karir Linear
5.0,3.0,5.0,Pilihan,,3,4.0,,4.0,4,2,,S1 Sistem Informasi,2.0,Pilihan,,,,5.0,,5.0,,,,2,3,Pilihan,5.0,5.0,3.0,,,,5.0,-1.0,2.7142857142857144,4.714285714285714,0,Karir Lintas Jalur
15.0,7.0,2.0,,,3,2.0,,3.0,3,2,,S1 Sistem Informasi,3.0,Pilihan,,,,10.0,,3.0,,,,2,2,Pilihan,2.0,2.0,3.0,,,,3.0,-2.0,2.5714285714285716,2.4285714285714284,1,Karir Linear
5.0,5.0,4.0,,Pilihan,2,4.0,,4.0,4,3,,S1 Sistem Informasi,2.0,,,,,5.0,Pilihan,4.0,,,,2,2,,4.0,3.0,2.0,,,,3.0,12.0,2.4285714285714284,3.7142857142857144,0,Karir Lintas Jalur
5.0,3.0,4.0,,,3,3.0,,5.0,3,3,,S1 Sistem Informasi,4.0,Pilihan,,,Pilihan,3.0,,4.0,,,,2,3,,3.0,4.0,2.0,,,,4.0,24.0,2.857142857142857,3.857142857142857,0,Karir Lintas Jalur
0.0,0.0,3.0,,Pilihan,3,3.0,,4.0,3,3,,S1 Sistem Informasi,3.0,,,,,0.0,,3.0,,,,3,3,,4.0,3.0,3.0,,,,3.0,0.0,3.0,3.2857142857142856,3,Karir Elit
5.0,5.0,3.0,,,2,3.0,,3.0,3,3,,S1 Sistem Informasi,2.0,,,,Pilihan,5.0,,3.0,,,,3,3,,3.0,3.0,2.0,,Pilihan,,3.0,3.0,2.5714285714285716,3.0,0,Karir Lintas Jalur
4.0,3.0,4.0,,,3,3.0,,5.0,3,3,,S1 Sistem Informasi,4.0,,,,,3.0,,4.0,,,,3,4,Pilihan,4.0,4.0,3.0,,Pilihan,,4.0,-3.0,3.2857142857142856,4.0,0,Karir Lintas Jalur
2.0,1.0,3.0,,,4,3.0,,4.0,5,4,Pilihan,S1 Sistem Informasi,4.0,,,,Pilihan,1.0,,4.0,,,,4,4,,4.0,4.0,5.0,,,Pilihan,4.0,-1.0,4.285714285714286,3.7142857142857144,0,Karir Lintas Jalur
20.0,8.0,3.0,,Pilihan,2,2.0,,2.0,3,3,,S1 Sistem Informasi,3.0,,,,,8.0,,3.0,,,,3,2,Pilihan,3.0,3.0,3.0,,,,3.0,24.0,2.7142857142857144,2.7142857142857144,2,Karir Tertunda
2.0,2.0,4.0,,Pilihan,2,3.0,Pilihan,4.0,3,2,Pilihan,S1 Sistem Informasi,4.0,Pilihan,,Pilihan,,2.0,,4.0,,,,3,3,,4.0,3.0,2.0,,,,4.0,0.0,2.7142857142857144,3.7142857142857144,3,Karir Elit
8.0,3.0,4.0,Pilihan,,4,2.0,,5.0,4,3,,S1 Sistem Informasi,5.0,,,,,5.0,,4.0,,,,2,4,Pilihan,4.0,4.0,4.0,,Pilihan,,4.0,9.0,3.7142857142857144,3.857142857142857,3,Karir Elit
5.0,3.0,5.0,Pilihan,,4,4.0,,5.0,4,4,,S1 Sistem Informasi,4.0,,,,,3.0,,4.0,,,,4,4,,4.0,5.0,4.0,,,,5.0,45.0,4.0,4.571428571428571,2,Karir Tertunda
5.0,1.0,4.0,,Pilihan,2,3.0,,4.0,4,5,,S1 Sistem Informasi,5.0,,,,,3.0,,5.0,,,,5,4,,4.0,4.0,5.0,,Pilihan,,5.0,48.0,4.285714285714286,4.142857142857143,2,Karir Tertunda
10.0,10.0,3.0,,,4,3.0,,4.0,4,4,,S1 Sistem Informasi,4.0,,,,,10.0,,3.0,Pilihan,,,4,4,,3.0,3.0,4.0,,,,3.0,0.0,4.0,3.142857142857143,3,Karir Elit
5.0,3.0,4.0,Pilihan,,3,3.0,,4.0,3,3,,S1 Sistem Informasi,3.0,,,,,3.0,,4.0,,,,3,3,Pilihan,3.0,4.0,3.0,,,,4.0,6.0,3.0,3.7142857142857144,1,Karir Linear
5.0,3.0,5.0,,,5,5.0,,5.0,1,1,,S1 Sistem Informasi,5.0,,,Pilihan,,3.0,,5.0,,,0,4,4,,5.0,5.0,5.0,,,,5.0,12.0,3.5714285714285716,5.0,0,Karir Lintas Jalur
7.0,3.0,4.0,Pilihan,Pilihan,3,4.0,,4.0,4,3,,S1 Sistem Informasi,3.0,,,,,3.0,,4.0,,,"Certified Secure Computer User (CSCU), Professional Scrum Product Owner (PSPO I), Project Management Essential, LEAN Six SIGMA White Belt",3,3,Pilihan,4.0,4.0,4.0,,,,4.0,60.0,3.2857142857142856,4.0,2,Karir Tertunda
5.0,4.0,4.0,,Pilihan,3,3.0,,4.0,3,3,,S1 Sistem Informasi,3.0,,,,,4.0,,4.0,,,"CCNA 2, PL/SQL, Juara Harapan CODIC 2.0 ,  Finalin Codic 3.0, TOEFEL, UI Learn",3,3,Pilihan,4.0,5.0,3.0,,,,4.0,12.0,3.0,4.0,0,Karir Lintas Jalur
1.0,1.0,5.0,,,1,4.0,,5.0,1,1,,S1 Sistem Informasi,3.0,,,,,1.0,,4.0,,,0,2,3,,5.0,4.0,1.0,,,,4.0,0.0,1.7142857142857142,4.428571428571429,1,Karir Linear
100.0,13.0,4.0,Pilihan,,4,5.0,,4.0,4,4,,S1 Sistem Informasi,5.0,,,,,30.0,,4.0,,,"Back End Development and APIs 9 Maret 2022 - tidak ditentukan, Responsive Web Design 19 Maret 2022 - tidak ditentukan",4,5,Pilihan,4.0,4.0,5.0,,,,4.0,-4.0,4.428571428571429,4.142857142857143,3,Karir Elit
2.0,2.0,4.0,Pilihan,,4,2.0,,4.0,5,4,,S1 Sistem Informasi,5.0,,,,,2.0,,3.0,,,Sertifikasi UI/UX Design,3,2,,4.0,4.0,4.0,,Pilihan,Pilihan,5.0,12.0,3.857142857142857,3.7142857142857144,3,Karir Elit
10.0,3.0,4.0,Pilihan,,4,4.0,,4.0,4,4,,S1 Sistem Informasi,5.0,,,,,5.0,,4.0,,,"CCNA, PL/SQL Oracle, CSCU",5,4,,4.0,4.0,4.0,,Pilihan,,4.0,-1.0,4.285714285714286,4.0,1,Karir Linear
10.0,3.0,5.0,Pilihan,Pilihan,4,3.0,,4.0,4,4,,S1 Sistem Informasi,4.0,Pilihan,,,,8.0,,5.0,,,oracle,4,4,Pilihan,4.0,5.0,4.0,Pilihan,,,5.0,-5.0,4.0,4.428571428571429,0,Karir Lintas Jalur
5.0,3.0,4.0,,,5,4.0,,5.0,5,5,,S1 Sistem Informasi,5.0,,,Pilihan,,3.0,,5.0,,,0,5,5,,4.0,4.0,5.0,,,,5.0,60.0,5.0,4.428571428571429,3,Karir Elit
3.0,4.0,4.0,,,4,3.0,,4.0,4,4,,S1 Sistem Informasi,4.0,,,,,10.0,,4.0,,,CCNA,4,4,,4.0,4.0,4.0,,,,4.0,0.0,4.0,3.857142857142857,3,Karir Elit
1.0,2.0,4.0,Pilihan,Pilihan,3,3.0,,4.0,3,3,,S1 Sistem Informasi,3.0,,,,,1.0,,4.0,,,0,3,3,Pilihan,4.0,4.0,3.0,,Pilihan,,4.0,1.0,3.0,3.857142857142857,3,Karir Elit
1.0,1.0,4.0,,,5,4.0,,5.0,5,5,,S1 Sistem Informasi,5.0,,,,,1.0,Pilihan,4.0,,,0,5,5,,5.0,4.0,5.0,,,,4.0,1.0,5.0,4.285714285714286,1,Karir Linear
1.0,1.0,4.0,Pilihan,Pilihan,5,3.0,,5.0,5,5,,S1 Sistem Informasi,5.0,,,,Pilihan,1.0,,4.0,,,PL/SQL ORACLE 2021,5,5,,4.0,5.0,5.0,,,,5.0,1.0,5.0,4.285714285714286,0,Karir Lintas Jalur
4.0,4.0,4.0,,Pilihan,4,4.0,,5.0,5,4,,S1 Sistem Informasi,4.0,,,,Pilihan,4.0,,5.0,,,Sertifikat iOS7,4,3,Pilihan,4.0,5.0,5.0,,,,5.0,6.0,4.142857142857143,4.571428571428571,3,Karir Elit
50.0,5.0,2.0,,,4,3.0,,2.0,3,4,,S1 Sistem Informasi,3.0,,,,,5.0,,3.0,,,-,3,2,Pilihan,4.0,4.0,5.0,,,,4.0,48.0,3.4285714285714284,3.142857142857143,2,Karir Tertunda
15.0,5.0,5.0,,,5,4.0,,5.0,5,5,,S1 Sistem Informasi,4.0,,,,,7.0,,5.0,,,Pl/sql,4,5,Pilihan,4.0,5.0,5.0,,,,5.0,48.0,4.714285714285714,4.714285714285714,1,Karir Linear
3.0,3.0,5.0,,,4,4.0,,5.0,5,4,,S1 Sistem Informasi,4.0,,,,Pilihan,3.0,,4.0,,,PL/SQL Oracle,4,4,,4.0,4.0,4.0,,,,5.0,48.0,4.142857142857143,4.428571428571429,2,Karir Tertunda
8.0,4.0,4.0,Pilihan,,4,3.0,,5.0,4,3,,S1 Sistem Informasi,4.0,,,,,4.0,Pilihan,4.0,,Pilihan,0,4,4,Pilihan,5.0,4.0,4.0,Pilihan,Pilihan,,4.0,-6.0,3.857142857142857,4.142857142857143,1,Karir Linear
1.0,1.0,5.0,,,3,4.0,,4.0,5,4,,S1 Sistem Informasi,3.0,,,,,1.0,,4.0,,,0,3,3,,4.0,3.0,5.0,Pilihan,,Pilihan,4.0,4.0,3.7142857142857144,4.0,1,Karir Linear
1.0,1.0,4.0,,,3,3.0,,4.0,3,4,,S1 Sistem Informasi,4.0,,,,,1.0,,4.0,,,CCNA - Network Engineer,4,3,,4.0,5.0,4.0,,Pilihan,,5.0,6.0,3.5714285714285716,4.142857142857143,3,Karir Elit
10.0,10.0,4.0,,,4,4.0,,4.0,2,5,,S1 Sistem Informasi,5.0,,,,Pilihan,10.0,,4.0,,,"Alibaba Cloud Certification - Apsara Clouder - Cloud Computing - Operate and Manage a Cloud Server Serial Number : ACLC03210700053378 Valid Until : Jul 06, 2023  Certified Secure Computer User v2 Certification Number : ECC5609724183  Frontend Fundamentals pirple.com : a477e6ad-7772-4c0b-8083-cc657317ad93",5,5,Pilihan,4.0,4.0,5.0,,Pilihan,,4.0,12.0,4.428571428571429,4.0,3,Karir Elit
10.0,5.0,4.0,,,4,3.0,,4.0,4,4,,S1 Sistem Informasi,2.0,,,,,5.0,,4.0,,,0,2,2,Pilihan,3.0,4.0,4.0,,,,4.0,60.0,3.142857142857143,3.7142857142857144,3,Karir Elit
4.0,8.0,5.0,,Pilihan,4,5.0,Pilihan,5.0,4,5,,S1 Sistem Informasi,4.0,,Pilihan,,,8.0,,5.0,,Pilihan,"Ccna oracle ,",4,4,Pilihan,5.0,4.0,4.0,Pilihan,,,4.0,8.0,4.142857142857143,4.714285714285714,3,Karir Elit
2.0,2.0,3.0,,,3,3.0,,3.0,3,3,,S1 Sistem Informasi,3.0,,,,,2.0,,3.0,Pilihan,,CCNA,3,3,,3.0,3.0,3.0,Pilihan,,,3.0,6.0,3.0,3.0,0,Karir Lintas Jalur
20.0,10.0,5.0,,,4,4.0,,5.0,5,4,,S1 Sistem Informasi,3.0,,,,,10.0,,5.0,,,0,3,2,Pilihan,5.0,5.0,4.0,,,,5.0,-1.0,3.5714285714285716,4.857142857142857,3,Karir Elit
1.0,1.0,2.0,,Pilihan,1,2.0,,1.0,1,1,,S1 Sistem Informasi,1.0,,,,,1.0,,1.0,,,0,1,3,,2.0,1.0,1.0,,,,1.0,2.0,1.2857142857142858,1.4285714285714286,1,Karir Linear
30.0,10.0,5.0,,Pilihan,5,4.0,Pilihan,5.0,5,5,,S1 Sistem Informasi,5.0,,,,,10.0,Pilihan,5.0,,,0,5,5,Pilihan,5.0,5.0,5.0,,Pilihan,Pilihan,5.0,1.0,5.0,4.857142857142857,1,Karir Linear
8.0,3.0,4.0,,,4,3.0,,4.0,4,4,,S1 Sistem Informasi,3.0,,,,,5.0,,3.0,Pilihan,,"Oracle Academy : Programming PL/SQL 2020, CCNA Routing and Switching : Introduction to Network  2019",4,3,,4.0,5.0,4.0,,,,4.0,-1.0,3.7142857142857144,3.857142857142857,1,Karir Linear
1.0,3.0,5.0,,Pilihan,3,5.0,,5.0,4,3,,S1 Sistem Informasi,3.0,,,,,3.0,,4.0,,,"AWS Certified Cloud Practitioner (2026), NSE 3 (2025), Alibaba Cloud Associate (ACA) Cloud Computing (2025) dan 3 lainnya",3,2,Pilihan,5.0,5.0,3.0,,,,4.0,1.0,3.0,4.714285714285714,3,Karir Elit
1000.0,70.0,4.0,,,3,4.0,,4.0,4,4,,S1 Psikologi,4.0,Pilihan,,Pilihan,,100.0,Pilihan,4.0,,,,4,4,Pilihan,4.0,4.0,4.0,,,Pilihan,4.0,6.0,3.857142857142857,4.0,3,Karir Elit
100.0,15.0,4.0,Pilihan,,4,4.0,,5.0,4,4,,S1 Psikologi,5.0,,,,,20.0,,4.0,,,,5,4,,4.0,5.0,5.0,,Pilihan,,5.0,-6.0,4.428571428571429,4.428571428571429,1,Karir Linear
10.0,4.0,3.0,Pilihan,,5,4.0,,5.0,5,5,,S1 Psikologi,4.0,,,,,7.0,,5.0,,,,3,4,,4.0,5.0,5.0,,,,5.0,3.0,4.428571428571429,4.428571428571429,0,Karir Lintas Jalur
100.0,3.0,3.0,Pilihan,,3,3.0,,5.0,5,5,,S1 Psikologi,3.0,,,,,5.0,,3.0,,,,2,2,Pilihan,4.0,4.0,4.0,,,,4.0,-15.0,3.4285714285714284,3.7142857142857144,1,Karir Linear
10.0,0.0,5.0,Pilihan,,3,4.0,,5.0,3,3,,S1 Psikologi,3.0,,,,,0.0,,5.0,,,,3,3,,4.0,5.0,3.0,,,,5.0,36.0,3.0,4.714285714285714,2,Karir Tertunda
3.0,0.0,5.0,Pilihan,,4,4.0,,5.0,4,5,,S1 Psikologi,3.0,,,,Pilihan,0.0,,4.0,,,,4,3,,4.0,5.0,5.0,,Pilihan,,5.0,24.0,4.0,4.571428571428571,0,Karir Lintas Jalur
1.0,1.0,3.0,Pilihan,,4,4.0,,3.0,4,4,,S1 Psikologi,3.0,,,,,1.0,,3.0,,,Sertifikasi kurikulum Montessori,4,4,Pilihan,3.0,2.0,4.0,,,,2.0,2.0,3.857142857142857,2.857142857142857,0,Karir Lintas Jalur
50.0,5.0,4.0,,,3,3.0,,4.0,3,2,,S1 Psikologi,4.0,Pilihan,,,,10.0,Pilihan,4.0,,,,2,3,Pilihan,4.0,4.0,2.0,,,Pilihan,4.0,-3.0,2.7142857142857144,3.857142857142857,0,Karir Lintas Jalur
15.0,10.0,4.0,,,3,3.0,,5.0,3,3,,S1 Psikologi,3.0,Pilihan,,,,5.0,,5.0,,,,3,2,Pilihan,4.0,5.0,3.0,,Pilihan,,5.0,-1.0,2.857142857142857,4.428571428571429,1,Karir Linear
5.0,4.0,5.0,Pilihan,,4,4.0,,5.0,3,4,,S1 Psikologi,4.0,,,,,5.0,,5.0,,,,3,3,,4.0,4.0,3.0,,,,5.0,48.0,3.4285714285714284,4.571428571428571,2,Karir Tertunda
1.0,1.0,5.0,,,4,4.0,,5.0,5,5,,S1 Psikologi,5.0,,,,,1.0,,5.0,Pilihan,,0,5,5,,5.0,5.0,5.0,,,,5.0,1.0,4.857142857142857,4.857142857142857,1,Karir Linear
12.0,1.0,3.0,,,4,3.0,,4.0,5,4,,S1 Psikologi,4.0,,,,,1.0,,3.0,,,0,4,3,Pilihan,3.0,4.0,4.0,,,,4.0,-12.0,4.0,3.4285714285714284,3,Karir Elit
5.0,3.0,4.0,Pilihan,,3,4.0,,5.0,4,4,,S1 Psikologi,3.0,,,,,3.0,,5.0,,,0,2,2,,4.0,5.0,3.0,,,,5.0,84.0,3.0,4.571428571428571,0,Karir Lintas Jalur
5.0,1.0,5.0,Pilihan,Pilihan,5,5.0,Pilihan,5.0,5,5,Pilihan,S1 Psikologi,5.0,Pilihan,Pilihan,Pilihan,Pilihan,1.0,Pilihan,5.0,Pilihan,Pilihan,0,5,5,Pilihan,5.0,5.0,5.0,Pilihan,Pilihan,Pilihan,5.0,6.0,5.0,5.0,3,Karir Elit
30.0,1.0,4.0,Pilihan,,4,4.0,,4.0,5,4,,S1 Psikologi,5.0,,,,,3.0,,4.0,,,0,5,4,,4.0,4.0,5.0,,,,4.0,1.0,4.571428571428571,4.0,1,Karir Linear
30.0,5.0,4.0,,,3,4.0,,4.0,4,4,,S1 Psikologi,4.0,,,,Pilihan,5.0,,4.0,,,0,3,4,,3.0,4.0,4.0,,,,4.0,12.0,3.7142857142857144,3.857142857142857,3,Karir Elit
3.0,3.0,5.0,,,3,5.0,,5.0,3,3,,S1 Psikologi,3.0,,,,,3.0,Pilihan,5.0,,,0,3,3,,5.0,5.0,3.0,,,,5.0,12.0,3.0,5.0,0,Karir Lintas Jalur
5.0,2.0,4.0,,,5,3.0,,5.0,5,5,,S1 Psikologi,4.0,Pilihan,,,,2.0,,3.0,,,0,4,5,,4.0,3.0,4.0,,,,4.0,-6.0,4.571428571428571,3.7142857142857144,0,Karir Lintas Jalur
100.0,5.0,4.0,,,4,3.0,,5.0,4,4,,S1 Psikologi,4.0,,,,,10.0,Pilihan,4.0,,,0,4,5,Pilihan,4.0,4.0,4.0,,,,4.0,4.0,4.142857142857143,4.0,3,Karir Elit
2.0,2.0,4.0,,,4,4.0,,4.0,3,4,,S1 Psikologi,2.0,,,,,2.0,,4.0,,,0,1,2,,4.0,4.0,2.0,,,,4.0,0.0,2.5714285714285716,4.0,2,Karir Tertunda
2.0,1.0,3.0,Pilihan,,3,3.0,,3.0,3,2,,S1 Psikologi,3.0,,,,,1.0,,3.0,,,0,4,3,,3.0,3.0,3.0,,,,3.0,24.0,3.0,3.0,0,Karir Lintas Jalur
20.0,10.0,4.0,Pilihan,,4,3.0,,4.0,4,4,,S1 Psikologi,4.0,Pilihan,,,,10.0,,4.0,,,0,4,4,Pilihan,4.0,4.0,4.0,,,Pilihan,4.0,12.0,4.0,3.857142857142857,1,Karir Linear
50.0,8.0,3.0,,,4,2.0,,3.0,4,3,,S1 Psikologi,4.0,,,,,10.0,,3.0,,,0,3,4,Pilihan,3.0,2.0,5.0,,,,3.0,-9.0,3.857142857142857,2.7142857142857144,1,Karir Linear
6.0,2.0,5.0,Pilihan,,4,4.0,,4.0,5,5,,S1 Psikologi,5.0,Pilihan,,,,2.0,,5.0,,,Sertifikasi Human Resource Basic dari Chahra Event,3,3,Pilihan,4.0,4.0,4.0,,Pilihan,,5.0,5.0,4.142857142857143,4.428571428571429,1,Karir Linear
20.0,5.0,4.0,,,3,4.0,,3.0,3,3,,S1 Psikologi,3.0,,,,,6.0,Pilihan,3.0,,,0,3,3,,3.0,3.0,3.0,,Pilihan,Pilihan,3.0,6.0,3.0,3.2857142857142856,0,Karir Lintas Jalur
5.0,5.0,3.0,,,3,3.0,,3.0,4,3,,S1 Psikologi,3.0,,,,,5.0,,4.0,,,0,4,3,Pilihan,4.0,4.0,4.0,,Pilihan,,3.0,3.0,3.4285714285714284,3.4285714285714284,1,Karir Linear
7.0,4.0,3.0,,Pilihan,3,4.0,,4.0,3,5,,S1 Psikologi,3.0,,,,,4.0,,4.0,,,0,4,2,Pilihan,3.0,4.0,4.0,,Pilihan,,4.0,6.0,3.4285714285714284,3.7142857142857144,3,Karir Elit
15.0,5.0,4.0,Pilihan,,4,4.0,,5.0,4,5,,S1 Psikologi,2.0,,,,,10.0,,4.0,,,blm,4,4,Pilihan,5.0,5.0,5.0,,Pilihan,,5.0,1.0,4.0,4.571428571428571,1,Karir Linear
2.0,2.0,4.0,Pilihan,,3,4.0,,5.0,4,4,,S1 Psikologi,2.0,,,,,2.0,,5.0,,,HKI,2,4,,4.0,5.0,4.0,,,,5.0,-1.0,3.2857142857142856,4.571428571428571,1,Karir Linear
30.0,7.0,2.0,Pilihan,,1,2.0,,1.0,1,1,,S1 Psikologi,2.0,,,,,10.0,,1.0,,,0,1,2,Pilihan,2.0,1.0,1.0,,,,1.0,-7.0,1.2857142857142858,1.4285714285714286,0,Karir Lintas Jalur
56.0,4.0,5.0,Pilihan,,5,5.0,,5.0,5,4,,S1 Psikologi,3.0,Pilihan,,,,6.0,,5.0,,,0,3,3,Pilihan,4.0,5.0,3.0,,Pilihan,,5.0,-3.0,3.7142857142857144,4.857142857142857,3,Karir Elit
70.0,5.0,5.0,,,3,4.0,,5.0,4,3,,S1 Psikologi,2.0,,,,,10.0,,4.0,,,0,2,3,Pilihan,4.0,4.0,2.0,,Pilihan,Pilihan,5.0,-3.0,2.7142857142857144,4.428571428571429,1,Karir Linear
35.0,5.0,3.0,,,3,3.0,,4.0,3,3,,S1 Psikologi,3.0,,,,,7.0,,4.0,,,0,3,3,Pilihan,3.0,4.0,3.0,,,,4.0,4.0,3.0,3.5714285714285716,0,Karir Lintas Jalur
1.0,1.0,4.0,Pilihan,,5,4.0,,4.0,5,5,,S1 Psikologi,3.0,,,,,1.0,,4.0,,,0,4,4,,4.0,3.0,5.0,,,,5.0,1.0,4.428571428571429,4.0,1,Karir Linear
5.0,2.0,3.0,,,3,3.0,,5.0,5,4,,S1 Psikologi,3.0,,,,,2.0,,4.0,,,0,2,2,,3.0,4.0,3.0,,,,5.0,0.0,3.142857142857143,3.857142857142857,0,Karir Lintas Jalur
2.0,1.0,4.0,,,4,5.0,,5.0,5,4,,S1 Psikologi,4.0,,,,,1.0,,5.0,,,Certified Human resources manager from BNSP,4,4,,4.0,5.0,4.0,,,,4.0,0.0,4.142857142857143,4.571428571428571,3,Karir Elit
300.0,10.0,3.0,,Pilihan,2,5.0,,4.0,2,4,,S1 Psikologi,2.0,,,,,10.0,,5.0,,,Human Resources Bootcamp by Harisenin.com,2,3,Pilihan,3.0,5.0,2.0,,Pilihan,Pilihan,4.0,-1.0,2.4285714285714284,4.142857142857143,1,Karir Linear
50.0,3.0,3.0,Pilihan,,4,3.0,,4.0,4,3,,S1 Psikologi,4.0,,,,,20.0,Pilihan,4.0,,,0,4,3,Pilihan,3.0,3.0,4.0,,,,3.0,-3.0,3.7142857142857144,3.2857142857142856,1,Karir Linear
30.0,15.0,4.0,Pilihan,,5,4.0,,5.0,5,3,,S1 Psikologi,5.0,,,,,20.0,,4.0,,,0,3,5,Pilihan,5.0,5.0,5.0,,,,5.0,-12.0,4.428571428571429,4.571428571428571,1,Karir Linear
10.0,4.0,3.0,,Pilihan,5,3.0,,4.0,5,5,,S1 Psikologi,5.0,,,,,3.0,,2.0,,,0,5,5,Pilihan,4.0,2.0,5.0,,,,3.0,1.0,5.0,3.0,3,Karir Elit
2.0,2.0,4.0,,,4,4.0,,5.0,5,5,,S1 Psikologi,4.0,,,,,2.0,,5.0,,,0,4,4,Pilihan,5.0,5.0,3.0,,,,5.0,1.0,4.142857142857143,4.714285714285714,3,Karir Elit
1.0,5.0,3.0,Pilihan,,3,3.0,,3.0,3,3,,S1 Periklanan,3.0,,,,,3.0,,3.0,,,,3,3,Pilihan,3.0,3.0,3.0,,,,3.0,12.0,3.0,3.0,2,Karir Tertunda
5.0,5.0,5.0,,,3,4.0,,5.0,4,4,,S1 Periklanan,4.0,,,,,3.0,,5.0,,,,4,4,Pilihan,5.0,5.0,4.0,,,,5.0,24.0,3.857142857142857,4.857142857142857,1,Karir Linear
1.0,1.0,4.0,,Pilihan,1,4.0,,5.0,4,5,,S1 Periklanan,3.0,,,,,1.0,,5.0,,,,4,3,,5.0,4.0,4.0,,,,5.0,-3.0,3.4285714285714284,4.571428571428571,3,Karir Elit
600.0,10.0,5.0,,,5,4.0,,5.0,5,5,,S1 Periklanan,4.0,,,,,20.0,,5.0,,,,3,3,Pilihan,4.0,4.0,3.0,,,,4.0,36.0,4.0,4.428571428571429,0,Karir Lintas Jalur
15.0,4.0,3.0,,Pilihan,2,3.0,,4.0,3,3,,S1 Periklanan,3.0,,,,,5.0,,4.0,,,,2,3,,4.0,4.0,2.0,,,,5.0,-2.0,2.5714285714285716,3.857142857142857,3,Karir Elit
2.0,2.0,4.0,,Pilihan,2,5.0,,5.0,4,5,,S1 Periklanan,3.0,,,,,2.0,,5.0,,,,2,2,,4.0,5.0,2.0,,,,5.0,0.0,2.857142857142857,4.714285714285714,3,Karir Elit
3.0,2.0,5.0,,,4,,,,4,3,,S1 Periklanan,3.0,,,,,3.0,,4.0,,,,3,4,,,5.0,3.0,,,,5.0,1.0,3.4285714285714284,4.75,3,Karir Elit
2.0,2.0,4.0,,,3,4.0,,3.0,3,3,,S1 Periklanan,3.0,,,,,2.0,,4.0,Pilihan,,,3,3,,3.0,4.0,3.0,,,,4.0,12.0,3.0,3.7142857142857144,0,Karir Lintas Jalur
5.0,2.0,4.0,Pilihan,,4,2.0,,5.0,5,5,,S1 Periklanan,5.0,,,,,2.0,,4.0,,,0,3,5,Pilihan,3.0,5.0,5.0,,,,5.0,12.0,4.571428571428571,4.0,0,Karir Lintas Jalur
20.0,10.0,4.0,,,4,4.0,,4.0,4,5,,S1 Periklanan,4.0,,,Pilihan,Pilihan,10.0,,4.0,,,Tdk ada,4,4,,4.0,4.0,4.0,,Pilihan,,4.0,6.0,4.142857142857143,4.0,1,Karir Linear
5.0,3.0,4.0,Pilihan,Pilihan,4,4.0,,4.0,4,5,,S1 Periklanan,4.0,,,,,3.0,,4.0,,,0,4,4,Pilihan,3.0,4.0,4.0,,,,4.0,2.0,4.142857142857143,3.857142857142857,1,Karir Linear
1.0,1.0,5.0,,,5,4.0,,5.0,5,5,,S1 Periklanan,2.0,,,,,1.0,,5.0,,,0,2,5,,5.0,5.0,2.0,,,,5.0,0.0,3.7142857142857144,4.857142857142857,0,Karir Lintas Jalur
5.0,3.0,4.0,,,4,3.0,,4.0,4,4,,S1 Periklanan,4.0,,,,,3.0,,4.0,,,0,4,4,,4.0,4.0,4.0,,,,4.0,0.0,4.0,3.857142857142857,2,Karir Tertunda
30.0,15.0,4.0,Pilihan,,3,4.0,,3.0,3,4,,S1 Periklanan,3.0,,,,,20.0,Pilihan,4.0,,,0,3,3,,4.0,3.0,3.0,,Pilihan,,4.0,12.0,3.142857142857143,3.7142857142857144,1,Karir Linear
3.0,2.0,5.0,,,4,5.0,,5.0,4,4,,S1 Periklanan,4.0,,,,,3.0,,5.0,,,0,4,4,Pilihan,5.0,5.0,4.0,,,,5.0,1.0,4.0,5.0,1,Karir Linear
1.0,5.0,5.0,,,5,5.0,,5.0,5,5,,S1 Periklanan,5.0,Pilihan,,Pilihan,,7.0,Pilihan,5.0,,,0,5,5,,5.0,5.0,5.0,,,,5.0,12.0,5.0,5.0,1,Karir Linear
10.0,5.0,4.0,,Pilihan,3,4.0,,4.0,3,3,,S1 Periklanan,3.0,,,,,5.0,Pilihan,4.0,,,0,3,3,,4.0,4.0,3.0,,,,4.0,36.0,3.0,4.0,2,Karir Tertunda
3.0,1.0,5.0,,,4,3.0,,5.0,5,3,,S1 Periklanan,3.0,,,,,1.0,,4.0,,,0,3,3,Pilihan,5.0,5.0,3.0,,,,5.0,45.0,3.4285714285714284,4.571428571428571,2,Karir Tertunda
6.0,3.0,4.0,,Pilihan,4,4.0,,5.0,5,5,,S1 Periklanan,4.0,,,,,4.0,,5.0,,,0,5,3,,4.0,5.0,5.0,,,,5.0,6.0,4.428571428571429,4.571428571428571,3,Karir Elit
3.0,3.0,5.0,,Pilihan,2,5.0,,5.0,5,4,,S1 Periklanan,2.0,,,,,3.0,,5.0,,,ef certificate Credential ID efset.org/cert/uKmvTP,2,2,,5.0,5.0,2.0,,,,5.0,1.0,2.7142857142857144,5.0,3,Karir Elit
5.0,1.0,3.0,Pilihan,,3,3.0,,3.0,2,4,,S1 Penyiaran,4.0,,,,,1.0,,3.0,,,,2,3,Pilihan,3.0,3.0,4.0,,Pilihan,,3.0,-5.0,3.142857142857143,3.0,0,Karir Lintas Jalur
4.0,1.0,3.0,Pilihan,,2,3.0,,3.0,3,3,,S1 Penyiaran,3.0,,,,,1.0,,3.0,,,,3,3,,3.0,3.0,3.0,,,,3.0,-3.0,2.857142857142857,3.0,3,Karir Elit
10.0,10.0,4.0,,,4,3.0,,5.0,4,4,Pilihan,S1 Penyiaran,4.0,,,,,3.0,,5.0,,,0,4,4,Pilihan,3.0,5.0,4.0,,,,4.0,36.0,4.0,4.142857142857143,2,Karir Tertunda
8.0,4.0,5.0,,,5,4.0,,4.0,4,4,,S1 Penyiaran,5.0,Pilihan,,,,7.0,,5.0,,,0,4,5,,5.0,5.0,5.0,,,,5.0,-10.0,4.571428571428571,4.714285714285714,1,Karir Linear
45.0,10.0,5.0,Pilihan,,3,5.0,,5.0,5,4,,S1 Penyiaran,3.0,,,,,15.0,,5.0,,,0,2,2,,4.0,5.0,3.0,,,,4.0,-10.0,3.142857142857143,4.714285714285714,0,Karir Lintas Jalur
7.0,10.0,5.0,Pilihan,,5,5.0,,5.0,5,5,,S1 Penyiaran,5.0,,,,,4.0,,5.0,,,0,5,5,Pilihan,5.0,5.0,5.0,,,,5.0,-10.0,5.0,5.0,0,Karir Lintas Jalur
58.0,21.0,4.0,,,2,2.0,,5.0,5,5,,S1 Penyiaran,4.0,Pilihan,,,,44.0,,5.0,,,Belum Ada,5,3,Pilihan,4.0,5.0,5.0,,,,5.0,28.0,4.142857142857143,4.285714285714286,1,Karir Linear
5.0,5.0,5.0,,Pilihan,4,3.0,,4.0,4,2,,S1 Penyiaran,5.0,,,,,5.0,,4.0,,,0,5,3,Pilihan,4.0,3.0,5.0,,Pilihan,,3.0,-1.0,4.0,3.7142857142857144,1,Karir Linear
30.0,20.0,4.0,Pilihan,Pilihan,4,3.0,,5.0,5,5,,S1 Penyiaran,5.0,Pilihan,,,,20.0,,5.0,,,0,4,4,Pilihan,4.0,5.0,4.0,,Pilihan,,5.0,-1.0,4.428571428571429,4.428571428571429,0,Karir Lintas Jalur
20.0,2.0,3.0,,,5,3.0,,3.0,5,5,,S1 Penyiaran,5.0,Pilihan,,,,3.0,Pilihan,4.0,,,0,5,5,,4.0,4.0,5.0,,,,5.0,-3.0,5.0,3.7142857142857144,0,Karir Lintas Jalur
24.0,10.0,5.0,,,4,2.0,,3.0,4,4,,S1 Penyiaran,4.0,,,,Pilihan,10.0,Pilihan,4.0,,,0,4,4,,2.0,3.0,4.0,,,,5.0,72.0,4.0,3.4285714285714284,0,Karir Lintas Jalur
1.0,1.0,5.0,Pilihan,Pilihan,3,4.0,,4.0,4,5,,S1 Manajemen,3.0,,,,,1.0,,5.0,,,,4,1,,4.0,4.0,4.0,,,,4.0,0.0,3.4285714285714284,4.285714285714286,1,Karir Linear
20.0,5.0,5.0,,,2,5.0,,5.0,5,5,,S1 Manajemen,3.0,Pilihan,,Pilihan,,5.0,,5.0,,,,3,2,Pilihan,5.0,5.0,4.0,,Pilihan,,5.0,-1.0,3.4285714285714284,5.0,1,Karir Linear
4.0,1.0,2.0,,,3,3.0,,3.0,4,4,,S1 Manajemen,3.0,,,,,1.0,Pilihan,3.0,,,,3,4,,3.0,2.0,4.0,,Pilihan,,2.0,-5.0,3.5714285714285716,2.5714285714285716,0,Karir Lintas Jalur
8.0,8.0,5.0,,,3,4.0,,5.0,5,5,,S1 Manajemen,4.0,,,Pilihan,,8.0,Pilihan,5.0,,,,4,4,Pilihan,5.0,5.0,5.0,,Pilihan,,5.0,12.0,4.285714285714286,4.857142857142857,3,Karir Elit
3.0,2.0,3.0,,,2,4.0,,4.0,5,5,,S1 Manajemen,5.0,Pilihan,,,,2.0,,4.0,,,,5,5,Pilihan,4.0,4.0,5.0,,,,4.0,12.0,4.571428571428571,3.857142857142857,1,Karir Linear
3.0,10.0,5.0,,Pilihan,2,5.0,,5.0,4,4,,S1 Manajemen,3.0,,,,,10.0,,5.0,,,,3,4,,4.0,5.0,3.0,,,,5.0,12.0,3.2857142857142856,4.857142857142857,3,Karir Elit
0.0,0.0,3.0,,,4,3.0,,4.0,4,4,,S1 Manajemen,4.0,,,,,0.0,,4.0,Pilihan,,,4,4,,4.0,4.0,4.0,,,,4.0,12.0,4.0,3.7142857142857144,0,Karir Lintas Jalur
30.0,5.0,4.0,Pilihan,,3,3.0,,4.0,3,3,,S1 Manajemen,3.0,,,,,10.0,,4.0,,,,3,3,Pilihan,3.0,4.0,3.0,,,,4.0,-3.0,3.0,3.7142857142857144,0,Karir Lintas Jalur
20.0,4.0,4.0,Pilihan,,2,3.0,,5.0,3,3,,S1 Manajemen,2.0,,,,Pilihan,4.0,,3.0,,,,2,2,,3.0,4.0,3.0,,,,4.0,0.0,2.4285714285714284,3.7142857142857144,0,Karir Lintas Jalur
5.0,2.0,4.0,,Pilihan,3,4.0,,4.0,3,3,,S1 Manajemen,3.0,,,,,2.0,,4.0,,,,3,3,,4.0,4.0,3.0,,,,4.0,6.0,3.0,4.0,1,Karir Linear
7.0,0.0,4.0,Pilihan,,4,3.0,,4.0,4,4,,S1 Manajemen,4.0,,,,,5.0,,4.0,,,,4,4,Pilihan,4.0,4.0,4.0,,Pilihan,,4.0,1.0,4.0,3.857142857142857,3,Karir Elit
5.0,2.0,3.0,,,3,3.0,,4.0,5,5,Pilihan,S1 Manajemen,4.0,,,,,2.0,,5.0,,,,4,4,,4.0,4.0,4.0,,,,4.0,-4.0,4.142857142857143,3.857142857142857,1,Karir Linear
12.0,4.0,5.0,,,3,4.0,,5.0,3,3,,S1 Manajemen,3.0,,,,,4.0,,5.0,,,,3,2,Pilihan,4.0,5.0,3.0,,,,4.0,12.0,2.857142857142857,4.571428571428571,1,Karir Linear
15.0,3.0,3.0,Pilihan,,3,3.0,,3.0,3,3,,S1 Manajemen,3.0,Pilihan,,Pilihan,,5.0,,3.0,,,,3,3,Pilihan,3.0,3.0,3.0,,,Pilihan,3.0,3.0,3.0,3.0,3,Karir Elit
0.0,0.0,5.0,,Pilihan,3,3.0,,5.0,4,3,,S1 Manajemen,3.0,,,,,0.0,,5.0,,,,3,3,,4.0,5.0,3.0,,,Pilihan,5.0,48.0,3.142857142857143,4.571428571428571,2,Karir Tertunda
12.0,3.0,5.0,,,3,5.0,,5.0,5,5,,S1 Manajemen,4.0,,,,,5.0,,5.0,,,,3,4,Pilihan,4.0,4.0,3.0,,,,4.0,1.0,3.857142857142857,4.571428571428571,0,Karir Lintas Jalur
100.0,5.0,2.0,,,3,2.0,,3.0,3,3,,S1 Manajemen,3.0,,,,,10.0,,2.0,Pilihan,,,3,3,Pilihan,3.0,3.0,3.0,Pilihan,,,2.0,-12.0,3.0,2.4285714285714284,0,Karir Lintas Jalur
100.0,3.0,4.0,,,1,3.0,,5.0,3,3,,S1 Manajemen,1.0,Pilihan,,,,6.0,,4.0,,,,1,1,Pilihan,5.0,4.0,3.0,,,,4.0,-12.0,1.8571428571428572,4.142857142857143,0,Karir Lintas Jalur
1.0,1.0,4.0,Pilihan,,2,4.0,,4.0,4,4,,S1 Manajemen,3.0,,,,,1.0,,3.0,,,,3,2,,3.0,3.0,4.0,,,,4.0,-1.0,3.142857142857143,3.5714285714285716,1,Karir Linear
8.0,5.0,4.0,,,4,4.0,,4.0,4,4,,S1 Manajemen,3.0,,,,Pilihan,5.0,,4.0,,,,4,4,,4.0,4.0,4.0,,,,4.0,42.0,3.857142857142857,4.0,2,Karir Tertunda
1.0,1.0,5.0,Pilihan,,1,3.0,,5.0,5,5,,S1 Manajemen,1.0,,,,,1.0,,5.0,,,,2,2,,4.0,5.0,5.0,,,,5.0,48.0,3.0,4.571428571428571,0,Karir Lintas Jalur
7.0,2.0,2.0,,,4,3.0,,3.0,3,4,,S1 Manajemen,3.0,,,,,4.0,,2.0,,,,4,4,Pilihan,3.0,3.0,3.0,,,,3.0,2.0,3.5714285714285716,2.7142857142857144,0,Karir Lintas Jalur
10.0,10.0,5.0,,,5,5.0,,5.0,5,5,,S1 Manajemen,5.0,Pilihan,,,,10.0,,5.0,,,,5,5,,5.0,5.0,5.0,,,,5.0,12.0,5.0,5.0,0,Karir Lintas Jalur
10.0,10.0,5.0,,,3,5.0,,5.0,3,3,,S1 Manajemen,3.0,Pilihan,,,,10.0,,5.0,,,,3,2,Pilihan,4.0,5.0,3.0,,,,4.0,12.0,2.857142857142857,4.714285714285714,3,Karir Elit
10.0,5.0,4.0,,,4,,,,4,4,,S1 Manajemen,5.0,,,,,5.0,,4.0,,,,5,4,,,5.0,5.0,,Pilihan,,5.0,48.0,4.428571428571429,4.5,1,Karir Linear
1.0,1.0,4.0,,,3,,,,3,3,,S1 Manajemen,4.0,,,,,1.0,,4.0,,,,4,4,,,4.0,2.0,,,,4.0,2.0,3.2857142857142856,4.0,3,Karir Elit
4.0,1.0,4.0,,,3,3.0,,5.0,4,3,,S1 Manajemen,4.0,,,,,1.0,,5.0,,,,4,3,Pilihan,4.0,5.0,2.0,,,,5.0,48.0,3.2857142857142856,4.428571428571429,2,Karir Tertunda
10.0,3.0,5.0,,,2,3.0,,5.0,3,2,,S1 Manajemen,3.0,,,,,5.0,,4.0,,,,2,2,Pilihan,4.0,5.0,3.0,,,,4.0,0.0,2.4285714285714284,4.285714285714286,3,Karir Elit
3.0,3.0,5.0,,,3,4.0,,5.0,3,3,,S1 Manajemen,3.0,,,,Pilihan,3.0,,4.0,,,,3,3,Pilihan,4.0,4.0,3.0,,,,4.0,0.0,3.0,4.285714285714286,1,Karir Linear
3.0,2.0,4.0,,,2,3.0,,5.0,4,5,,S1 Manajemen,5.0,,,,,2.0,,4.0,,,0,2,1,Pilihan,3.0,3.0,2.0,,,,4.0,15.0,3.0,3.7142857142857144,0,Karir Lintas Jalur
2.0,2.0,4.0,,,3,3.0,,4.0,5,3,,S1 Manajemen,3.0,,,,Pilihan,2.0,,5.0,,,0,3,4,,5.0,3.0,3.0,,,,5.0,48.0,3.4285714285714284,4.142857142857143,2,Karir Tertunda
5.0,5.0,5.0,,,3,3.0,,5.0,3,3,,S1 Manajemen,3.0,,,,,5.0,,5.0,,,,3,3,Pilihan,4.0,5.0,3.0,,,,5.0,12.0,3.0,4.571428571428571,1,Karir Linear
5.0,3.0,5.0,Pilihan,,3,4.0,,5.0,3,3,,S1 Manajemen,3.0,,,,Pilihan,3.0,,4.0,,,,3,3,,4.0,4.0,2.0,,,,5.0,3.0,2.857142857142857,4.428571428571429,0,Karir Lintas Jalur
20.0,3.0,4.0,Pilihan,,3,3.0,,5.0,4,4,,S1 Manajemen,3.0,,,,,5.0,,5.0,,,0,3,4,Pilihan,4.0,4.0,3.0,,,,5.0,6.0,3.4285714285714284,4.285714285714286,0,Karir Lintas Jalur
1.0,3.0,4.0,,Pilihan,3,3.0,,4.0,5,4,,S1 Manajemen,3.0,,,,,4.0,,3.0,,,0,3,4,,5.0,4.0,5.0,,,,5.0,5.0,3.857142857142857,4.0,0,Karir Lintas Jalur
12.0,4.0,5.0,,,5,5.0,,5.0,5,4,Pilihan,S1 Manajemen,4.0,,,,,9.0,,4.0,,,0,4,4,Pilihan,5.0,4.0,4.0,,Pilihan,,4.0,6.0,4.285714285714286,4.571428571428571,3,Karir Elit
30.0,20.0,3.0,,,4,4.0,,3.0,4,4,,S1 Manajemen,5.0,Pilihan,,,,10.0,,4.0,Pilihan,,Human Resource Management dari AHS Manajemen (Masa Berlaku sampai Februari 2025),3,4,Pilihan,3.0,4.0,4.0,Pilihan,,,4.0,-3.0,4.0,3.5714285714285716,0,Karir Lintas Jalur
40.0,10.0,5.0,Pilihan,,5,3.0,,5.0,5,4,,S1 Manajemen,5.0,,,,,12.0,,5.0,,,Sertifikasi LSP Manajemen Keuangan,3,5,Pilihan,4.0,5.0,5.0,,Pilihan,Pilihan,5.0,-2.0,4.571428571428571,4.571428571428571,1,Karir Linear
7.0,5.0,5.0,,,5,4.0,,5.0,5,5,,S1 Manajemen,5.0,,,,,6.0,,5.0,,,Sertifikasi profesi Human Resource Management dari Lembaga Sertifikasi Profesi TUV Rheinland Indonesia,4,4,Pilihan,4.0,5.0,4.0,,Pilihan,,5.0,12.0,4.571428571428571,4.714285714285714,3,Karir Elit
1.0,1.0,4.0,Pilihan,,3,3.0,,5.0,3,3,,S1 Manajemen,2.0,,,Pilihan,,1.0,Pilihan,4.0,Pilihan,,"Leadership, Human Resource Management",3,2,Pilihan,3.0,4.0,3.0,,Pilihan,,5.0,1.0,2.7142857142857144,4.0,2,Karir Tertunda
10.0,2.0,5.0,Pilihan,,5,4.0,,5.0,5,5,,S1 Manajemen,5.0,Pilihan,,,,5.0,,5.0,,Pilihan,Sertifikasi profesi Manajemen dari Lembaga Sertifikasi Profesi,5,4,Pilihan,5.0,5.0,4.0,Pilihan,Pilihan,,5.0,3.0,4.714285714285714,4.857142857142857,1,Karir Linear
2.0,2.0,4.0,,,5,3.0,,5.0,5,4,,S1 Manajemen,4.0,,,Pilihan,,2.0,,5.0,,,0,4,5,,4.0,5.0,4.0,,,,5.0,1.0,4.428571428571429,4.428571428571429,2,Karir Tertunda
2.0,2.0,4.0,,,3,4.0,,5.0,4,3,,S1 Manajemen,3.0,,,,,2.0,,5.0,,,0,3,3,,5.0,5.0,3.0,,,,5.0,0.0,3.142857142857143,4.714285714285714,0,Karir Lintas Jalur
5.0,3.0,4.0,,,3,4.0,,4.0,4,3,,S1 Manajemen,3.0,,,,,5.0,,4.0,,,0,3,3,Pilihan,4.0,4.0,3.0,,,,4.0,24.0,3.142857142857143,4.0,1,Karir Linear
1.0,1.0,4.0,,,4,3.0,,4.0,4,4,,S1 Manajemen,4.0,,,,Pilihan,1.0,,4.0,,,Sertifikasi First Aider,4,4,,4.0,4.0,4.0,,,,4.0,12.0,4.0,3.857142857142857,3,Karir Elit
1.0,1.0,4.0,Pilihan,,5,2.0,,4.0,4,5,,S1 Manajemen,3.0,,,,,1.0,,5.0,,,0,3,4,,3.0,5.0,3.0,,,,5.0,24.0,3.857142857142857,4.0,2,Karir Tertunda
30.0,5.0,5.0,,,4,4.0,,5.0,3,4,,S1 Manajemen,3.0,,,,,10.0,,5.0,,,0,5,5,Pilihan,3.0,5.0,4.0,,,,5.0,36.0,4.0,4.571428571428571,0,Karir Lintas Jalur
1.0,1.0,5.0,,,5,3.0,,5.0,5,5,,S1 Manajemen,5.0,,,,,1.0,,5.0,,,CERTIFICATE HUMAN RESOURCE MANAGEMENT,5,5,,5.0,5.0,5.0,,,,5.0,0.0,5.0,4.714285714285714,0,Karir Lintas Jalur
20.0,3.0,5.0,,Pilihan,3,5.0,,5.0,5,4,,S1 Manajemen,2.0,,,,,5.0,,5.0,,,0,3,3,Pilihan,4.0,5.0,3.0,,,,5.0,1.0,3.2857142857142856,4.857142857142857,0,Karir Lintas Jalur
10.0,3.0,4.0,Pilihan,,5,4.0,,5.0,5,5,,S1 Manajemen,5.0,,,,,3.0,,3.0,,,0,5,5,,4.0,3.0,5.0,,,,3.0,12.0,5.0,3.7142857142857144,0,Karir Lintas Jalur
5.0,3.0,3.0,,,2,3.0,,2.0,2,2,,S1 Manajemen,2.0,,,,,3.0,,2.0,,,0,2,2,Pilihan,2.0,2.0,2.0,,,,2.0,60.0,2.0,2.2857142857142856,0,Karir Lintas Jalur
10.0,1.0,4.0,,,3,3.0,,4.0,3,3,,S1 Manajemen,2.0,,,,Pilihan,2.0,,4.0,,,0,2,3,,3.0,3.0,3.0,,,,4.0,6.0,2.7142857142857144,3.5714285714285716,0,Karir Lintas Jalur
30.0,5.0,5.0,Pilihan,,2,3.0,,4.0,3,2,,S1 Manajemen,1.0,,,,,10.0,Pilihan,4.0,,,0,2,2,Pilihan,4.0,4.0,2.0,,,,4.0,-8.0,2.0,4.0,1,Karir Linear
15.0,8.0,5.0,Pilihan,,4,3.0,,5.0,4,3,,S1 Manajemen,3.0,,,Pilihan,,8.0,,5.0,,,Sertifikasi Manajemen Keuangan,3,2,Pilihan,4.0,5.0,2.0,,,,4.0,48.0,3.0,4.428571428571429,0,Karir Lintas Jalur
24.0,20.0,4.0,Pilihan,,5,4.0,,4.0,5,5,,S1 Manajemen,5.0,,,,Pilihan,20.0,,4.0,,,0,5,5,,4.0,4.0,5.0,,,Pilihan,4.0,12.0,5.0,4.0,0,Karir Lintas Jalur
3.0,2.0,2.0,,,2,3.0,,2.0,2,2,,S1 Manajemen,2.0,,,,Pilihan,2.0,,3.0,,,0,2,2,,2.0,2.0,2.0,,,,2.0,1.0,2.0,2.2857142857142856,0,Karir Lintas Jalur
14.0,6.0,4.0,,,4,4.0,,5.0,5,5,,S1 Manajemen,4.0,,,,,6.0,,4.0,,,0,4,5,,5.0,4.0,4.0,Pilihan,,,4.0,12.0,4.428571428571429,4.285714285714286,0,Karir Lintas Jalur
5.0,2.0,5.0,,,3,4.0,,5.0,3,2,,S1 Manajemen,1.0,,,,,2.0,,5.0,,,0,1,3,Pilihan,5.0,5.0,3.0,,Pilihan,,5.0,24.0,2.2857142857142856,4.857142857142857,1,Karir Linear
100.0,15.0,5.0,,,4,5.0,,5.0,4,4,,S1 Manajemen,4.0,,,,,20.0,,5.0,,,0,3,5,Pilihan,4.0,5.0,4.0,,,,5.0,2.0,4.0,4.857142857142857,0,Karir Lintas Jalur
20.0,3.0,4.0,Pilihan,,4,4.0,,5.0,4,4,,S1 Manajemen,2.0,,,,,10.0,,4.0,,,0,2,3,,4.0,4.0,2.0,,,,4.0,-6.0,3.0,4.142857142857143,0,Karir Lintas Jalur
10.0,5.0,5.0,Pilihan,,5,4.0,,5.0,5,5,,S1 Manajemen,5.0,,,,,10.0,,5.0,,,Sertifikat Supply Chain,5,5,,5.0,5.0,5.0,,,,5.0,1.0,5.0,4.857142857142857,0,Karir Lintas Jalur
1.0,1.0,2.0,,,1,2.0,,2.0,1,1,,S1 Manajemen,1.0,,,,,1.0,,2.0,,,Manajemen,2,1,,2.0,2.0,1.0,,,,2.0,0.0,1.1428571428571428,2.0,0,Karir Lintas Jalur
50.0,10.0,3.0,,,1,3.0,,2.0,1,2,,S1 Manajemen,2.0,,,,,15.0,,2.0,,,0,1,2,Pilihan,2.0,4.0,2.0,,,,3.0,6.0,1.5714285714285714,2.7142857142857144,0,Karir Lintas Jalur
1.0,1.0,4.0,,Pilihan,4,5.0,,4.0,3,4,,S1 Manajemen,4.0,,,,,1.0,,4.0,,,0,4,3,,4.0,5.0,4.0,,,,5.0,12.0,3.7142857142857144,4.428571428571429,2,Karir Tertunda
10.0,3.0,3.0,,,4,4.0,,4.0,4,4,,S1 Manajemen,4.0,Pilihan,,,,5.0,,3.0,,,0,4,4,Pilihan,4.0,4.0,4.0,,,,4.0,10.0,4.0,3.7142857142857144,1,Karir Linear
8.0,2.0,5.0,Pilihan,,4,5.0,,5.0,5,5,,S1 Manajemen,5.0,,,,,3.0,,5.0,,,0,3,3,Pilihan,4.0,4.0,4.0,,Pilihan,,5.0,-2.0,4.142857142857143,4.714285714285714,3,Karir Elit
5.0,3.0,1.0,Pilihan,,1,2.0,,1.0,1,1,,S1 Manajemen,1.0,,,,,3.0,,1.0,,,Lembaga Sertifikasi Profesi Manajemen Keuangan (Seumur Hidup),1,1,Pilihan,1.0,1.0,1.0,,,,1.0,1.0,1.0,1.1428571428571428,3,Karir Elit
2.0,2.0,2.0,,,2,2.0,,2.0,2,2,,S1 Manajemen,2.0,,,,,2.0,,2.0,,,0,2,2,Pilihan,2.0,2.0,2.0,,,,2.0,48.0,2.0,2.0,2,Karir Tertunda
5.0,2.0,1.0,,,2,3.0,,2.0,1,1,,S1 Manajemen,1.0,,,,,2.0,,1.0,,,BNSP TUV Rheinland profesi human resource management,1,3,Pilihan,3.0,1.0,4.0,,,,2.0,-5.0,1.8571428571428572,1.8571428571428572,1,Karir Linear
20.0,12.0,4.0,,,4,4.0,,4.0,4,4,,S1 Manajemen,4.0,,,,,15.0,,4.0,,,LSP MANAJEMEN,4,4,Pilihan,4.0,4.0,4.0,,,,5.0,1.0,4.0,4.142857142857143,0,Karir Lintas Jalur
200.0,13.0,5.0,Pilihan,,3,5.0,,5.0,4,3,,S1 Manajemen,2.0,,,,,13.0,,5.0,,,Sertifikasi Profesi Human Resource dari Lembaga Sertifikasi Profesi,2,3,,5.0,5.0,2.0,,,,5.0,-3.0,2.7142857142857144,5.0,0,Karir Lintas Jalur
20.0,10.0,5.0,,,3,4.0,,5.0,4,4,,S1 Hubungan Masyarakat,3.0,Pilihan,,,,10.0,,5.0,,,,3,4,Pilihan,5.0,5.0,3.0,,,,5.0,24.0,3.4285714285714284,4.857142857142857,2,Karir Tertunda
20.0,1.0,5.0,Pilihan,Pilihan,4,4.0,,4.0,4,5,,S1 Hubungan Masyarakat,2.0,,,,,3.0,,5.0,,,,2,3,Pilihan,4.0,4.0,4.0,,Pilihan,Pilihan,4.0,-1.0,3.4285714285714284,4.285714285714286,1,Karir Linear
15.0,5.0,4.0,,,4,4.0,,5.0,4,4,,S1 Hubungan Masyarakat,4.0,,,,,8.0,,4.0,,,,4,4,Pilihan,4.0,4.0,4.0,,,,4.0,6.0,4.0,4.142857142857143,1,Karir Linear
15.0,2.0,5.0,,Pilihan,5,5.0,,5.0,5,5,,S1 Hubungan Masyarakat,5.0,,,,,4.0,,5.0,,,,5,5,Pilihan,5.0,5.0,5.0,,Pilihan,Pilihan,5.0,5.0,5.0,5.0,3,Karir Elit
4.0,3.0,4.0,Pilihan,,3,4.0,,5.0,4,4,,S1 Hubungan Masyarakat,3.0,,,,,3.0,Pilihan,4.0,,,,3,3,,4.0,4.0,3.0,,Pilihan,,4.0,24.0,3.2857142857142856,4.142857142857143,1,Karir Linear
10.0,7.0,3.0,,,1,3.0,,3.0,3,3,,S1 Hubungan Masyarakat,2.0,,,,,7.0,,3.0,,,,2,2,Pilihan,3.0,3.0,2.0,,,,3.0,3.0,2.142857142857143,3.0,3,Karir Elit
3.0,3.0,3.0,,,4,3.0,,3.0,4,4,,S1 Hubungan Masyarakat,3.0,,,,,3.0,,3.0,Pilihan,,,3,4,,3.0,3.0,3.0,,,,3.0,6.0,3.5714285714285716,3.0,0,Karir Lintas Jalur
10.0,4.0,5.0,Pilihan,,3,5.0,Pilihan,5.0,3,4,,S1 Hubungan Masyarakat,4.0,Pilihan,,Pilihan,,5.0,,5.0,,,,3,3,Pilihan,4.0,5.0,3.0,,,,5.0,-1.0,3.2857142857142856,4.857142857142857,0,Karir Lintas Jalur
30.0,15.0,5.0,,,4,5.0,,5.0,4,4,,S1 Hubungan Masyarakat,4.0,,,,,15.0,,5.0,,,,4,4,Pilihan,2.0,5.0,4.0,,,,5.0,6.0,4.0,4.571428571428571,1,Karir Linear
20.0,2.0,5.0,Pilihan,,3,5.0,,5.0,4,4,,S1 Hubungan Masyarakat,4.0,,,,,2.0,,5.0,,,,4,4,,4.0,5.0,4.0,,,,5.0,0.0,3.857142857142857,4.857142857142857,2,Karir Tertunda
20.0,5.0,5.0,,,5,4.0,,5.0,5,5,,S1 Hubungan Masyarakat,5.0,,,,,10.0,Pilihan,5.0,,,,5,5,,5.0,5.0,4.0,,,,5.0,72.0,4.857142857142857,4.857142857142857,1,Karir Linear
10.0,7.0,4.0,,,2,4.0,,5.0,4,4,,S1 Hubungan Masyarakat,3.0,,,,,7.0,,4.0,,,0,4,3,Pilihan,4.0,4.0,4.0,,,,4.0,12.0,3.4285714285714284,4.142857142857143,0,Karir Lintas Jalur
3.0,1.0,5.0,,,4,4.0,,4.0,4,3,,S1 Hubungan Masyarakat,4.0,,,,,1.0,,5.0,,,,3,4,Pilihan,4.0,4.0,3.0,,,,5.0,12.0,3.5714285714285716,4.428571428571429,3,Karir Elit
1.0,1.0,3.0,,,4,3.0,,5.0,5,5,,S1 Hubungan Masyarakat,5.0,,,,Pilihan,1.0,,5.0,,,0,5,3,,4.0,5.0,5.0,,,,5.0,1.0,4.571428571428571,4.285714285714286,1,Karir Linear
30.0,5.0,4.0,,,3,1.0,,4.0,4,4,,S1 Hubungan Masyarakat,5.0,,,,,7.0,,3.0,,,0,5,3,Pilihan,4.0,4.0,5.0,,,,4.0,6.0,4.142857142857143,3.4285714285714284,0,Karir Lintas Jalur
100.0,48.0,4.0,Pilihan,,5,4.0,,5.0,5,5,,S1 Hubungan Masyarakat,5.0,,,,,48.0,,5.0,,,Sertifikasi Kompetensi Hubungan Masyarakat,5,5,,5.0,5.0,5.0,,,,5.0,3.0,5.0,4.714285714285714,0,Karir Lintas Jalur
60.0,5.0,4.0,,,4,3.0,,5.0,5,4,,S1 Hubungan Masyarakat,3.0,Pilihan,,Pilihan,,5.0,,5.0,,,0,4,4,Pilihan,4.0,5.0,4.0,,,,5.0,6.0,4.0,4.428571428571429,2,Karir Tertunda
6.0,3.0,4.0,Pilihan,Pilihan,4,4.0,,5.0,4,4,,S1 Hubungan Masyarakat,4.0,,,,,4.0,,4.0,,,0,4,4,Pilihan,4.0,4.0,4.0,,Pilihan,,4.0,3.0,4.0,4.142857142857143,0,Karir Lintas Jalur
10.0,2.0,5.0,Pilihan,,4,5.0,,5.0,4,3,,S1 Hubungan Masyarakat,2.0,,,,,5.0,,5.0,,,0,2,3,Pilihan,4.0,5.0,2.0,,Pilihan,Pilihan,5.0,6.0,2.857142857142857,4.857142857142857,0,Karir Lintas Jalur
2.0,2.0,4.0,Pilihan,,4,3.0,,4.0,4,4,,S1 Hubungan Masyarakat,3.0,,,,,2.0,,4.0,,,0,4,4,,4.0,4.0,4.0,,Pilihan,,4.0,12.0,3.857142857142857,3.857142857142857,3,Karir Elit
2.0,2.0,4.0,,,4,3.0,,5.0,4,4,,S1 Hubungan Masyarakat,4.0,,,,Pilihan,2.0,,4.0,,,0,4,4,,4.0,4.0,4.0,,,,4.0,3.0,4.0,4.0,1,Karir Linear
5.0,1.0,5.0,,,4,5.0,,4.0,4,4,,S1 Hubungan Masyarakat,4.0,,,,,1.0,,4.0,,,0,3,3,Pilihan,3.0,4.0,3.0,,,,5.0,-1.0,3.5714285714285716,4.285714285714286,0,Karir Lintas Jalur
3.0,3.0,5.0,,,3,4.0,,5.0,5,5,,S1 Hubungan Masyarakat,5.0,,,,,3.0,,5.0,,,tidak ada,4,5,Pilihan,5.0,5.0,5.0,,,,5.0,24.0,4.571428571428571,4.857142857142857,0,Karir Lintas Jalur
5.0,3.0,4.0,,,4,4.0,,5.0,5,4,,S1 Hubungan Masyarakat,4.0,,,,,3.0,,4.0,,,0,2,3,Pilihan,5.0,4.0,3.0,,,,4.0,1.0,3.5714285714285716,4.285714285714286,3,Karir Elit
6.0,3.0,4.0,Pilihan,,5,5.0,,4.0,4,4,,S1 Hubungan Masyarakat,5.0,,,,,3.0,,5.0,,,Bfbb,5,5,Pilihan,4.0,5.0,5.0,,,,5.0,6.0,4.714285714285714,4.571428571428571,3,Karir Elit
50.0,10.0,4.0,,,4,5.0,,4.0,4,3,,S1 Hubungan Masyarakat,3.0,,,,,15.0,,4.0,,,0,3,3,Pilihan,4.0,4.0,3.0,,,,4.0,-2.0,3.2857142857142856,4.142857142857143,3,Karir Elit
5.0,1.0,5.0,Pilihan,,5,4.0,,5.0,5,4,,S1 Hubungan Masyarakat,2.0,,,,,1.0,Pilihan,5.0,,,Koordinator Program Kehumasan dari Badan Nasional Sertifikasi Profesi dengan nomor surat 70203.2432.0000353.2022 dan berlaku hingga April 2025.,2,4,,5.0,5.0,2.0,,Pilihan,,5.0,-1.0,3.4285714285714284,4.857142857142857,1,Karir Linear
1000.0,10001.0,5.0,,,5,5.0,,5.0,5,5,,S1 Hubungan Masyarakat,5.0,,,,Pilihan,1000.0,,5.0,,,banyak sekali silahkan cek karna sudah di submit sebelum sidang,5,5,,5.0,5.0,5.0,,,,5.0,12.0,5.0,5.0,0,Karir Lintas Jalur
10.0,5.0,4.0,Pilihan,,4,3.0,,5.0,5,5,,S1 Hubungan Masyarakat,4.0,,,,,6.0,,4.0,,,0,3,4,,5.0,4.0,4.0,,,,4.0,36.0,4.142857142857143,4.142857142857143,2,Karir Tertunda
10.0,3.0,5.0,,,5,3.0,,5.0,5,5,,S1 Hubungan Masyarakat,5.0,,,,,3.0,Pilihan,5.0,,,0,5,5,,5.0,5.0,5.0,,,,5.0,-1.0,5.0,4.714285714285714,1,Karir Linear
3.0,2.0,5.0,,,4,3.0,,5.0,5,4,,S1 Hubungan Masyarakat,4.0,,,,,2.0,Pilihan,5.0,,,0,3,4,Pilihan,5.0,5.0,3.0,,Pilihan,,5.0,6.0,3.857142857142857,4.714285714285714,1,Karir Linear
20.0,8.0,4.0,,,4,4.0,,5.0,4,3,,S1 Hubungan Masyarakat,4.0,,,,,8.0,,4.0,,,0,5,5,Pilihan,4.0,3.0,5.0,,,,3.0,36.0,4.285714285714286,3.857142857142857,0,Karir Lintas Jalur
55.0,10.0,5.0,Pilihan,,5,4.0,,5.0,5,5,,S1 Hubungan Masyarakat,5.0,,,,,36.0,,5.0,,,0,5,5,Pilihan,5.0,5.0,4.0,,Pilihan,Pilihan,5.0,5.0,4.857142857142857,4.857142857142857,1,Karir Linear
30.0,15.0,4.0,,,4,4.0,,5.0,4,4,,S1 Hubungan Masyarakat,4.0,,,,,15.0,,5.0,Pilihan,,0,4,4,,5.0,4.0,4.0,,,,5.0,12.0,4.0,4.571428571428571,1,Karir Linear
2.0,1.0,5.0,Pilihan,,4,5.0,,5.0,5,4,,S1 Hubungan Masyarakat,2.0,,,,,1.0,,5.0,,,-,2,3,,5.0,5.0,2.0,,,,5.0,12.0,3.142857142857143,5.0,1,Karir Linear
15.0,3.0,4.0,,,5,3.0,,5.0,4,4,,S1 Hubungan Masyarakat,4.0,,,,,5.0,,4.0,Pilihan,,0,4,4,,4.0,4.0,4.0,,,,4.0,60.0,4.142857142857143,4.0,3,Karir Elit
20.0,3.0,5.0,Pilihan,Pilihan,3,3.0,,4.0,4,3,,S1 Hubungan Masyarakat,4.0,,,,,10.0,,5.0,,,0,5,3,,3.0,4.0,4.0,,Pilihan,,4.0,15.0,3.7142857142857144,4.0,0,Karir Lintas Jalur
7.0,1.0,5.0,Pilihan,,4,2.0,,4.0,4,5,,S1 Hubungan Masyarakat,4.0,,,,,2.0,,4.0,,,0,4,5,,4.0,5.0,5.0,,,,5.0,3.0,4.428571428571429,4.142857142857143,0,Karir Lintas Jalur
30.0,20.0,5.0,,,5,3.0,,4.0,5,5,,S1 Hubungan Masyarakat,5.0,,,,,20.0,,5.0,Pilihan,,0,5,4,,4.0,4.0,5.0,,,,5.0,1.0,4.857142857142857,4.285714285714286,1,Karir Linear
20.0,5.0,4.0,Pilihan,,4,3.0,,5.0,4,5,,S1 Hubungan Masyarakat,4.0,,,,,12.0,,5.0,,,0,5,4,,4.0,5.0,5.0,,,,5.0,12.0,4.428571428571429,4.428571428571429,0,Karir Lintas Jalur
100.0,10.0,5.0,,,3,4.0,,5.0,4,5,,S1 Hubungan Masyarakat,5.0,,,,,20.0,,5.0,Pilihan,,0,5,3,,4.0,5.0,5.0,,,,5.0,-6.0,4.285714285714286,4.714285714285714,1,Karir Linear
5.0,3.0,2.0,,,3,2.0,,2.0,3,3,,S1 Hubungan Masyarakat,3.0,,,,,3.0,,2.0,,,0,3,3,Pilihan,2.0,2.0,3.0,,,,2.0,12.0,3.0,2.0,3,Karir Elit
1.0,1.0,2.0,,,2,3.0,,2.0,2,2,,S1 Hubungan Masyarakat,2.0,,,,Pilihan,1.0,,1.0,,,0,2,2,,1.0,1.0,2.0,,,,1.0,12.0,2.0,1.5714285714285714,0,Karir Lintas Jalur
15.0,4.0,4.0,,,5,3.0,,5.0,5,5,,S1 Hubungan Masyarakat,5.0,Pilihan,,,Pilihan,8.0,,5.0,,,0,5,5,Pilihan,4.0,5.0,5.0,,,,5.0,3.0,5.0,4.428571428571429,1,Karir Linear
1.0,1.0,5.0,,,4,4.0,,5.0,4,4,,S1 Hubungan Masyarakat,4.0,,,,,1.0,,5.0,,,0,3,3,,5.0,5.0,3.0,,,,5.0,0.0,3.5714285714285716,4.857142857142857,1,Karir Linear
3.0,3.0,4.0,,Pilihan,3,4.0,,5.0,3,3,,S1 Hubungan Masyarakat,3.0,,,,,3.0,,5.0,,,Tidak Ada,3,3,,4.0,5.0,3.0,,,,5.0,48.0,3.0,4.571428571428571,0,Karir Lintas Jalur
20.0,10.0,5.0,,,5,5.0,,5.0,5,5,,S1 Hubungan Masyarakat,5.0,,,,,10.0,,5.0,,,0,5,5,Pilihan,5.0,5.0,5.0,,,,5.0,12.0,5.0,5.0,1,Karir Linear
50.0,10.0,5.0,Pilihan,,5,4.0,,5.0,5,5,,S1 Hubungan Masyarakat,5.0,,,,Pilihan,20.0,Pilihan,5.0,,,0,5,5,Pilihan,5.0,5.0,5.0,Pilihan,Pilihan,Pilihan,5.0,6.0,5.0,4.857142857142857,3,Karir Elit
2.0,1.0,4.0,,Pilihan,4,3.0,,5.0,4,4,,S1 Hubungan Masyarakat,2.0,,,,,1.0,,5.0,,,0,3,4,,3.0,4.0,4.0,,,,5.0,1.0,3.5714285714285716,4.142857142857143,0,Karir Lintas Jalur
15.0,5.0,4.0,Pilihan,,5,3.0,,5.0,5,5,,S1 Hubungan Masyarakat,5.0,,,,,10.0,Pilihan,5.0,,,0,5,4,Pilihan,4.0,5.0,5.0,,,,5.0,3.0,4.857142857142857,4.428571428571429,0,Karir Lintas Jalur
4.0,3.0,5.0,Pilihan,,4,4.0,,5.0,4,4,,S1 Hubungan Masyarakat,4.0,,,,,3.0,,4.0,,,Sertifikat Sinarmasland Fraud Awareness,3,4,,4.0,4.0,3.0,,,,5.0,2.0,3.7142857142857144,4.428571428571429,1,Karir Linear
1.0,1.0,5.0,,,4,4.0,,4.0,4,4,,S1 Hubungan Masyarakat,4.0,,,,Pilihan,1.0,,5.0,,,LSP Perkantoran,4,4,,4.0,5.0,4.0,,,,5.0,12.0,4.0,4.571428571428571,3,Karir Elit
5.0,2.0,4.0,,,3,4.0,,4.0,4,4,,S1 Digital Communication,1.0,Pilihan,,,,2.0,,4.0,,,0,2,4,Pilihan,3.0,4.0,4.0,,Pilihan,,4.0,6.0,3.142857142857143,3.857142857142857,3,Karir Elit
200.0,40.0,3.0,,,5,5.0,,5.0,4,5,,S1 Digital Communication,3.0,,,Pilihan,,50.0,,4.0,,,0,4,5,,5.0,4.0,4.0,,,,5.0,24.0,4.285714285714286,4.428571428571429,0,Karir Lintas Jalur
100.0,7.0,5.0,,,2,3.0,,5.0,3,2,,S1 Digital Communication,4.0,,,,,7.0,,3.0,,,-,3,2,,5.0,5.0,2.0,,,Pilihan,5.0,6.0,2.5714285714285716,4.428571428571429,0,Karir Lintas Jalur
1.0,1.0,3.0,,,4,3.0,,5.0,4,4,,S1 Digital Communication,3.0,,,,,1.0,,5.0,,,0,3,3,,4.0,5.0,3.0,,,,4.0,0.0,3.4285714285714284,4.142857142857143,3,Karir Elit
7.0,5.0,5.0,Pilihan,,4,3.0,,4.0,4,5,,S1 Digital Communication,4.0,,,,,5.0,,5.0,,,0,4,5,Pilihan,5.0,5.0,5.0,,,,5.0,-2.0,4.428571428571429,4.571428571428571,1,Karir Linear
5.0,3.0,5.0,Pilihan,,3,5.0,,4.0,5,4,,S1 Digital Communication,4.0,,,,,3.0,,5.0,,,0,4,4,Pilihan,4.0,5.0,4.0,,,,5.0,6.0,4.0,4.714285714285714,1,Karir Linear
20.0,2.0,5.0,Pilihan,,4,5.0,,4.0,5,4,,S1 Digital Communication,5.0,,,,,5.0,,4.0,,,0,5,5,Pilihan,5.0,3.0,5.0,,,,4.0,-1.0,4.714285714285714,4.285714285714286,1,Karir Linear
5.0,5.0,4.0,,,3,4.0,,4.0,4,2,,S1 Desain Produk,2.0,,,,,5.0,,4.0,,,,3,3,Pilihan,3.0,4.0,3.0,,,,4.0,3.0,2.857142857142857,3.857142857142857,0,Karir Lintas Jalur
10.0,3.0,4.0,,,4,,,,4,3,,S1 Desain Produk,4.0,,,,,3.0,,4.0,,,,3,3,,,4.0,3.0,,,,4.0,36.0,3.4285714285714284,4.0,1,Karir Linear
15.0,10.0,4.0,Pilihan,,5,3.0,,4.0,4,4,,S1 Desain Produk,5.0,Pilihan,,,,6.0,,4.0,,,0,5,5,Pilihan,4.0,4.0,4.0,,Pilihan,,4.0,12.0,4.571428571428571,3.857142857142857,1,Karir Linear
3.0,3.0,4.0,,,5,3.0,,5.0,5,4,,S1 Desain Produk,4.0,,,,,3.0,,3.0,,,0,4,4,,4.0,4.0,5.0,,,,4.0,0.0,4.428571428571429,3.857142857142857,0,Karir Lintas Jalur
100.0,7.0,2.0,,,2,2.0,,2.0,4,4,,S1 Desain Produk,3.0,,,,,8.0,Pilihan,3.0,,,0,3,3,,3.0,3.0,3.0,,,,3.0,6.0,3.142857142857143,2.5714285714285716,1,Karir Linear
20.0,5.0,5.0,,,2,3.0,,5.0,4,4,,S1 Desain Produk,3.0,,,,,10.0,,5.0,,,0,3,2,Pilihan,4.0,5.0,4.0,,,,5.0,36.0,3.142857142857143,4.571428571428571,1,Karir Linear
5.0,3.0,4.0,Pilihan,Pilihan,1,4.0,,5.0,4,5,,S1 Desain Komunikasi Visual,4.0,,,,,3.0,,5.0,,,,4,4,Pilihan,5.0,4.0,4.0,,Pilihan,,5.0,-2.0,3.7142857142857144,4.571428571428571,1,Karir Linear
200.0,7.0,4.0,,,3,1.0,,5.0,5,4,,S1 Desain Komunikasi Visual,5.0,Pilihan,,,,20.0,,4.0,,,,5,3,,4.0,5.0,5.0,,,,5.0,-4.0,4.285714285714286,4.0,0,Karir Lintas Jalur
10.0,7.0,4.0,,,3,4.0,,4.0,3,3,,S1 Desain Komunikasi Visual,3.0,,,,,7.0,,4.0,,,,3,3,Pilihan,4.0,4.0,3.0,,,,4.0,3.0,3.0,4.0,1,Karir Linear
7.0,3.0,5.0,,,3,4.0,,5.0,3,3,,S1 Desain Komunikasi Visual,3.0,,,,,5.0,,5.0,,,,3,3,Pilihan,5.0,5.0,3.0,,,,5.0,-5.0,3.0,4.857142857142857,1,Karir Linear
0.0,0.0,4.0,Pilihan,Pilihan,3,1.0,,4.0,3,2,,S1 Desain Komunikasi Visual,3.0,,,,,0.0,,5.0,,,,3,2,,5.0,4.0,4.0,,,,3.0,4.0,2.857142857142857,3.7142857142857144,1,Karir Linear
0.0,0.0,5.0,,,3,4.0,,5.0,4,4,,S1 Desain Komunikasi Visual,4.0,,,,,0.0,,4.0,,,,4,4,,4.0,3.0,4.0,,,Pilihan,3.0,-1.0,3.857142857142857,4.0,1,Karir Linear
5.0,3.0,5.0,Pilihan,,5,3.0,,5.0,5,4,,S1 Desain Komunikasi Visual,3.0,,,,,3.0,,5.0,,,,3,5,,5.0,5.0,4.0,,,,4.0,-2.0,4.142857142857143,4.571428571428571,3,Karir Elit
3.0,2.0,3.0,,,4,3.0,,5.0,1,5,,S1 Desain Komunikasi Visual,3.0,,,,,3.0,,2.0,,,0,2,4,Pilihan,2.0,5.0,4.0,,,,2.0,-2.0,3.2857142857142856,3.142857142857143,0,Karir Lintas Jalur
10.0,1.0,4.0,,,3,3.0,,4.0,3,3,,S1 Desain Komunikasi Visual,3.0,,,,,2.0,,3.0,Pilihan,,0,3,3,,3.0,3.0,3.0,,,,4.0,-1.0,3.0,3.4285714285714284,0,Karir Lintas Jalur
5.0,3.0,5.0,Pilihan,,3,4.0,,4.0,3,3,,S1 Desain Komunikasi Visual,3.0,,,,,3.0,,5.0,,,0,3,3,,4.0,5.0,3.0,,,Pilihan,5.0,12.0,3.0,4.571428571428571,1,Karir Linear
15.0,7.0,4.0,Pilihan,,4,3.0,,4.0,3,3,,S1 Desain Komunikasi Visual,4.0,,,,,7.0,,4.0,,,0,4,4,Pilihan,4.0,4.0,4.0,Pilihan,,,4.0,3.0,3.7142857142857144,3.857142857142857,1,Karir Linear
20.0,8.0,4.0,,Pilihan,2,4.0,,4.0,4,2,,S1 Desain Interior,4.0,Pilihan,,,,12.0,,4.0,,,,3,3,Pilihan,4.0,4.0,3.0,,,,4.0,-3.0,3.0,4.0,3,Karir Elit
5.0,2.0,4.0,,,5,4.0,,5.0,3,4,,S1 Desain Interior,5.0,,,,,5.0,,4.0,,,0,5,3,Pilihan,5.0,4.0,5.0,,,,4.0,3.0,4.285714285714286,4.285714285714286,1,Karir Linear
15.0,6.0,5.0,Pilihan,,4,4.0,,5.0,4,4,,S1 Desain Interior,5.0,,,,,7.0,,5.0,,,0,5,5,Pilihan,5.0,5.0,5.0,,,,5.0,-2.0,4.571428571428571,4.857142857142857,0,Karir Lintas Jalur
5.0,2.0,3.0,Pilihan,,3,3.0,,3.0,3,3,,S1 Desain Interior,3.0,,,,,2.0,,3.0,,,0,4,3,,3.0,3.0,3.0,,Pilihan,Pilihan,3.0,1.0,3.142857142857143,3.0,2,Karir Tertunda
5.0,4.0,4.0,Pilihan,,4,3.0,,4.0,4,3,,S1 Akuntansi,3.0,,,,,4.0,,3.0,,,,3,4,,4.0,4.0,3.0,,,,4.0,12.0,3.4285714285714284,3.7142857142857144,2,Karir Tertunda
5.0,5.0,4.0,Pilihan,,5,3.0,,5.0,5,4,,S1 Akuntansi,2.0,,,,,5.0,,4.0,,,,3,2,Pilihan,5.0,4.0,3.0,,Pilihan,,4.0,48.0,3.4285714285714284,4.142857142857143,3,Karir Elit
0.0,0.0,5.0,,Pilihan,1,5.0,,5.0,4,5,,S1 Akuntansi,4.0,,,,,0.0,,5.0,,,,4,3,,5.0,5.0,4.0,,,,5.0,0.0,3.5714285714285716,5.0,3,Karir Elit
3.0,1.0,3.0,,,2,2.0,,3.0,3,2,,S1 Akuntansi,3.0,Pilihan,,,,1.0,,3.0,,,,1,1,,2.0,2.0,1.0,,,,3.0,3.0,1.8571428571428572,2.5714285714285716,3,Karir Elit
10.0,8.0,3.0,,Pilihan,3,3.0,,3.0,3,3,,S1 Akuntansi,2.0,,,,,8.0,,3.0,,,,3,3,Pilihan,3.0,3.0,3.0,,,,3.0,1.0,2.857142857142857,3.0,0,Karir Lintas Jalur
2.0,2.0,4.0,,,2,3.0,,4.0,4,3,,S1 Akuntansi,3.0,,,,,2.0,,4.0,,,,3,3,Pilihan,4.0,4.0,3.0,,,,4.0,-19.0,3.0,3.857142857142857,2,Karir Tertunda
15.0,8.0,4.0,Pilihan,,2,4.0,,5.0,3,3,,S1 Akuntansi,1.0,,,,Pilihan,8.0,Pilihan,4.0,,,,1,1,,4.0,5.0,3.0,,,,5.0,11.0,2.0,4.428571428571429,0,Karir Lintas Jalur
3.0,5.0,4.0,,,2,2.0,,5.0,5,3,,S1 Akuntansi,2.0,,,,,5.0,,4.0,,,,2,2,Pilihan,4.0,5.0,3.0,,,,5.0,12.0,2.7142857142857144,4.142857142857143,1,Karir Linear
3.0,3.0,4.0,,Pilihan,4,3.0,,5.0,4,3,,S1 Akuntansi,2.0,,,,,3.0,,5.0,,,,2,4,,4.0,5.0,3.0,,,,5.0,1.0,3.142857142857143,4.428571428571429,2,Karir Tertunda
20.0,5.0,5.0,,,3,3.0,,5.0,4,4,,S1 Akuntansi,3.0,,,,,5.0,,5.0,,,,4,3,,5.0,5.0,4.0,,Pilihan,,5.0,36.0,3.5714285714285716,4.714285714285714,2,Karir Tertunda
0.0,0.0,4.0,Pilihan,,3,4.0,,4.0,3,3,,S1 Akuntansi,3.0,,,,,0.0,,4.0,,,,3,3,,4.0,4.0,3.0,,,,4.0,48.0,3.0,4.0,2,Karir Tertunda
20.0,8.0,5.0,Pilihan,,3,5.0,,5.0,4,2,,S1 Akuntansi,2.0,,,,,8.0,,5.0,,,,1,2,Pilihan,2.0,5.0,1.0,Pilihan,Pilihan,,5.0,6.0,2.142857142857143,4.571428571428571,0,Karir Lintas Jalur
25.0,8.0,4.0,,,4,3.0,,4.0,4,4,,S1 Akuntansi,4.0,,,,,8.0,,4.0,Pilihan,,,4,4,Pilihan,4.0,4.0,4.0,,Pilihan,,4.0,2.0,4.0,3.857142857142857,1,Karir Linear
10.0,5.0,3.0,Pilihan,,1,2.0,,3.0,3,3,,S1 Akuntansi,1.0,,,,,5.0,,3.0,,,,1,1,,2.0,3.0,3.0,,,,3.0,3.0,1.8571428571428572,2.7142857142857144,0,Karir Lintas Jalur
7.0,2.0,4.0,,,4,,,,4,3,,S1 Akuntansi,3.0,,,,,2.0,,4.0,,,,2,3,,,4.0,3.0,,,,4.0,36.0,3.142857142857143,4.0,0,Karir Lintas Jalur
1.0,1.0,4.0,,,3,4.0,,4.0,4,4,,S1 Akuntansi,3.0,,,,,1.0,,4.0,,,,3,3,Pilihan,4.0,4.0,4.0,,,,4.0,0.0,3.4285714285714284,4.0,1,Karir Linear
6.0,4.0,2.0,,,2,2.0,,4.0,3,2,,S1 Akuntansi,3.0,,,,Pilihan,4.0,Pilihan,4.0,,,,3,2,,4.0,4.0,3.0,,,,4.0,3.0,2.5714285714285716,3.4285714285714284,2,Karir Tertunda
30.0,7.0,3.0,,,2,3.0,,3.0,4,3,,S1 Akuntansi,2.0,Pilihan,,,,10.0,,3.0,,,,2,2,Pilihan,3.0,3.0,2.0,,Pilihan,,4.0,6.0,2.4285714285714284,3.142857142857143,0,Karir Lintas Jalur
5.0,5.0,3.0,Pilihan,,3,3.0,,3.0,3,3,,S1 Akuntansi,3.0,,,,,10.0,,3.0,,,,3,3,Pilihan,3.0,3.0,3.0,,,,3.0,-2.0,3.0,3.0,0,Karir Lintas Jalur
4.0,3.0,4.0,Pilihan,,3,4.0,,5.0,3,3,,S1 Akuntansi,3.0,Pilihan,,,,3.0,,4.0,,,,3,3,,4.0,4.0,2.0,,,,5.0,4.0,2.857142857142857,4.285714285714286,0,Karir Lintas Jalur
6.0,3.0,5.0,Pilihan,,3,3.0,,5.0,5,4,,S1 Akuntansi,3.0,,,,,3.0,,4.0,,,,3,3,,4.0,4.0,4.0,,,,4.0,48.0,3.5714285714285716,4.142857142857143,2,Karir Tertunda
1.0,1.0,5.0,,,1,4.0,,5.0,4,4,,S1 Akuntansi,3.0,,,,,1.0,,5.0,,,,3,2,Pilihan,4.0,5.0,3.0,,,,5.0,48.0,2.857142857142857,4.714285714285714,2,Karir Tertunda
3.0,1.0,4.0,Pilihan,,3,3.0,,5.0,5,5,,S1 Akuntansi,5.0,,,,Pilihan,2.0,,5.0,,,,5,3,,4.0,5.0,4.0,,,,5.0,5.0,4.285714285714286,4.428571428571429,0,Karir Lintas Jalur
30.0,10.0,5.0,,,1,3.0,,5.0,4,3,,S1 Akuntansi,3.0,,,,,10.0,,5.0,,,,3,3,Pilihan,5.0,5.0,3.0,,,,5.0,24.0,2.857142857142857,4.714285714285714,2,Karir Tertunda
3.0,2.0,3.0,,,3,3.0,,4.0,4,4,,S1 Akuntansi,3.0,,,,Pilihan,2.0,,4.0,,,,3,3,,3.0,4.0,3.0,,,,4.0,48.0,3.2857142857142856,3.5714285714285716,2,Karir Tertunda
15.0,2.0,4.0,,,3,4.0,,4.0,3,3,,S1 Akuntansi,3.0,,,,,2.0,,4.0,,,,3,3,Pilihan,4.0,4.0,3.0,,,,4.0,11.0,3.0,4.0,0,Karir Lintas Jalur
3.0,2.0,5.0,Pilihan,,3,4.0,,5.0,3,3,,S1 Akuntansi,3.0,,,,Pilihan,2.0,,5.0,,,,3,3,,5.0,5.0,3.0,,,,5.0,48.0,3.0,4.857142857142857,2,Karir Tertunda
7.0,5.0,4.0,,,1,3.0,,4.0,5,4,,S1 Akuntansi,2.0,,,,,5.0,,3.0,,,,2,2,Pilihan,4.0,4.0,3.0,,,,4.0,2.0,2.7142857142857144,3.7142857142857144,1,Karir Linear
1.0,5.0,3.0,,,3,3.0,,3.0,3,3,,S1 Akuntansi,3.0,,,,,5.0,,3.0,,,,3,3,Pilihan,3.0,3.0,3.0,,,,3.0,1.0,3.0,3.0,1,Karir Linear
1.0,2.0,2.0,,,3,2.0,,3.0,3,3,,S1 Akuntansi,3.0,,,,,2.0,,3.0,Pilihan,,,3,3,,3.0,3.0,3.0,,,,3.0,15.0,3.0,2.7142857142857144,3,Karir Elit
3.0,2.0,5.0,Pilihan,,3,4.0,,5.0,4,5,,S1 Akuntansi,5.0,,,,,2.0,,5.0,,,,5,4,,5.0,4.0,4.0,,,,5.0,48.0,4.285714285714286,4.714285714285714,2,Karir Tertunda
5.0,5.0,5.0,,Pilihan,4,4.0,,5.0,5,4,,S1 Akuntansi,5.0,,,,,5.0,Pilihan,4.0,,,0,4,4,Pilihan,5.0,5.0,4.0,,,,5.0,12.0,4.285714285714286,4.714285714285714,3,Karir Elit
1.0,1.0,5.0,,,5,5.0,,5.0,5,4,,S1 Akuntansi,4.0,,,,,1.0,,4.0,,,0,4,5,Pilihan,5.0,5.0,5.0,,,,5.0,1.0,4.571428571428571,4.857142857142857,3,Karir Elit
5.0,3.0,4.0,,,4,4.0,,4.0,4,5,,S1 Akuntansi,3.0,,,Pilihan,,5.0,,4.0,,,0,3,3,Pilihan,4.0,4.0,3.0,,,,4.0,-1.0,3.5714285714285716,4.0,1,Karir Linear
2.0,1.0,3.0,,Pilihan,4,2.0,,5.0,5,4,,S1 Akuntansi,5.0,,,,,1.0,,4.0,,,0,2,2,,5.0,4.0,4.0,,,Pilihan,5.0,4.0,3.7142857142857144,4.0,1,Karir Linear
45.0,7.0,3.0,,,2,2.0,,4.0,2,3,,S1 Akuntansi,1.0,,,,,7.0,,4.0,,,CAP,2,2,Pilihan,4.0,4.0,2.0,,,,4.0,6.0,2.0,3.5714285714285716,1,Karir Linear
138.0,5.0,4.0,Pilihan,,4,3.0,,5.0,4,4,,S1 Akuntansi,4.0,,,,,10.0,,5.0,,,0,4,3,,5.0,5.0,4.0,,,,5.0,36.0,3.857142857142857,4.571428571428571,2,Karir Tertunda
50.0,1.0,3.0,,,3,3.0,,3.0,3,3,,S1 Akuntansi,3.0,Pilihan,,,,3.0,,3.0,,,0,3,3,Pilihan,3.0,3.0,3.0,,Pilihan,,3.0,6.0,3.0,3.0,1,Karir Linear
50.0,5.0,3.0,,,1,2.0,,1.0,1,1,,S1 Akuntansi,3.0,,,,,15.0,,1.0,,,"Brevet A dan B , English course Group",2,4,Pilihan,1.0,1.0,1.0,,,,1.0,6.0,1.8571428571428572,1.4285714285714286,3,Karir Elit
5.0,1.0,4.0,Pilihan,,3,3.0,,4.0,4,4,,S1 Akuntansi,4.0,,,,,1.0,Pilihan,4.0,,,Brevet AB,3,4,Pilihan,4.0,4.0,3.0,,Pilihan,,3.0,6.0,3.5714285714285716,3.7142857142857144,0,Karir Lintas Jalur
3.0,2.0,4.0,Pilihan,,3,3.0,,5.0,3,3,,S1 Akuntansi,3.0,,,,,3.0,,4.0,,,,3,3,,4.0,4.0,3.0,,,,5.0,3.0,3.0,4.142857142857143,0,Karir Lintas Jalur
20.0,10.0,5.0,,,4,5.0,,5.0,4,4,,S1 Akuntansi,5.0,,,,,10.0,,5.0,,,Brevet AB (Credential ID 3201.1116399),5,4,Pilihan,4.0,5.0,5.0,,,Pilihan,5.0,3.0,4.428571428571429,4.857142857142857,3,Karir Elit
4.0,3.0,1.0,,,2,2.0,,1.0,2,1,,S1 Akuntansi,1.0,,,,,4.0,,1.0,,,-,1,1,Pilihan,1.0,1.0,1.0,,,,1.0,36.0,1.2857142857142858,1.1428571428571428,1,Karir Linear
12.0,4.0,5.0,,,5,4.0,,5.0,5,4,,S1 Akuntansi,3.0,,,,,2.0,,4.0,,,0,3,4,,5.0,5.0,4.0,,,,4.0,0.0,4.0,4.571428571428571,1,Karir Linear
15.0,2.0,4.0,,Pilihan,4,3.0,,4.0,4,4,,S1 Akuntansi,3.0,,,Pilihan,,3.0,,5.0,,,0,3,3,,4.0,4.0,3.0,,,,5.0,48.0,3.4285714285714284,4.142857142857143,0,Karir Lintas Jalur
1.0,1.0,4.0,,,3,4.0,,4.0,4,4,,S1 Akuntansi,4.0,,,,,1.0,,4.0,,,0,4,3,,4.0,4.0,4.0,,,,4.0,0.0,3.7142857142857144,4.0,0,Karir Lintas Jalur
2.0,1.0,5.0,Pilihan,Pilihan,3,4.0,,5.0,4,3,,S1 Akuntansi,4.0,,,,,1.0,,5.0,,,0,2,2,Pilihan,5.0,5.0,2.0,,Pilihan,,5.0,-1.0,2.857142857142857,4.857142857142857,3,Karir Elit
53.0,17.0,4.0,,,2,3.0,,5.0,3,3,,S1 Akuntansi,2.0,,,,,17.0,,4.0,,,Program Accurate,3,2,Pilihan,4.0,4.0,3.0,,Pilihan,,4.0,36.0,2.5714285714285716,4.0,2,Karir Tertunda
10.0,10.0,5.0,,,5,5.0,,4.0,5,5,,S1 Akuntansi,2.0,,,,,10.0,,5.0,,,0,3,5,Pilihan,5.0,5.0,3.0,,,,5.0,-6.0,4.0,4.857142857142857,1,Karir Linear
3.0,2.0,3.0,,,3,3.0,,2.0,2,3,,S1 Akuntansi,4.0,,,,Pilihan,2.0,,2.0,,,0,3,4,,2.0,2.0,3.0,,,,2.0,46.0,3.142857142857143,2.2857142857142856,2,Karir Tertunda
4.0,2.0,1.0,,,1,4.0,,1.0,1,1,,S1 Akuntansi,1.0,,,,,2.0,,3.0,,,0,1,1,,2.0,2.0,1.0,,Pilihan,,2.0,6.0,1.0,2.142857142857143,3,Karir Elit
1.0,1.0,4.0,,,4,4.0,,5.0,4,4,,S1 Akuntansi,5.0,,,,,1.0,,4.0,,,Brevet A & B,4,4,,4.0,5.0,4.0,,,Pilihan,4.0,12.0,4.142857142857143,4.285714285714286,1,Karir Linear
11.0,7.0,5.0,Pilihan,,5,5.0,,5.0,5,5,,S1 Akuntansi,5.0,,,,,7.0,,5.0,,,0,5,5,Pilihan,5.0,5.0,5.0,,,,5.0,4.0,5.0,5.0,0,Karir Lintas Jalur
3.0,1.0,5.0,,,5,5.0,,5.0,5,5,,S1 Akuntansi,5.0,,,,,1.0,,5.0,,,0,5,5,Pilihan,5.0,5.0,5.0,,,,5.0,6.0,5.0,5.0,1,Karir Linear
20.0,10.0,4.0,Pilihan,,4,5.0,,5.0,4,4,,S1 Akuntansi,3.0,,,Pilihan,Pilihan,10.0,Pilihan,4.0,,,0,3,4,Pilihan,5.0,4.0,4.0,,Pilihan,,4.0,10.0,3.7142857142857144,4.428571428571429,1,Karir Linear
5.0,3.0,4.0,,,5,5.0,,5.0,4,5,,S1 Akuntansi,5.0,,,,,3.0,,4.0,,,0,5,5,Pilihan,3.0,5.0,5.0,,,,5.0,5.0,4.857142857142857,4.428571428571429,3,Karir Elit
100.0,22.0,4.0,,,4,4.0,,4.0,4,4,,S1 Akuntansi,4.0,,,,,30.0,,4.0,,,0,4,4,Pilihan,4.0,4.0,4.0,,,,4.0,-2.0,4.0,4.0,3,Karir Elit
10.0,1.0,5.0,Pilihan,,3,3.0,,4.0,4,3,,S1 Akuntansi,4.0,,,,,1.0,,4.0,,,0,2,3,,4.0,4.0,4.0,,,,4.0,-9.0,3.2857142857142856,4.0,0,Karir Lintas Jalur
4.0,4.0,5.0,,,5,5.0,,5.0,5,5,,S1 Akuntansi,5.0,,,,,4.0,,5.0,,,Certified Accurate Professional,5,5,Pilihan,5.0,5.0,5.0,Pilihan,Pilihan,,5.0,-4.0,5.0,5.0,3,Karir Elit
20.0,5.0,5.0,Pilihan,,5,4.0,,5.0,5,5,,S1 Akuntansi,5.0,,,,,5.0,,5.0,Pilihan,,0,5,5,Pilihan,5.0,5.0,5.0,,Pilihan,,5.0,36.0,5.0,4.857142857142857,2,Karir Tertunda
50.0,20.0,4.0,,,4,3.0,,4.0,4,4,,S1 Akuntansi,3.0,Pilihan,,,,10.0,,3.0,,,0,3,4,Pilihan,4.0,4.0,3.0,,,,4.0,36.0,3.5714285714285716,3.7142857142857144,2,Karir Tertunda
3.0,2.0,5.0,,,4,3.0,,5.0,5,5,,S1 Akuntansi,3.0,,,,,2.0,Pilihan,4.0,,,Serifikasi Brevet Pajak A & B masa berlaku hingga 2024,4,4,,4.0,5.0,5.0,,,,5.0,6.0,4.285714285714286,4.428571428571429,1,Karir Linear
11.0,6.0,5.0,,,4,4.0,,4.0,4,4,,S1 Akuntansi,4.0,,,,,6.0,,5.0,,,BREVET PAJAK A DAN B TERPADU DAN,4,4,Pilihan,4.0,4.0,4.0,,,,5.0,4.0,4.0,4.428571428571429,1,Karir Linear
2.0,2.0,3.0,Pilihan,,3,3.0,,5.0,5,5,,S1 Akuntansi,4.0,,,Pilihan,,2.0,,4.0,,,0,4,3,,3.0,4.0,5.0,,,,4.0,24.0,4.142857142857143,3.7142857142857144,2,Karir Tertunda
3.0,2.0,4.0,,,4,3.0,,5.0,4,3,,S1 Akuntansi,3.0,,,,,2.0,,5.0,,,Brevet Pajak AB,3,4,Pilihan,5.0,5.0,3.0,,,,5.0,12.0,3.4285714285714284,4.571428571428571,0,Karir Lintas Jalur
20.0,9.0,5.0,,,4,5.0,,4.0,4,3,,S1 Akuntansi,4.0,Pilihan,,,,9.0,,4.0,,,0,4,3,Pilihan,4.0,3.0,4.0,,,,4.0,3.0,3.7142857142857144,4.142857142857143,3,Karir Elit
10.0,3.0,5.0,,,5,4.0,,5.0,5,5,,S1 Akuntansi,5.0,,,,,5.0,,5.0,Pilihan,,0,5,5,,5.0,5.0,5.0,,,,5.0,48.0,5.0,4.857142857142857,0,Karir Lintas Jalur
10.0,3.0,5.0,,,4,3.0,,5.0,5,4,,S1 Akuntansi,4.0,,,,,6.0,,5.0,,,Sertifikasi Brevet AB di Tax Center Mercu Buana,5,4,Pilihan,4.0,5.0,4.0,,,,5.0,6.0,4.285714285714286,4.571428571428571,3,Karir Elit
5.0,4.0,4.0,,,3,4.0,,4.0,3,3,,S1 Akuntansi,3.0,,,,,4.0,,4.0,,,0,3,3,,4.0,4.0,3.0,,Pilihan,,4.0,12.0,3.0,4.0,1,Karir Linear
46.0,7.0,4.0,Pilihan,,2,4.0,,4.0,4,4,,S1 Akuntansi,2.0,,,,,9.0,,4.0,,,0,2,2,,4.0,4.0,2.0,,,,4.0,45.0,2.5714285714285716,4.0,2,Karir Tertunda
15.0,7.0,4.0,Pilihan,,4,3.0,,4.0,4,4,,S1 Akuntansi,4.0,,,,,7.0,,4.0,,,-,4,4,,4.0,4.0,4.0,,,,4.0,-1.0,4.0,3.857142857142857,3,Karir Elit
40.0,10.0,1.0,Pilihan,,2,3.0,,1.0,1,3,,S1 Akuntansi,2.0,,,,,14.0,,2.0,,,0,2,2,Pilihan,2.0,2.0,2.0,,,,2.0,-1.0,2.0,1.8571428571428572,0,Karir Lintas Jalur
5.0,3.0,4.0,,,4,4.0,,5.0,5,4,,S1 Akuntansi,4.0,,,,,3.0,,5.0,,,0,4,4,Pilihan,4.0,4.0,4.0,,,,5.0,24.0,4.142857142857143,4.428571428571429,1,Karir Linear
2.0,2.0,3.0,Pilihan,,4,3.0,,5.0,5,5,,S1 Akuntansi,3.0,,,,,2.0,,5.0,,,0,4,3,,3.0,5.0,3.0,,,,5.0,2.0,3.857142857142857,4.142857142857143,0,Karir Lintas Jalur
10.0,3.0,5.0,,,3,3.0,,5.0,3,3,,S1 Akuntansi,3.0,,,,,6.0,,4.0,,,0,3,3,Pilihan,4.0,4.0,3.0,,,,4.0,12.0,3.0,4.142857142857143,0,Karir Lintas Jalur
10.0,7.0,5.0,Pilihan,,4,2.0,,5.0,5,3,,S1 Akuntansi,4.0,,,,,10.0,,4.0,,,Sertifikasi Brevet A&B dari IAI,3,4,,4.0,5.0,4.0,,Pilihan,Pilihan,4.0,36.0,3.857142857142857,4.142857142857143,1,Karir Linear
10.0,5.0,4.0,Pilihan,,4,4.0,,4.0,4,4,,S1 Akuntansi,1.0,,,,,5.0,,4.0,,,0,1,1,,4.0,4.0,1.0,,,,4.0,42.0,2.2857142857142856,4.0,0,Karir Lintas Jalur
1.0,20.0,4.0,Pilihan,,4,3.0,,4.0,5,5,,S1 Akuntansi,3.0,,,,,20.0,,4.0,,,0,3,3,,4.0,4.0,5.0,,Pilihan,,4.0,1.0,4.0,3.857142857142857,1,Karir Linear
8.0,6.0,3.0,,,2,3.0,,3.0,4,3,,S1 Akuntansi,1.0,,,,,6.0,,3.0,,,USKP - A,2,2,Pilihan,4.0,3.0,2.0,,,,3.0,15.0,2.2857142857142856,3.142857142857143,1,Karir Linear
2.0,1.0,4.0,,,4,5.0,,4.0,4,4,,S1 Akuntansi,4.0,,,,,1.0,,4.0,,,Sertifikasi Accurate,4,4,,4.0,4.0,4.0,,,,4.0,0.0,4.0,4.142857142857143,0,Karir Lintas Jalur
1.0,1.0,4.0,,,3,3.0,,4.0,3,3,,S1 Akuntansi,3.0,,,,,1.0,,4.0,,,0,3,3,,3.0,5.0,3.0,,,,4.0,0.0,3.0,3.857142857142857,2,Karir Tertunda
10.0,5.0,4.0,Pilihan,,3,3.0,,5.0,4,4,,S1 Akuntansi,3.0,,,,,5.0,,4.0,,,Accurate,3,3,Pilihan,4.0,5.0,3.0,,,,5.0,12.0,3.2857142857142856,4.285714285714286,0,Karir Lintas Jalur
3.0,3.0,1.0,,,1,3.0,,1.0,1,1,,S1 Akuntansi,1.0,,,,,3.0,Pilihan,2.0,,,Brevet AB,1,1,,2.0,1.0,1.0,,,,1.0,84.0,1.0,1.5714285714285714,0,Karir Lintas Jalur
7.0,3.0,5.0,,,5,5.0,,5.0,5,5,,S1 Akuntansi,5.0,,,,,4.0,,5.0,,,Leadership and Cooperation Training,5,5,Pilihan,5.0,5.0,5.0,,,,5.0,24.0,5.0,5.0,2,Karir Tertunda
10.0,1.0,3.0,Pilihan,,3,3.0,,5.0,5,5,,S1 Akuntansi,5.0,,,,,1.0,,3.0,,,0,5,3,,3.0,4.0,4.0,,,,3.0,-1.0,4.285714285714286,3.4285714285714284,1,Karir Linear
40.0,15.0,5.0,Pilihan,,5,3.0,,5.0,5,5,,S1 Akuntansi,5.0,,,,,30.0,,5.0,,,Sertifikat Brevet Pajak A & B dari Politeknik Keuangan Negara STAN,5,5,Pilihan,3.0,5.0,5.0,,Pilihan,,5.0,4.0,5.0,4.428571428571429,0,Karir Lintas Jalur
5.0,5.0,5.0,,Pilihan,3,4.0,,5.0,4,3,,S1 Akuntansi,2.0,,,,,5.0,,5.0,,,0,2,2,Pilihan,5.0,5.0,2.0,,,,5.0,1.0,2.5714285714285716,4.857142857142857,1,Karir Linear
300.0,15.0,3.0,Pilihan,,2,3.0,,4.0,3,2,,D3 Manajemen,1.0,,,,,50.0,Pilihan,3.0,,,,1,2,Pilihan,3.0,4.0,2.0,,,,4.0,15.0,1.8571428571428572,3.4285714285714284,0,Karir Lintas Jalur
30.0,15.0,5.0,,Pilihan,3,5.0,,5.0,4,4,,D3 Manajemen,4.0,,,,,20.0,,5.0,,,,2,4,,5.0,5.0,2.0,,,,5.0,3.0,3.2857142857142856,5.0,0,Karir Lintas Jalur
50.0,15.0,4.0,,,4,4.0,,5.0,4,4,,D3 Manajemen,4.0,,,,,25.0,,5.0,,,0,2,4,Pilihan,5.0,5.0,2.0,Pilihan,Pilihan,Pilihan,5.0,1.0,3.4285714285714284,4.714285714285714,0,Karir Lintas Jalur
35.0,2.0,4.0,Pilihan,,4,4.0,,5.0,5,5,,D3 Manajemen,4.0,,,,,32.0,,4.0,,,Sertifikat K3,4,4,,4.0,5.0,5.0,,,,5.0,-14.0,4.428571428571429,4.428571428571429,0,Karir Lintas Jalur
3.0,2.0,4.0,Pilihan,,3,4.0,Pilihan,4.0,4,4,,D3 Manajemen,4.0,,,Pilihan,,2.0,,4.0,,,0,4,3,Pilihan,4.0,4.0,3.0,,Pilihan,Pilihan,4.0,2.0,3.5714285714285716,4.0,0,Karir Lintas Jalur
3.0,2.0,4.0,Pilihan,,3,3.0,,5.0,3,2,,D3 Akuntansi,3.0,,,,,2.0,,4.0,,,,2,2,Pilihan,5.0,4.0,3.0,,,Pilihan,4.0,-3.0,2.5714285714285716,4.142857142857143,1,Karir Linear
45.0,8.0,4.0,,,4,4.0,,5.0,4,3,,Teknik Sipil S1,2.0,,,,,10.0,,4.0,,,Pengawas Pekerjaan Konstruksi Bangunan Gedung,2,2,Pilihan,4.0,4.0,2.0,,,,4.0,18.0,2.7142857142857144,4.142857142857143,1,Karir Linear
50.0,2.0,5.0,,,4,5.0,,5.0,4,2,,Sistem Informasi S1,1.0,,,Pilihan,Pilihan,2.0,,5.0,,,"Sertifikasi Toiec, CCNA , PL/SQL Oracle,Sertifikasi Pelatihan",2,4,Pilihan,5.0,5.0,4.0,,,,5.0,1.0,3.0,5.0,0,Karir Lintas Jalur
10.0,3.0,5.0,Pilihan,,5,5.0,,5.0,5,5,,Manajemen S1,5.0,Pilihan,,,,3.0,,5.0,,,0,5,5,Pilihan,5.0,5.0,5.0,,Pilihan,,5.0,12.0,5.0,5.0,3,Karir Elit
10.0,3.0,4.0,Pilihan,,4,4.0,,4.0,4,4,,Teknik Sipil S1,2.0,,,,,3.0,,4.0,,,0,2,4,,4.0,4.0,2.0,,Pilihan,,4.0,3.0,3.142857142857143,4.0,1,Karir Linear
10.0,5.0,4.0,Pilihan,,4,4.0,,4.0,4,4,,Hubungan Masyarakat,4.0,,,,,8.0,,4.0,,,0,4,4,,4.0,4.0,4.0,,Pilihan,,4.0,12.0,4.0,4.0,0,Karir Lintas Jalur
50.0,2.0,3.0,,,3,3.0,,3.0,3,3,,Psikologi S1,3.0,,,,,1.0,,3.0,,,0,3,3,Pilihan,3.0,3.0,3.0,,,,3.0,6.0,3.0,3.0,0,Karir Lintas Jalur
6.0,6.0,5.0,Pilihan,,5,3.0,,5.0,5,5,,Manajemen S1,5.0,,,,,6.0,,5.0,,,0,5,5,,4.0,5.0,5.0,,,,5.0,36.0,5.0,4.571428571428571,0,Karir Lintas Jalur
5.0,1.0,5.0,Pilihan,Pilihan,5,3.0,,5.0,5,5,,Manajemen S1,4.0,,,,,1.0,,5.0,,,1. Human Resources Management/skema Human Resources Staff,5,4,,5.0,5.0,4.0,,Pilihan,,5.0,48.0,4.571428571428571,4.714285714285714,1,Karir Linear
15.0,8.0,4.0,Pilihan,Pilihan,5,4.0,Pilihan,4.0,5,5,Pilihan,Teknik Informatika S1,5.0,Pilihan,Pilihan,Pilihan,Pilihan,128.0,Pilihan,4.0,Pilihan,Pilihan,Tidakada,5,5,Pilihan,5.0,5.0,5.0,Pilihan,Pilihan,Pilihan,4.0,24.0,5.0,4.285714285714286,0,Karir Lintas Jalur
100.0,7.0,4.0,,Pilihan,5,5.0,,5.0,5,5,,Manajemen S1,5.0,Pilihan,,Pilihan,Pilihan,10.0,Pilihan,5.0,,,SERTIFIKASI FINANCE MANAGEMENT - SEUMUR HIDUP,5,5,Pilihan,5.0,4.0,5.0,,,,4.0,6.0,5.0,4.571428571428571,0,Karir Lintas Jalur
10.0,4.0,4.0,,,5,3.0,,5.0,5,5,,Periklanan,5.0,,,,,5.0,,4.0,,,0,5,5,,4.0,5.0,5.0,,,,5.0,0.0,5.0,4.285714285714286,0,Karir Lintas Jalur
20.0,1.0,4.0,,,4,4.0,,4.0,4,4,,Teknik Sipil S1,4.0,,,,,1.0,,4.0,,,0,4,4,Pilihan,4.0,4.0,4.0,,,,4.0,-1.0,4.0,4.0,1,Karir Linear
30.0,10.0,5.0,Pilihan,Pilihan,3,4.0,,5.0,3,3,,Manajemen S1,3.0,,,,,20.0,Pilihan,5.0,,,0,3,3,,4.0,5.0,3.0,,,,5.0,2.0,3.0,4.714285714285714,0,Karir Lintas Jalur
63.0,24.0,5.0,,,4,5.0,,5.0,5,4,,Manajemen S1,3.0,,,,,39.0,Pilihan,5.0,,,Finance Management Course - TÜV Rheinland 2022,3,3,Pilihan,4.0,5.0,3.0,,,Pilihan,5.0,-1.0,3.5714285714285716,4.857142857142857,1,Karir Linear
100.0,3.0,4.0,Pilihan,,2,3.0,Pilihan,5.0,3,2,,Akuntansi S1,4.0,,,Pilihan,,3.0,,4.0,,,0,4,1,Pilihan,4.0,4.0,3.0,,,,4.0,-1.0,2.7142857142857144,4.0,0,Karir Lintas Jalur
20.0,10.0,3.0,,,2,1.0,,5.0,3,3,,Akuntansi S1,3.0,,,,,101.0,,3.0,,,Sertifikat brevet,3,3,Pilihan,4.0,4.0,3.0,,,,4.0,48.0,2.857142857142857,3.4285714285714284,2,Karir Tertunda
20.0,10.0,4.0,Pilihan,,4,4.0,,5.0,5,4,,Desain Produk S1,5.0,,,,,12.0,,4.0,,,0,3,4,Pilihan,4.0,4.0,4.0,,,,4.0,-1.0,4.142857142857143,4.142857142857143,0,Karir Lintas Jalur
6.0,5.0,5.0,,Pilihan,4,4.0,,4.0,4,5,,Desain Komunikasi Visual S1,3.0,,,,,5.0,,5.0,,,0,5,4,,4.0,4.0,5.0,,Pilihan,,4.0,12.0,4.285714285714286,4.285714285714286,3,Karir Elit
10.0,2.0,4.0,Pilihan,,5,3.0,,4.0,4,5,,Teknik Elektro S1,5.0,,,,Pilihan,2.0,,4.0,,,0,5,5,Pilihan,4.0,4.0,5.0,,Pilihan,,4.0,-1.0,4.857142857142857,3.857142857142857,0,Karir Lintas Jalur
50.0,25.0,5.0,Pilihan,,5,3.0,,5.0,4,5,,Psikologi S1,5.0,,,Pilihan,Pilihan,25.0,,5.0,,,0,5,5,Pilihan,5.0,5.0,5.0,,Pilihan,Pilihan,5.0,6.0,4.857142857142857,4.714285714285714,1,Karir Linear
10.0,4.0,4.0,,,1,4.0,,5.0,4,2,,Teknik Elektro S1,1.0,,,,Pilihan,4.0,,4.0,,,0,1,1,Pilihan,4.0,4.0,1.0,,,,4.0,-11.0,1.5714285714285714,4.142857142857143,3,Karir Elit
10.0,5.0,4.0,,,4,3.0,,4.0,4,4,,Teknik Elektro S1,4.0,,,,,5.0,,3.0,,,0,4,4,Pilihan,3.0,4.0,4.0,,,,3.0,0.0,4.0,3.4285714285714284,0,Karir Lintas Jalur
23.0,2.0,4.0,,,3,3.0,,5.0,3,3,,Teknik Industri S1,2.0,,,,,10.0,,4.0,,,"Perancangan Sistem Manufaktur (2026), Perancangan Produk dan Proses Manufaktur (2026)",2,2,Pilihan,4.0,4.0,3.0,,,,4.0,-12.0,2.5714285714285716,4.0,0,Karir Lintas Jalur
10.0,3.0,4.0,,,4,3.0,,4.0,4,4,,Teknik Elektro S1,3.0,,,,,3.0,,4.0,,,0,3,3,,4.0,4.0,3.0,,,,4.0,0.0,3.4285714285714284,3.857142857142857,3,Karir Elit
1.0,1.0,5.0,Pilihan,,5,5.0,,5.0,5,5,,Teknik Elektro S1,5.0,,,,,1.0,,5.0,,,0,5,5,,5.0,5.0,5.0,,,,5.0,0.0,5.0,5.0,3,Karir Elit
60.0,20.0,3.0,,,3,3.0,,3.0,3,2,,Sistem Informasi S1,3.0,Pilihan,,,,50.0,Pilihan,3.0,,,0,3,3,Pilihan,3.0,3.0,3.0,,,,4.0,6.0,2.857142857142857,3.142857142857143,0,Karir Lintas Jalur
23.0,6.0,5.0,,,4,4.0,,4.0,4,4,,Akuntansi S1,5.0,,,,,10.0,,2.0,,,Sertifikasi Accurate Professional,5,2,,3.0,4.0,4.0,,,Pilihan,2.0,7.0,4.0,3.4285714285714284,1,Karir Linear
15.0,1.0,5.0,,,2,3.0,,5.0,4,5,,Teknik Elektro S1,4.0,,,,,1.0,,5.0,,,Hotel Engineering and Hospitality masa berlaku 3 tahun,4,2,Pilihan,5.0,5.0,2.0,,,,5.0,6.0,3.2857142857142856,4.714285714285714,1,Karir Linear
8.0,3.0,4.0,Pilihan,,2,3.0,Pilihan,5.0,3,2,,Teknik Industri S1,2.0,Pilihan,,Pilihan,,3.0,,4.0,,,0,2,2,Pilihan,3.0,4.0,2.0,,Pilihan,Pilihan,4.0,1.0,2.142857142857143,3.857142857142857,3,Karir Elit
5.0,3.0,5.0,,Pilihan,2,5.0,,4.0,4,2,,Teknik Sipil S1,2.0,,,,Pilihan,5.0,,5.0,,,0,3,2,,5.0,4.0,2.0,,Pilihan,,5.0,10.0,2.4285714285714284,4.714285714285714,1,Karir Linear
15.0,1.0,5.0,Pilihan,,5,5.0,,5.0,5,5,,Akuntansi S1,5.0,,,,Pilihan,3.0,,4.0,,,Brevet A/B,5,5,,5.0,4.0,5.0,,,,5.0,16.0,5.0,4.714285714285714,1,Karir Linear
40.0,15.0,3.0,,,2,2.0,,3.0,3,3,,Psikologi S1,4.0,,,,,20.0,,2.0,,,Sertifikat Virtual Training,4,3,Pilihan,2.0,2.0,2.0,,,,2.0,-3.0,3.0,2.2857142857142856,1,Karir Linear
20.0,5.0,4.0,Pilihan,,4,2.0,,4.0,4,4,,Psikologi S1,4.0,,,,,5.0,,4.0,,,Sertifikasi Profesi Supervisor Rekrutmen dan Seleksi SDM dari LSP - P1 Universitas Mercu Buana,4,4,Pilihan,4.0,4.0,4.0,Pilihan,Pilihan,,4.0,3.0,4.0,3.7142857142857144,1,Karir Linear
8.0,5.0,5.0,,,4,5.0,,5.0,5,4,,Akuntansi S1,4.0,,,,,8.0,,5.0,,,Sertifikasi Brevet Pajak AB,4,3,Pilihan,5.0,5.0,3.0,,,,5.0,6.0,3.857142857142857,5.0,1,Karir Linear
10.0,1.0,3.0,Pilihan,,3,2.0,,5.0,3,3,,Teknik Informatika S1,3.0,,,,,1.0,Pilihan,5.0,,,-,3,3,Pilihan,3.0,5.0,3.0,Pilihan,,,5.0,12.0,3.0,4.0,1,Karir Linear
5.0,3.0,5.0,Pilihan,Pilihan,5,3.0,,5.0,5,5,,Teknik Industri S1,5.0,,,,,1.0,,5.0,,,1.  BNSP certified Manufacturing System Design   2. BNSP certified Product Design and Manufacturing Process,5,5,Pilihan,5.0,5.0,5.0,,Pilihan,,5.0,-1.0,5.0,4.714285714285714,1,Karir Linear
2.0,2.0,4.0,Pilihan,Pilihan,4,3.0,Pilihan,5.0,4,4,,Hubungan Masyarakat,4.0,,,,,2.0,Pilihan,5.0,,,Tidak ada,5,4,,4.0,4.0,4.0,,,,5.0,48.0,4.142857142857143,4.285714285714286,1,Karir Linear
8.0,5.0,4.0,,,4,4.0,,5.0,4,4,,Teknik Sipil S1,4.0,,,,,5.0,,5.0,,,"Sertifikasi Kompetensi Pelaksana Lapangan Perkerasan Jalan Beton, Lembaga Pengembangan Jasa Konstruksi",4,4,,5.0,4.0,4.0,,Pilihan,,4.0,1.0,4.0,4.428571428571429,0,Karir Lintas Jalur
10.0,3.0,4.0,,,5,4.0,,4.0,5,5,,Teknik Mesin S1,5.0,,,,,3.0,Pilihan,4.0,,,0,5,5,Pilihan,4.0,4.0,5.0,,Pilihan,,4.0,0.0,5.0,4.0,3,Karir Elit
20.0,3.0,4.0,,,3,3.0,,4.0,4,4,,Teknik Informatika S1,3.0,Pilihan,,,,5.0,,4.0,,,BNSP (Jaringan ),3,3,,4.0,4.0,3.0,Pilihan,,,4.0,-3.0,3.2857142857142856,3.857142857142857,1,Karir Linear
50.0,10.0,5.0,Pilihan,,4,3.0,,5.0,5,4,,Akuntansi S1,4.0,,,,,20.0,,5.0,,Pilihan,"Sertifikasi Kompetensi Penyusunan Laporan Keuangan Berbasis SAK ETAP berlaku sampai 2021 Sertifikasi Kompetensi Jasa Akuntansi, Pembukuan & Pemeriksaan, Konsultan Pajak berlaku sampai 2022 Sertifikasi Teknisi Akuntansi Perpajakan Junior berlaku sampai 2020 Sertifikat apresiasi penerbitan Journal of Economics, Finance and Management Studies  Sertifikat Brevet Pajak AB STAN berlaku sampai 2025",4,4,Pilihan,4.0,5.0,4.0,,Pilihan,Pilihan,5.0,-1.0,4.142857142857143,4.571428571428571,3,Karir Elit
1.0,1.0,4.0,,,4,4.0,,5.0,4,4,,Teknik Elektro S1,1.0,,,,,1.0,,5.0,Pilihan,,0,1,4,,3.0,5.0,1.0,,,,5.0,17.0,2.7142857142857144,4.428571428571429,1,Karir Linear
20.0,5.0,3.0,,Pilihan,2,3.0,Pilihan,3.0,3,3,,Teknik Mesin S1,3.0,Pilihan,,,Pilihan,10.0,Pilihan,3.0,,,0,3,2,Pilihan,3.0,3.0,2.0,,Pilihan,Pilihan,3.0,3.0,2.5714285714285716,3.0,1,Karir Linear
3.0,3.0,4.0,,,4,3.0,,4.0,4,4,,Arsitektur S1,3.0,,,,,5.0,,4.0,,,0,4,4,Pilihan,4.0,4.0,3.0,,,,4.0,-2.0,3.7142857142857144,3.857142857142857,0,Karir Lintas Jalur
30.0,5.0,4.0,Pilihan,Pilihan,3,3.0,,4.0,3,3,,Teknik Sipil S1,2.0,,,,Pilihan,10.0,,4.0,,,0,2,2,Pilihan,3.0,3.0,2.0,,Pilihan,,4.0,0.0,2.4285714285714284,3.5714285714285716,0,Karir Lintas Jalur
20.0,3.0,4.0,,,4,3.0,,5.0,5,3,,Psikologi S1,3.0,,,,,8.0,,4.0,,,0,3,4,Pilihan,4.0,5.0,3.0,,,,5.0,6.0,3.5714285714285716,4.285714285714286,0,Karir Lintas Jalur
1.0,1.0,5.0,Pilihan,,3,3.0,,5.0,2,2,,Psikologi S1,3.0,,,,,1.0,,5.0,,,0,2,2,,4.0,5.0,3.0,,Pilihan,Pilihan,5.0,-1.0,2.4285714285714284,4.571428571428571,0,Karir Lintas Jalur
10.0,2.0,4.0,,,5,4.0,,4.0,5,5,,Sistem Informasi S1,5.0,,,,,5.0,,4.0,,,0,5,5,,4.0,4.0,5.0,,,,4.0,0.0,5.0,4.0,3,Karir Elit
3.0,2.0,4.0,Pilihan,,4,3.0,,4.0,4,4,,Teknik Industri S1,3.0,,,,Pilihan,2.0,,4.0,,,"Sertifikasi Perancangan Sistem Manufaktur, Sertifikasi  Perancangan Produk dan Proses Manufaktur dari Lembaga Sertifikasi Profesi BNSP",3,4,Pilihan,3.0,4.0,3.0,,,,4.0,48.0,3.5714285714285716,3.7142857142857144,2,Karir Tertunda
15.0,4.0,4.0,,,4,4.0,,5.0,4,4,,Akuntansi S1,4.0,,,,,6.0,,5.0,,,0,4,4,Pilihan,5.0,5.0,4.0,,,,5.0,3.0,4.0,4.714285714285714,3,Karir Elit
1.0,1.0,5.0,Pilihan,,4,4.0,,5.0,4,4,,Hubungan Masyarakat,4.0,,,,,1.0,,5.0,,,2,4,4,,5.0,5.0,4.0,,,,5.0,120.0,4.0,4.857142857142857,3,Karir Elit
1.0,1.0,4.0,,Pilihan,3,3.0,,5.0,5,3,,Manajemen S1,3.0,,,,Pilihan,1.0,,4.0,,,0,3,3,,4.0,5.0,3.0,,,,4.0,1.0,3.2857142857142856,4.142857142857143,0,Karir Lintas Jalur
7.0,5.0,5.0,,,3,3.0,,5.0,5,4,,Komunikasi Digital,4.0,,,,,5.0,,5.0,,,Tidak ada,5,4,Pilihan,5.0,5.0,5.0,,,,5.0,-1.0,4.285714285714286,4.714285714285714,3,Karir Elit
50.0,3.0,5.0,Pilihan,,4,4.0,,5.0,5,4,,Teknik Mesin S1,5.0,Pilihan,,Pilihan,,5.0,Pilihan,5.0,,,Sertifikat Kompetensi Pelaksana Madya Instalatir Pemanfaatan Tegangan Rendah,4,5,Pilihan,4.0,5.0,4.0,Pilihan,Pilihan,,5.0,6.0,4.428571428571429,4.714285714285714,1,Karir Linear
100.0,3.0,5.0,Pilihan,Pilihan,4,5.0,,5.0,5,5,,Hubungan Masyarakat,3.0,,,,,7.0,,5.0,,,Sertifikasi profesi Public Relations Coordinator dari Lembaga Sertifikasi Profesi BNSP. Masa berlaku 2023-2026.,2,3,Pilihan,4.0,4.0,2.0,,,,5.0,-3.0,3.4285714285714284,4.714285714285714,1,Karir Linear
10.0,8.0,4.0,Pilihan,,4,3.0,,4.0,4,4,,Teknik Sipil S1,4.0,Pilihan,,,,8.0,Pilihan,4.0,,Pilihan,Sertifikat Keterampilan Kerja Juru Gambar/Draftman-Arsitektur,4,4,Pilihan,4.0,4.0,4.0,,Pilihan,,4.0,66.0,4.0,3.857142857142857,0,Karir Lintas Jalur
2.0,1.0,5.0,Pilihan,,5,3.0,,5.0,5,5,,Manajemen S1,4.0,,,,,2.0,,5.0,,,0,5,4,,5.0,5.0,5.0,,,,5.0,11.0,4.714285714285714,4.714285714285714,1,Karir Linear
50.0,8.0,5.0,Pilihan,,5,5.0,,5.0,5,5,,Sistem Informasi S1,5.0,,,,,12.0,,5.0,,,- Oracle: PL SQL - AWS : Cloud Foundation,5,5,,5.0,5.0,5.0,,Pilihan,,5.0,-1.0,5.0,5.0,1,Karir Linear
20.0,10.0,4.0,,,5,3.0,,5.0,5,5,,Manajemen S1,4.0,,,,,15.0,,4.0,,,0,4,4,Pilihan,4.0,4.0,4.0,,,,5.0,1.0,4.428571428571429,4.142857142857143,1,Karir Linear
20.0,5.0,4.0,Pilihan,,4,4.0,,4.0,4,4,,Akuntansi S1,5.0,,,,,13.0,,5.0,,,Sertifikasi Teknik Akuntan Ahli dari BNSP,4,3,,4.0,4.0,4.0,,Pilihan,,5.0,5.0,4.0,4.285714285714286,0,Karir Lintas Jalur
5.0,5.0,5.0,,,5,5.0,,5.0,5,5,,Akuntansi S1,5.0,,,,Pilihan,5.0,,5.0,,,0,5,5,,5.0,5.0,5.0,,,,5.0,40.0,5.0,5.0,1,Karir Linear
10.0,8.0,4.0,Pilihan,,3,3.0,,4.0,3,3,,Teknik Informatika S1,3.0,,,,,8.0,,3.0,,,Junior Web Developer,3,3,Pilihan,4.0,4.0,3.0,Pilihan,Pilihan,,4.0,6.0,3.0,3.7142857142857144,3,Karir Elit
47.0,5.0,4.0,Pilihan,,3,4.0,,4.0,5,3,,Penyiaran,4.0,,,,,15.0,,4.0,,,0,2,3,,4.0,4.0,2.0,,,,4.0,-1.0,3.142857142857143,4.0,0,Karir Lintas Jalur
10.0,10.0,5.0,Pilihan,,5,5.0,,5.0,5,5,,Manajemen S1,5.0,,,,,10.0,,5.0,,,"1.Certificate of Achievement by LIA Language Institute  Successfully completed the English course at English for Adults: Elementary Levels. Certificate number No. 01046/EAEL/OC/III/2020/MB. Signed by Selestin Zainuddin, S.Si., M.Hum. as the Director.  2.Certificate of Competence by Badan Nasional Sertifikasi Profesi Competent in the field of ""Human Resource Management"" with the qualification/competency of ""Human Resource Staff"" (managing worker administration, conducting prospective worker sourcing (Recruitment), selecting prospective worker application documents, conducting wage administration). Certificate number No. 78300.4416.3.00000265.2022. Reg. MSDM.1992.000244.2022. Signed by Assoc. Prof. Dr Ahmad Hidayat Sutawidjaya, M.Com, M.Phil, CSCP, CIPM, ASCA. As Chairman & Assoc. Prof. Dudi Permana, Ph.D., CPM as Certification Manager",5,5,Pilihan,5.0,5.0,5.0,,,Pilihan,5.0,2.0,5.0,5.0,3,Karir Elit
30.0,15.0,4.0,Pilihan,Pilihan,4,4.0,,4.0,4,4,,Akuntansi S1,4.0,,,,,20.0,,4.0,,,0,4,4,Pilihan,4.0,4.0,4.0,,,,4.0,1.0,4.0,4.0,1,Karir Linear
10.0,5.0,4.0,Pilihan,,5,3.0,,5.0,5,3,,Manajemen S1,2.0,,,,,5.0,,4.0,,,Certificate Amrketing Management,2,3,Pilihan,4.0,4.0,3.0,,Pilihan,,4.0,42.0,3.2857142857142856,4.0,3,Karir Elit
2.0,2.0,4.0,,,4,3.0,,3.0,3,4,,Teknik Mesin S1,3.0,,,,,2.0,,4.0,,,0,3,3,,4.0,3.0,4.0,,,,3.0,0.0,3.4285714285714284,3.4285714285714284,3,Karir Elit
100.0,10.0,5.0,,,5,5.0,,5.0,5,5,,Sistem Informasi S1,5.0,,,,,30.0,,5.0,,,0,5,5,Pilihan,5.0,5.0,5.0,,,,5.0,6.0,5.0,5.0,1,Karir Linear
5.0,3.0,5.0,Pilihan,,4,5.0,,5.0,4,4,,Teknik Elektro S1,4.0,Pilihan,,,,1.0,,5.0,,,0,4,4,Pilihan,5.0,5.0,4.0,,,,5.0,-6.0,4.0,5.0,0,Karir Lintas Jalur
15.0,5.0,4.0,Pilihan,,3,1.0,,5.0,4,2,,Teknik Industri S1,3.0,,,,,5.0,,4.0,,,0,3,3,Pilihan,4.0,4.0,3.0,,,Pilihan,4.0,-3.0,3.0,3.7142857142857144,0,Karir Lintas Jalur
1.0,1.0,4.0,,,4,3.0,,4.0,4,4,,Teknik Mesin S1,3.0,,,,,1.0,,4.0,,,0,3,3,Pilihan,4.0,5.0,3.0,,,,5.0,-2.0,3.4285714285714284,4.142857142857143,0,Karir Lintas Jalur
5.0,5.0,3.0,,,4,2.0,,5.0,4,4,,Teknik Elektro S1,5.0,Pilihan,,,,5.0,,3.0,,,0,5,2,Pilihan,4.0,4.0,3.0,,,,5.0,0.0,3.857142857142857,3.7142857142857144,0,Karir Lintas Jalur
80.0,2.0,4.0,,,4,4.0,,4.0,4,3,,Teknik Informatika S1,3.0,,,,,5.0,,4.0,,,0,3,3,Pilihan,4.0,4.0,3.0,,,,4.0,30.0,3.2857142857142856,4.0,3,Karir Elit
3.0,3.0,5.0,,,4,2.0,,5.0,5,4,,Sistem Informasi S1,5.0,,,,,3.0,,5.0,Pilihan,,BNSP LSP TELEMATIKA PEMOGRAMAN WEB YUNIOR 2023 - 2026,5,5,,5.0,5.0,5.0,,,,5.0,12.0,4.714285714285714,4.571428571428571,1,Karir Linear
1.0,5.0,5.0,Pilihan,,2,3.0,,5.0,3,4,,Akuntansi S1,4.0,,,,Pilihan,8.0,,4.0,,,0,2,4,Pilihan,4.0,5.0,3.0,,Pilihan,,5.0,3.0,3.142857142857143,4.428571428571429,1,Karir Linear
20.0,5.0,4.0,,,3,3.0,,5.0,3,4,,Manajemen S1,4.0,,,,,8.0,,3.0,,,Sertifikasi profesi Human Resources Staff dari BNSP,4,3,Pilihan,4.0,4.0,4.0,,,,5.0,-4.0,3.5714285714285716,4.0,0,Karir Lintas Jalur
3.0,2.0,5.0,Pilihan,,5,4.0,,5.0,5,5,,Hubungan Masyarakat,5.0,,,,,2.0,,5.0,,,Sertifikasi koordinator program kehumasan,5,5,Pilihan,5.0,5.0,5.0,,Pilihan,,5.0,48.0,5.0,4.857142857142857,2,Karir Tertunda
20.0,10.0,4.0,Pilihan,,4,3.0,,5.0,5,4,,Periklanan,5.0,,,,,15.0,Pilihan,5.0,,,0,4,4,Pilihan,4.0,4.0,4.0,,Pilihan,Pilihan,5.0,6.0,4.285714285714286,4.285714285714286,1,Karir Linear
60.0,10.0,5.0,Pilihan,Pilihan,3,3.0,,4.0,5,4,,Sistem Informasi S1,1.0,,,Pilihan,,37.0,,5.0,,,"Sertifikasi profesi Pemrogram Web Junior, Oracle, dan CSCU EC-Council, Business Intelligence Digitalent Kominfo",2,4,Pilihan,5.0,4.0,3.0,Pilihan,Pilihan,,5.0,12.0,3.142857142857143,4.428571428571429,1,Karir Linear
24.0,1.0,5.0,,,2,4.0,,4.0,5,3,,Teknik Informatika S1,3.0,,,,,5.0,,3.0,,,Sertifikat kompetensi BNSP Junior Web Developer. Masa Berlaku 2026,4,2,Pilihan,4.0,4.0,2.0,,,,4.0,-3.0,3.0,4.0,1,Karir Linear
3.0,2.0,4.0,,,5,4.0,,5.0,4,4,,Arsitektur S1,4.0,Pilihan,,,,2.0,,4.0,,,0,5,4,,4.0,5.0,4.0,,,,4.0,6.0,4.285714285714286,4.285714285714286,1,Karir Linear
6.0,2.0,4.0,Pilihan,,3,4.0,,4.0,5,4,,Psikologi S1,4.0,,,,,4.0,,4.0,,,0,3,3,Pilihan,4.0,4.0,3.0,,Pilihan,Pilihan,4.0,-1.0,3.5714285714285716,4.0,1,Karir Linear
70.0,2.0,4.0,,,4,4.0,,4.0,4,4,,Desain Komunikasi Visual S1,4.0,Pilihan,,,,2.0,,4.0,,,0,4,4,,4.0,4.0,4.0,,,,4.0,1.0,4.0,4.0,0,Karir Lintas Jalur
10.0,5.0,4.0,,,2,3.0,,4.0,2,3,,Teknik Informatika S1,3.0,,,,,5.0,,4.0,Pilihan,,"Sertifikasi BNSP Junior Web Developer, Oracle, CNNA",2,3,,3.0,4.0,2.0,,Pilihan,,4.0,-3.0,2.4285714285714284,3.7142857142857144,0,Karir Lintas Jalur
3.0,3.0,5.0,,Pilihan,5,4.0,,5.0,5,5,,Akuntansi S1,4.0,,,,,3.0,,5.0,,,Sertifikasi Accurate,3,5,,5.0,5.0,3.0,,,,5.0,60.0,4.285714285714286,4.857142857142857,1,Karir Linear
15.0,8.0,5.0,Pilihan,,3,4.0,,5.0,3,3,,Manajemen S1,3.0,Pilihan,,Pilihan,,8.0,,5.0,,,0,3,3,Pilihan,4.0,4.0,3.0,Pilihan,,,5.0,1.0,3.0,4.571428571428571,1,Karir Linear
100.0,5.0,4.0,,,4,3.0,,5.0,5,2,,Teknik Informatika S1,4.0,,,,,10.0,Pilihan,4.0,,,Pemrogram Web Yunior - 3 Tahun(2023-2026),2,2,Pilihan,4.0,4.0,2.0,,,,4.0,-7.0,3.0,4.0,1,Karir Linear
5.0,2.0,2.0,Pilihan,,4,2.0,,3.0,5,3,,Hubungan Masyarakat,3.0,,,,,3.0,,3.0,,,0,4,3,Pilihan,3.0,4.0,3.0,,,,4.0,60.0,3.5714285714285716,3.0,2,Karir Tertunda
1.0,1.0,5.0,Pilihan,Pilihan,4,3.0,,5.0,3,3,,Teknik Informatika S1,3.0,,,,,1.0,,5.0,,,ELearning Security - Enterprise Defense Administrator,3,2,,5.0,5.0,3.0,,Pilihan,,5.0,48.0,3.0,4.714285714285714,3,Karir Elit
70.0,20.0,5.0,,Pilihan,2,4.0,,5.0,2,3,,Teknik Informatika S1,5.0,,,,,20.0,,5.0,,,Oracle、java backend,5,3,Pilihan,4.0,5.0,5.0,,,,5.0,1.0,3.5714285714285716,4.714285714285714,1,Karir Linear
1.0,1.0,4.0,Pilihan,,5,4.0,,5.0,5,5,,Teknik Industri S1,5.0,,,,,1.0,,5.0,,,0,5,5,,5.0,5.0,5.0,,,,5.0,12.0,5.0,4.714285714285714,3,Karir Elit
30.0,5.0,4.0,,,5,4.0,,4.0,5,3,,Akuntansi S1,4.0,,,,,10.0,,4.0,,,0,4,4,Pilihan,3.0,4.0,3.0,,,,4.0,9.0,4.0,3.857142857142857,0,Karir Lintas Jalur
1.0,1.0,3.0,,,3,3.0,,3.0,3,3,,Akuntansi S1,3.0,,,,,1.0,Pilihan,3.0,,,Accurate,3,3,,3.0,3.0,3.0,,,,3.0,0.0,3.0,3.0,1,Karir Linear
4.0,2.0,4.0,Pilihan,Pilihan,3,4.0,,4.0,4,4,,Penyiaran,3.0,,,,,2.0,Pilihan,3.0,,,0,3,4,Pilihan,4.0,5.0,4.0,,,,5.0,6.0,3.5714285714285716,4.142857142857143,0,Karir Lintas Jalur
3.0,1.0,4.0,,,4,5.0,,4.0,4,3,,Desain Komunikasi Visual S1,3.0,,,,,2.0,,4.0,,,0  Sertifikasi Graphic Design Junior LSP oleh BNSP (belum diambil),3,3,Pilihan,4.0,5.0,4.0,,Pilihan,Pilihan,4.0,1.0,3.4285714285714284,4.285714285714286,1,Karir Linear
10.0,3.0,4.0,Pilihan,Pilihan,4,4.0,,4.0,4,4,,Akuntansi S1,4.0,Pilihan,,Pilihan,,3.0,,4.0,,,Sertifikasi Accurate,4,4,Pilihan,4.0,4.0,4.0,,,,4.0,8.0,4.0,4.0,3,Karir Elit
3.0,3.0,5.0,,,5,4.0,,5.0,5,5,,Akuntansi S1,4.0,,,,,3.0,,5.0,,,Sertifikat Accurate,4,4,Pilihan,5.0,5.0,4.0,,,,5.0,12.0,4.428571428571429,4.857142857142857,0,Karir Lintas Jalur
50.0,43.0,5.0,,,5,4.0,,5.0,5,5,,Teknik Industri S1,5.0,,,,Pilihan,45.0,,5.0,,,0,5,5,Pilihan,5.0,5.0,5.0,,,,5.0,1.0,5.0,4.857142857142857,3,Karir Elit
1.0,1.0,4.0,,,5,3.0,,4.0,4,5,,Periklanan,3.0,,,,,1.0,,4.0,,,0,5,4,,4.0,4.0,4.0,,,,4.0,0.0,4.285714285714286,3.857142857142857,0,Karir Lintas Jalur
5.0,4.0,5.0,,Pilihan,2,3.0,,4.0,4,3,,Desain Interior S1,2.0,,,,,5.0,,4.0,,,0,2,2,Pilihan,4.0,5.0,1.0,,,,5.0,7.0,2.2857142857142856,4.285714285714286,1,Karir Linear
1.0,1.0,4.0,Pilihan,,4,4.0,,4.0,4,4,,Teknik Sipil S1,3.0,,,,,1.0,,5.0,,,0,3,4,,4.0,5.0,3.0,,,,5.0,0.0,3.5714285714285716,4.428571428571429,3,Karir Elit
2.0,1.0,5.0,,,5,4.0,,5.0,5,5,,Teknik Mesin S1,4.0,,,,,1.0,,4.0,,,0,4,4,,4.0,4.0,4.0,,,,4.0,0.0,4.428571428571429,4.285714285714286,0,Karir Lintas Jalur
100.0,15.0,4.0,,,3,4.0,,4.0,3,3,,Teknik Informatika S1,2.0,,,,,15.0,,4.0,,,JuniorWeb Developer (3thn),3,3,Pilihan,4.0,4.0,4.0,,,,4.0,60.0,3.0,4.0,1,Karir Linear
3.0,3.0,4.0,,,3,4.0,,4.0,3,3,,Psikologi S1,3.0,,,,,3.0,,4.0,Pilihan,,0,3,3,,4.0,4.0,3.0,,,,4.0,0.0,3.0,4.0,3,Karir Elit
1.0,2.0,5.0,Pilihan,,4,4.0,,5.0,5,5,,Manajemen S1,5.0,,,,,2.0,,5.0,,,0,5,5,,5.0,5.0,5.0,,,,5.0,1.0,4.857142857142857,4.857142857142857,0,Karir Lintas Jalur
1.0,1.0,3.0,,Pilihan,4,2.0,,4.0,5,4,,Teknik Sipil S1,3.0,,,,,1.0,,4.0,Pilihan,,0,3,3,,3.0,3.0,4.0,,,Pilihan,4.0,84.0,3.7142857142857144,3.2857142857142856,1,Karir Linear
25.0,3.0,4.0,Pilihan,,4,4.0,,4.0,4,3,,Desain Komunikasi Visual S1,4.0,,,,,5.0,,3.0,,,Desainer Grafis Junior dari Badan Nasional Sertifikasi Profesi,4,3,Pilihan,4.0,3.0,3.0,Pilihan,,Pilihan,4.0,1.0,3.5714285714285716,3.7142857142857144,3,Karir Elit
15.0,5.0,5.0,,,4,4.0,,5.0,4,5,,Manajemen S1,5.0,,,,Pilihan,5.0,,5.0,,,Sertifikasi Finance Management TUVRheinland,5,4,Pilihan,4.0,5.0,5.0,,,,5.0,10.0,4.571428571428571,4.714285714285714,0,Karir Lintas Jalur
10.0,8.0,5.0,,,4,4.0,,5.0,4,4,Pilihan,Hubungan Masyarakat,4.0,,,,,8.0,,5.0,,,0,4,4,Pilihan,4.0,5.0,4.0,,,,5.0,12.0,4.0,4.714285714285714,1,Karir Linear
5.0,6.0,5.0,Pilihan,,4,3.0,,3.0,4,4,,Teknik Informatika S1,4.0,,,,,6.0,,4.0,,,CCNA 1 - 2,4,4,Pilihan,4.0,5.0,4.0,,,,5.0,-6.0,4.0,4.142857142857143,0,Karir Lintas Jalur
3.0,3.0,5.0,,,4,3.0,,5.0,5,5,,Teknik Sipil S1,3.0,,,,,3.0,,4.0,Pilihan,,0,3,2,,4.0,5.0,4.0,,,,5.0,0.0,3.7142857142857144,4.428571428571429,1,Karir Linear
20.0,3.0,4.0,Pilihan,,3,3.0,,4.0,4,3,,Hubungan Masyarakat,3.0,,,,,12.0,,5.0,,,"Sertifikasi profesi Humas dari Lembaga Sertifikasi Profesi, 2023-2026",2,2,Pilihan,4.0,4.0,3.0,,,,4.0,-2.0,2.857142857142857,4.0,1,Karir Linear
19.0,12.0,5.0,,Pilihan,4,5.0,,5.0,4,4,,Teknik Industri S1,5.0,Pilihan,,,,12.0,,5.0,,,Lean Production Nike @Stella International Limited Holdings,5,4,Pilihan,4.0,5.0,4.0,,,,5.0,24.0,4.285714285714286,4.857142857142857,3,Karir Elit
50.0,10.0,4.0,,,3,3.0,,4.0,5,4,,Hubungan Masyarakat,5.0,,,,,10.0,,5.0,,,"Sertifikasi Profesi Public Relations Coordinator dari Badan Nasional Sertifikasi Profesi, 24 Mei 2024 - 24 Juni 2026",4,4,Pilihan,5.0,4.0,3.0,,,,5.0,-6.0,4.0,4.285714285714286,1,Karir Linear
1.0,1.0,4.0,,,5,4.0,,4.0,5,4,,Akuntansi S1,5.0,,,,,1.0,,5.0,,,Sertifikasi profesi Bendahara Negara Tersertifikasi (Bendahara Penerimaan) masa berlaku 5 tahun sejak 3 Juli 2023,5,5,,4.0,4.0,4.0,,,,4.0,0.0,4.714285714285714,4.142857142857143,1,Karir Linear
13.0,5.0,4.0,Pilihan,,2,2.0,,5.0,4,4,,Manajemen S1,3.0,,,,,6.0,,3.0,,,Sertifikasi profesi manajemen keuangan dari Lembaga Sertifikasi Profesi,3,2,Pilihan,3.0,3.0,3.0,,,Pilihan,3.0,6.0,3.0,3.2857142857142856,0,Karir Lintas Jalur
1.0,1.0,5.0,,,5,5.0,,5.0,5,5,,Manajemen S1,5.0,,,,Pilihan,1.0,,5.0,,,0,5,5,,5.0,5.0,5.0,,,,5.0,0.0,5.0,5.0,3,Karir Elit
5.0,2.0,3.0,,Pilihan,3,3.0,,3.0,3,3,,Sistem Informasi S1,3.0,,,,,2.0,,3.0,,,0,3,3,,3.0,3.0,3.0,,,,3.0,1.0,3.0,3.0,0,Karir Lintas Jalur
1.0,1.0,5.0,,,4,3.0,,5.0,4,3,,Akuntansi S1,4.0,,,,Pilihan,1.0,,4.0,,,0,3,4,Pilihan,5.0,4.0,3.0,,,,4.0,12.0,3.5714285714285716,4.285714285714286,1,Karir Linear
50.0,7.0,3.0,Pilihan,,5,2.0,,4.0,4,5,,Akuntansi S1,3.0,,,Pilihan,,10.0,,4.0,,,0,3,4,Pilihan,3.0,4.0,5.0,Pilihan,,,4.0,36.0,4.142857142857143,3.4285714285714284,1,Karir Linear
2.0,3.0,3.0,,,3,1.0,,4.0,5,4,,Akuntansi S1,5.0,,,,,5.0,,4.0,,,0,5,4,Pilihan,3.0,5.0,4.0,,,,5.0,-0.5,4.285714285714286,3.5714285714285716,0,Karir Lintas Jalur
30.0,8.0,5.0,,,3,5.0,,5.0,4,3,,Manajemen S1,4.0,,,,,20.0,,5.0,,,Basic GA Management - Career Buildings,4,5,Pilihan,4.0,4.0,4.0,,Pilihan,,4.0,6.0,3.857142857142857,4.571428571428571,0,Karir Lintas Jalur
5.0,2.0,4.0,,Pilihan,3,4.0,,5.0,4,3,,Penyiaran,3.0,,,,,2.0,Pilihan,5.0,,,0,2,2,,4.0,4.0,2.0,,,,4.0,6.0,2.7142857142857144,4.285714285714286,1,Karir Linear
7.0,7.0,5.0,,Pilihan,5,5.0,,5.0,5,5,,Teknik Sipil S1,5.0,,,,,7.0,,5.0,,,Ahli Pengadaan Barang dan Jasa Pemerintah,5,5,,5.0,5.0,5.0,,,,5.0,24.0,5.0,5.0,3,Karir Elit
10.0,4.0,4.0,,,3,5.0,,4.0,3,4,,Teknik Elektro S1,2.0,,,,,5.0,,5.0,,,1. Teknisi K3 Listrik 2. Teknisi K3 Pesawat Tenaga Produksi 3. Training ETAP 4. AK3 Listrik,2,2,Pilihan,5.0,4.0,2.0,,Pilihan,,5.0,-1.0,2.5714285714285716,4.571428571428571,1,Karir Linear
5.0,3.0,4.0,,Pilihan,4,3.0,,4.0,4,4,,Teknik Sipil S1,3.0,,,,,3.0,,4.0,,,0,3,3,,4.0,4.0,3.0,,,,4.0,0.0,3.4285714285714284,3.857142857142857,1,Karir Linear
5.0,1.0,5.0,,,5,5.0,,5.0,5,5,,Teknik Informatika S1,5.0,,,,,2.0,,5.0,,,"BNSP, CCNA, PL/SQL, ORACLE",5,5,,5.0,5.0,5.0,,Pilihan,,5.0,2.0,5.0,5.0,1,Karir Linear
3.0,3.0,5.0,Pilihan,,3,4.0,,5.0,5,4,,Teknik Sipil S1,1.0,,,,,3.0,,5.0,,,0,1,2,,4.0,5.0,3.0,,,,5.0,-1.0,2.7142857142857144,4.714285714285714,1,Karir Linear
20.0,5.0,4.0,,Pilihan,4,4.0,,4.0,4,4,,Teknik Informatika S1,4.0,,,,,10.0,,4.0,,,0,4,4,,4.0,4.0,4.0,,,,4.0,48.0,4.0,4.0,2,Karir Tertunda
20.0,2.0,4.0,Pilihan,,4,4.0,,4.0,4,4,,Akuntansi S1,4.0,,,,,5.0,,4.0,,,0,4,4,Pilihan,4.0,4.0,4.0,,,,4.0,-1.0,4.0,4.0,0,Karir Lintas Jalur
1.0,1.0,4.0,,,3,3.0,,5.0,3,4,,Teknik Mesin S1,3.0,,,,Pilihan,1.0,,4.0,,,0,3,4,,4.0,3.0,4.0,,,,4.0,8.0,3.4285714285714284,3.857142857142857,3,Karir Elit
1.0,1.0,4.0,,,4,3.0,,4.0,5,4,,Teknik Sipil S1,3.0,,,,Pilihan,1.0,,5.0,,,0,3,4,,3.0,5.0,3.0,,,,5.0,24.0,3.7142857142857144,4.142857142857143,2,Karir Tertunda
1.0,2.0,5.0,,,4,4.0,,4.0,5,5,,Desain Komunikasi Visual S1,5.0,,,,,5.0,,3.0,,,-,5,5,Pilihan,4.0,5.0,5.0,,,,3.0,4.0,4.857142857142857,4.0,1,Karir Linear
5.0,1.0,3.0,Pilihan,,4,3.0,,4.0,3,3,,Psikologi S1,3.0,,,,,2.0,,3.0,,,0,4,3,,4.0,4.0,3.0,,,,3.0,12.0,3.2857142857142856,3.4285714285714284,0,Karir Lintas Jalur
12.0,8.0,5.0,,,3,5.0,,5.0,4,3,,Penyiaran,3.0,,,,,8.0,,5.0,,,0,3,3,Pilihan,5.0,5.0,3.0,,,,5.0,6.0,3.142857142857143,5.0,0,Karir Lintas Jalur
5.0,3.0,5.0,,,3,5.0,,5.0,5,5,,Teknik Industri S1,5.0,Pilihan,,,,3.0,,5.0,,,"LinkedIn Marketing Fundamenfal, LinkedIn Marketing Strategy",5,3,Pilihan,5.0,3.0,5.0,,Pilihan,,4.0,-1.0,4.428571428571429,4.571428571428571,3,Karir Elit
5.0,3.0,5.0,,Pilihan,4,3.0,,5.0,4,5,,Teknik Sipil S1,3.0,,,,,5.0,,5.0,,,Belum ada,3,4,,4.0,5.0,5.0,,,,5.0,12.0,4.0,4.571428571428571,1,Karir Linear
17.0,10.0,5.0,Pilihan,Pilihan,5,4.0,Pilihan,5.0,5,5,,Teknik Sipil S1,4.0,Pilihan,,Pilihan,Pilihan,10.0,Pilihan,5.0,,,0,4,5,Pilihan,4.0,5.0,5.0,Pilihan,Pilihan,,5.0,1.0,4.714285714285714,4.714285714285714,1,Karir Linear
3.0,3.0,4.0,Pilihan,,4,4.0,,4.0,4,4,,Sistem Informasi S1,4.0,,,,,3.0,,4.0,,,"CCNA, CLI",4,4,,4.0,4.0,4.0,,,Pilihan,4.0,84.0,4.0,4.0,0,Karir Lintas Jalur
2.0,2.0,4.0,Pilihan,,4,3.0,,3.0,4,3,,Teknik Sipil S1,4.0,,,,,2.0,,4.0,,,"Sertifikasi Kompetensi Pelaksana Pemeliharaan Jalan, ATAKI",3,3,,4.0,4.0,3.0,,,,4.0,12.0,3.4285714285714284,3.7142857142857144,1,Karir Linear
5.0,3.0,4.0,,,4,4.0,,4.0,4,4,,Akuntansi S1,5.0,,,,Pilihan,3.0,,4.0,,,0,4,4,,4.0,5.0,5.0,,,,5.0,12.0,4.285714285714286,4.285714285714286,0,Karir Lintas Jalur
30.0,15.0,5.0,,,3,5.0,,5.0,3,4,,Teknik Informatika S1,3.0,Pilihan,,,,15.0,,4.0,,,Aws Cloud practicioner,3,3,Pilihan,4.0,4.0,3.0,,,,4.0,-6.0,3.142857142857143,4.428571428571429,0,Karir Lintas Jalur
50.0,3.0,4.0,,Pilihan,5,4.0,,5.0,5,5,Pilihan,Arsitektur S1,3.0,Pilihan,,,,5.0,,5.0,,,0,3,4,Pilihan,3.0,5.0,4.0,,,,5.0,3.0,4.142857142857143,4.428571428571429,0,Karir Lintas Jalur
5.0,2.0,5.0,Pilihan,,4,5.0,,4.0,4,5,Pilihan,Psikologi S1,5.0,Pilihan,,,,3.0,Pilihan,5.0,,,Sertifikat Kompetensi BNSP Rekrutan,5,4,Pilihan,4.0,5.0,5.0,,Pilihan,,5.0,24.0,4.571428571428571,4.714285714285714,2,Karir Tertunda
1.0,3.0,5.0,,,5,4.0,,5.0,5,5,,Psikologi S1,5.0,,,,,1.0,,5.0,,,Sertifikasi UKOM Spv pelatihan dan pengembangan SDM dari bnsp,5,5,,5.0,5.0,5.0,,,,5.0,0.0,5.0,4.857142857142857,3,Karir Elit
10.0,4.0,4.0,,Pilihan,3,3.0,,4.0,3,2,,Hubungan Masyarakat,2.0,,,,,4.0,,4.0,,,0,2,2,,4.0,4.0,3.0,,,,4.0,32.0,2.4285714285714284,3.857142857142857,0,Karir Lintas Jalur
3.0,2.0,4.0,,,3,4.0,,5.0,4,3,,Manajemen S1,3.0,Pilihan,,,,2.0,,5.0,,,0,3,2,,4.0,4.0,3.0,,,,5.0,9.0,3.0,4.428571428571429,1,Karir Linear
5.0,3.0,5.0,,,4,4.0,,4.0,5,5,,Manajemen S1,5.0,Pilihan,,Pilihan,,3.0,Pilihan,4.0,,,Sertifikasi Staff Sumber Daya Manusia dari LSP AHS Manajemen masa berlaku 10-12-2025,5,4,,4.0,4.0,5.0,,,,4.0,8.0,4.714285714285714,4.142857142857143,3,Karir Elit
2.0,1.0,4.0,,,4,3.0,,4.0,4,4,,Akuntansi S1,4.0,,,,,1.0,Pilihan,4.0,,,0,4,4,,4.0,4.0,4.0,,,,4.0,48.0,4.0,3.857142857142857,1,Karir Linear
10.0,4.0,4.0,,Pilihan,4,4.0,,4.0,5,5,,Teknik Elektro S1,4.0,,,,,4.0,,4.0,,,0,4,4,Pilihan,4.0,5.0,4.0,,Pilihan,Pilihan,4.0,1.0,4.285714285714286,4.142857142857143,1,Karir Linear
3.0,3.0,4.0,,Pilihan,4,3.0,Pilihan,5.0,5,4,,Hubungan Masyarakat,5.0,,,,Pilihan,3.0,,5.0,Pilihan,,Sertifikasi Profesi Kehumasan dari BNSP,4,5,,4.0,5.0,4.0,,,,5.0,48.0,4.428571428571429,4.428571428571429,0,Karir Lintas Jalur
70.0,10.0,5.0,Pilihan,,5,4.0,,5.0,5,5,,Akuntansi S1,5.0,,,,,20.0,,5.0,Pilihan,,"- Sertifikat Pelatihan Pajak Terapan Brevet A & B, Izin Nomor : 421.1/14033/X/Disdik/2021, Sertifikat No : 2359032  - Sertifikasi Accurate, Nomor : 10.C/289/040/S-Ket-L-Accurate/VII/2022",4,5,Pilihan,5.0,5.0,5.0,Pilihan,Pilihan,,5.0,12.0,4.857142857142857,4.857142857142857,3,Karir Elit
5.0,5.0,4.0,Pilihan,,4,4.0,,4.0,4,4,,Akuntansi S1,4.0,,,,,5.0,,5.0,,,0,3,4,,4.0,4.0,4.0,,,,4.0,60.0,3.857142857142857,4.142857142857143,1,Karir Linear
2.0,1.0,4.0,,,3,4.0,,4.0,3,2,,Teknik Mesin S1,3.0,,,,,2.0,,4.0,,,0,4,4,,5.0,3.0,3.0,Pilihan,,,4.0,24.0,3.142857142857143,4.0,3,Karir Elit
10.0,1.0,4.0,,,4,4.0,,4.0,4,4,,Teknik Elektro S1,4.0,,,,Pilihan,5.0,,4.0,,,0,4,4,,4.0,4.0,4.0,,,,4.0,0.0,4.0,4.0,3,Karir Elit
1.0,1.0,3.0,,,3,3.0,,4.0,5,4,,Teknik Industri S1,4.0,,,,,1.0,Pilihan,4.0,,,0,4,3,,3.0,3.0,4.0,,,,4.0,48.0,3.857142857142857,3.4285714285714284,0,Karir Lintas Jalur
15.0,5.0,5.0,,Pilihan,5,5.0,,5.0,5,5,,Teknik Informatika S1,5.0,,,,,5.0,,5.0,,,BNSP,5,5,Pilihan,5.0,5.0,5.0,,,,5.0,3.0,5.0,5.0,3,Karir Elit
4.0,2.0,4.0,,,4,3.0,,5.0,5,4,,Teknik Informatika S1,3.0,,,,,2.0,,4.0,,,Sertifikasi Profesi Network Infrastructure dari Badan Nasional Sertifikasi Profesi - 31 Maret 2023 s/d 31 Maret 2026,3,3,Pilihan,3.0,4.0,3.0,,Pilihan,,5.0,-2.0,3.5714285714285716,4.0,0,Karir Lintas Jalur
10.0,1.0,4.0,Pilihan,,4,3.0,,4.0,4,3,,Teknik Industri S1,3.0,,,,,1.0,,4.0,,,0,3,2,,4.0,4.0,3.0,,,,5.0,12.0,3.142857142857143,4.0,0,Karir Lintas Jalur
7.0,5.0,4.0,,Pilihan,4,4.0,,5.0,4,4,,Teknik Elektro S1,4.0,,,,,5.0,,4.0,,,0,4,4,Pilihan,5.0,4.0,4.0,,,,5.0,12.0,4.0,4.428571428571429,3,Karir Elit
20.0,8.0,4.0,,Pilihan,4,3.0,,4.0,3,5,,Teknik Informatika S1,4.0,,,,,10.0,,4.0,,,"List 10 Sertifikat - Muhamad Rivaldi  1.	Sertifikasi Kompetensi BNSP ( Pemrograman & Pengembangan Piranti Lunak ), 2023, LSP Telematika     2.	Cloud Practitioner Essentials (AWS), 17 February 2023, Dicoding Indonesia     3.	Belajar Dasar Pemrograman Java Script, 23 February 2023, Dicoding Indonesia      4.	SINAPTIKA, 21 Desember 2019, Fasilkom Universitas Mercu Buana     5.	Mastering Mobile Programming Android, 14 Desember, 2020, Skill Academy      6.	Data Science Methodology, 25 Desember 2020, Cognitive Class.ai     7.	Certified Secure Computer User (CSCU) V2, 13 January 2020, EC- Council       8.	Peran Data Warehouse dan Big Data, 11 Juni 2022, Fasilkom Universitas Mercubuana     9.	Belajar Membuat Aplikasi Android, 03 Maret 2020, Dicoding Indonesia       10.	CCNA RS 1, 04 Agustus 2020, Cisco Networking Academy     11.	Wirausaha Muda Kreatif dan Inspiratif, 03 Agustus 2022, YOT with Astra ",4,3,,3.0,3.0,3.0,,Pilihan,,4.0,45.0,3.7142857142857144,3.5714285714285716,3,Karir Elit
1.0,1.0,4.0,,,4,3.0,,4.0,4,4,,Teknik Elektro S1,1.0,,,,,1.0,,4.0,Pilihan,,0,1,3,,3.0,4.0,4.0,,,,4.0,0.0,3.0,3.7142857142857144,1,Karir Linear
5.0,4.0,3.0,,Pilihan,3,2.0,,3.0,4,2,,Teknik Mesin S1,3.0,,,,,4.0,,4.0,,,Mechanical Plumbing,3,2,Pilihan,4.0,4.0,3.0,,,,4.0,9.0,2.857142857142857,3.4285714285714284,0,Karir Lintas Jalur
1.0,5.0,5.0,Pilihan,,5,5.0,,5.0,5,5,,Manajemen S1,4.0,Pilihan,,,,5.0,,5.0,,,0,4,5,Pilihan,4.0,5.0,5.0,,,,5.0,2.0,4.714285714285714,4.857142857142857,2,Karir Tertunda
6.0,2.0,5.0,,Pilihan,5,3.0,,5.0,5,5,,Sistem Informasi S1,5.0,,,,,3.0,,5.0,,,"BNSP, EC Council, Oracle Academy, Cisco, dll",5,5,,5.0,5.0,5.0,,,,5.0,12.0,5.0,4.714285714285714,0,Karir Lintas Jalur
15.0,8.0,5.0,Pilihan,Pilihan,4,4.0,,5.0,4,4,,Sistem Informasi S1,3.0,Pilihan,,,,10.0,,4.0,,,0,3,3,Pilihan,4.0,5.0,3.0,Pilihan,,,5.0,1.0,3.4285714285714284,4.571428571428571,0,Karir Lintas Jalur
10.0,2.0,5.0,,,4,3.0,,5.0,4,5,,Arsitektur S1,4.0,,,,,6.0,,4.0,,,0,5,4,Pilihan,4.0,4.0,5.0,,,,4.0,-5.0,4.428571428571429,4.142857142857143,0,Karir Lintas Jalur
5.0,3.0,5.0,Pilihan,,4,4.0,,5.0,4,5,,Psikologi S1,4.0,Pilihan,,,Pilihan,4.0,,5.0,,Pilihan,0,5,5,Pilihan,5.0,5.0,5.0,Pilihan,Pilihan,,5.0,6.0,4.571428571428571,4.857142857142857,0,Karir Lintas Jalur
12.0,1.0,5.0,Pilihan,,5,5.0,,5.0,5,5,,Penyiaran,5.0,,,,,2.0,,5.0,,,Sertifikasi Profesi Uji Kompetensi Skema Asisten Produser Televisi,5,5,Pilihan,5.0,5.0,5.0,,Pilihan,Pilihan,5.0,-2.0,5.0,5.0,1,Karir Linear
1.0,1.0,5.0,,,3,4.0,,5.0,3,4,,Teknik Sipil S1,3.0,,,,,1.0,,5.0,,,LPJK,4,4,,5.0,5.0,3.0,Pilihan,,,5.0,0.0,3.4285714285714284,4.857142857142857,1,Karir Linear
3.0,3.0,3.0,Pilihan,,4,4.0,,4.0,4,4,,Psikologi S1,4.0,,,,,3.0,,4.0,,,0,4,4,Pilihan,5.0,4.0,4.0,,,,4.0,6.0,4.0,4.0,0,Karir Lintas Jalur
100.0,10.0,5.0,,,4,3.0,,4.0,4,4,,Desain Komunikasi Visual S1,4.0,,,,,10.0,,4.0,Pilihan,,Sertifikasi Junior Graphic Designer,4,4,,4.0,4.0,4.0,,,,4.0,-2.0,4.0,4.0,3,Karir Elit
100.0,5.0,4.0,Pilihan,,3,3.0,,4.0,4,5,,Arsitektur S1,3.0,,,,,5.0,,4.0,,,0,3,2,Pilihan,4.0,3.0,1.0,,,,4.0,-4.0,3.0,3.7142857142857144,0,Karir Lintas Jalur
5.0,5.0,4.0,,,4,4.0,,4.0,4,4,,Teknik Sipil S1,4.0,,,,,5.0,,4.0,,,Sertifikasi “Pelaksana Pemeliharaan Jembatan” LSP Ataki,4,4,,4.0,4.0,4.0,Pilihan,,,4.0,1.0,4.0,4.0,0,Karir Lintas Jalur
1.0,1.0,4.0,,Pilihan,5,4.0,,5.0,5,5,,Psikologi S1,5.0,,,,,1.0,,4.0,,,0,5,5,,4.0,4.0,5.0,,,,4.0,12.0,5.0,4.142857142857143,0,Karir Lintas Jalur
1.0,1.0,5.0,Pilihan,Pilihan,5,4.0,,5.0,5,5,,Sistem Informasi S1,5.0,,,,,11.0,Pilihan,5.0,,,0,5,5,,5.0,5.0,5.0,,,,5.0,12.0,5.0,4.857142857142857,1,Karir Linear
3.0,2.0,5.0,Pilihan,,4,4.0,,4.0,5,5,,Akuntansi S1,4.0,,,,,2.0,,5.0,,,0,4,5,,4.0,4.0,4.0,,,,5.0,12.0,4.428571428571429,4.428571428571429,1,Karir Linear
2.0,1.0,3.0,,,2,3.0,,4.0,3,4,,Akuntansi S1,3.0,,,,,1.0,,4.0,,,0,4,2,Pilihan,4.0,4.0,3.0,,,,4.0,24.0,3.0,3.7142857142857144,0,Karir Lintas Jalur
1.0,1.0,4.0,Pilihan,,4,4.0,,3.0,4,4,,Desain Interior S1,4.0,,,,Pilihan,1.0,,3.0,,,0,4,3,,4.0,3.0,4.0,,,Pilihan,3.0,6.0,3.857142857142857,3.4285714285714284,1,Karir Linear
1.0,1.0,5.0,,,5,4.0,,4.0,5,5,,Teknik Elektro S1,3.0,,,,,1.0,,4.0,,,0,4,4,,4.0,5.0,5.0,,,,5.0,0.0,4.428571428571429,4.428571428571429,0,Karir Lintas Jalur
10.0,5.0,4.0,,,4,4.0,,4.0,4,4,,Manajemen S1,4.0,Pilihan,,,,5.0,,4.0,,,0,4,4,,4.0,4.0,4.0,,,,4.0,12.0,4.0,4.0,1,Karir Linear
12.0,4.0,4.0,,,4,4.0,,5.0,4,4,,Teknik Sipil S1,5.0,Pilihan,,,,6.0,,4.0,,,SKK Jenjang 6 Pengawas Pelaksana Struktur Bangunan Gedung Utama oleh LSP ATAK,5,4,Pilihan,4.0,5.0,5.0,,,,5.0,-6.0,4.428571428571429,4.428571428571429,0,Karir Lintas Jalur
8.0,4.0,5.0,Pilihan,Pilihan,5,5.0,Pilihan,5.0,5,5,Pilihan,Manajemen S1,5.0,Pilihan,Pilihan,Pilihan,Pilihan,5.0,Pilihan,5.0,Pilihan,Pilihan,0,5,5,Pilihan,5.0,5.0,5.0,Pilihan,Pilihan,Pilihan,5.0,-1.0,5.0,5.0,0,Karir Lintas Jalur
5.0,1.0,4.0,,,3,3.0,,5.0,3,4,,Sistem Informasi S1,3.0,,,,,2.0,,5.0,,,BNSP - Programmer & Software Development (2023 - 2026)                                   Oracle - Database Design                                                                                                            CCNAv7 - Introduction to Networks,2,2,,3.0,3.0,4.0,,,,5.0,0.0,3.0,4.0,0,Karir Lintas Jalur
3.0,3.0,5.0,,,5,4.0,,5.0,5,5,,Manajemen S1,3.0,,,,,3.0,,5.0,,,0,3,5,Pilihan,5.0,5.0,3.0,,,,5.0,0.0,4.142857142857143,4.857142857142857,1,Karir Linear
5.0,5.0,5.0,,Pilihan,4,5.0,,5.0,4,4,,Psikologi S1,4.0,,,,,5.0,Pilihan,5.0,,,0,4,4,,5.0,5.0,4.0,,,,4.0,1.0,4.0,4.857142857142857,3,Karir Elit
15.0,2.0,4.0,,Pilihan,5,4.0,,5.0,5,5,,Psikologi S1,5.0,,,,,8.0,,5.0,,,0,5,5,,4.0,5.0,5.0,,,,5.0,5.0,5.0,4.571428571428571,1,Karir Linear
2.0,1.0,5.0,Pilihan,,4,3.0,,5.0,4,4,,Penyiaran,3.0,,,,,2.0,,5.0,,,Sertifikasi profesi Assistant Producer,4,4,,5.0,5.0,4.0,,,,5.0,2.0,3.857142857142857,4.714285714285714,1,Karir Linear
10.0,4.0,5.0,,,5,4.0,,5.0,5,5,,Manajemen S1,5.0,,,,,4.0,,5.0,,,0,5,5,Pilihan,5.0,5.0,5.0,,,Pilihan,5.0,12.0,5.0,4.857142857142857,1,Karir Linear
30.0,4.0,5.0,Pilihan,Pilihan,4,3.0,,5.0,5,2,,Desain Komunikasi Visual S1,5.0,,,,,13.0,,5.0,,,Sertifikasi Profesi Desainer Grafis Junior dari Lembaga Sertifikasi Profesi Universitas Mercu Buana (3 Tahun),5,4,Pilihan,4.0,5.0,5.0,,Pilihan,Pilihan,5.0,3.0,4.285714285714286,4.571428571428571,1,Karir Linear
4.0,2.0,4.0,,,4,4.0,,4.0,4,4,,Psikologi S1,4.0,,,,,3.0,,4.0,Pilihan,,Supervisor Rekrutmen dan Seleksi Sumber Daya Manusia,4,3,,4.0,4.0,4.0,,,,4.0,36.0,3.857142857142857,4.0,0,Karir Lintas Jalur
2.0,2.0,5.0,Pilihan,,4,3.0,,4.0,5,3,,Sistem Informasi S1,5.0,,,,,2.0,,4.0,,,0,5,4,,5.0,4.0,5.0,,,,4.0,36.0,4.428571428571429,4.142857142857143,1,Karir Linear
10.0,10.0,4.0,,,4,3.0,,4.0,4,4,,Akuntansi S1,4.0,,,Pilihan,,10.0,Pilihan,4.0,,,Accurate,5,4,,4.0,4.0,4.0,,,,4.0,2016.0,4.142857142857143,3.857142857142857,0,Karir Lintas Jalur
20.0,3.0,5.0,Pilihan,,2,2.0,,5.0,5,3,,Hubungan Masyarakat,3.0,,,,,10.0,,5.0,,,0,1,4,,5.0,3.0,3.0,,Pilihan,,3.0,0.0,3.0,4.0,1,Karir Linear
30.0,5.0,3.0,,Pilihan,3,3.0,,5.0,5,4,,Teknik Sipil S1,1.0,,,,,10.0,,5.0,,,Sertifikat Kompetensi Manajer Lapangan Pelaksanaan Pekerjaan Gedung,1,1,Pilihan,4.0,5.0,1.0,,,,5.0,-3.0,2.2857142857142856,4.285714285714286,0,Karir Lintas Jalur
10.0,1.0,3.0,,,4,2.0,,4.0,4,3,,Akuntansi S1,3.0,,,,,2.0,,3.0,,,Sertifikasi Accurate berlaku sampai 25 September 2024,3,3,Pilihan,3.0,4.0,4.0,,,,3.0,1.0,3.4285714285714284,3.142857142857143,0,Karir Lintas Jalur
10.0,3.0,5.0,,,5,4.0,,5.0,5,5,,Teknik Sipil S1,5.0,,,,,5.0,Pilihan,5.0,,,0,5,5,Pilihan,5.0,5.0,5.0,,,,5.0,-1.0,5.0,4.857142857142857,3,Karir Elit
50.0,15.0,4.0,Pilihan,,5,3.0,,5.0,5,4,,Akuntansi S1,4.0,,,,,30.0,,4.0,,,-,4,4,,3.0,4.0,4.0,,,,5.0,-2.0,4.285714285714286,4.0,0,Karir Lintas Jalur
10.0,7.0,4.0,,,3,3.0,,5.0,3,5,,Teknik Informatika S1,5.0,Pilihan,,,,7.0,,4.0,,,0,5,2,Pilihan,5.0,5.0,5.0,,,,4.0,-3.0,4.0,4.285714285714286,0,Karir Lintas Jalur
20.0,3.0,3.0,,,5,3.0,,5.0,5,5,,Manajemen S1,5.0,Pilihan,,,,10.0,,5.0,,,"LPEM FEB UI, Bumi Arasy, TUV Rheinland",5,5,,4.0,5.0,5.0,,,,5.0,-12.0,5.0,4.285714285714286,1,Karir Linear
1.0,1.0,5.0,Pilihan,,5,3.0,,5.0,5,5,,Akuntansi S1,5.0,,,,Pilihan,1.0,,5.0,Pilihan,,0,5,5,,5.0,5.0,5.0,,,,5.0,0.0,5.0,4.714285714285714,1,Karir Linear
10.0,6.0,4.0,Pilihan,,3,3.0,,4.0,4,4,,Akuntansi S1,4.0,,,,,8.0,,4.0,,,0,3,3,,4.0,4.0,4.0,,,,4.0,24.0,3.5714285714285716,3.857142857142857,2,Karir Tertunda
1.0,1.0,4.0,,,3,3.0,,4.0,3,4,,Manajemen S1,3.0,,,,Pilihan,1.0,,4.0,,,0,3,3,,4.0,4.0,3.0,,,,4.0,0.0,3.142857142857143,3.857142857142857,0,Karir Lintas Jalur
9.0,2.0,5.0,Pilihan,,4,2.0,Pilihan,4.0,4,4,,Periklanan,5.0,,,,,5.0,,4.0,,,0,5,4,Pilihan,4.0,4.0,3.0,,,,4.0,6.0,4.142857142857143,3.857142857142857,1,Karir Linear
1.0,1.0,5.0,,,2,4.0,,5.0,3,3,,Teknik Mesin S1,3.0,Pilihan,,,,1.0,,5.0,,,0,3,3,Pilihan,4.0,5.0,3.0,,,,5.0,0.0,2.857142857142857,4.714285714285714,3,Karir Elit
1.0,4.0,3.0,,,2,3.0,,3.0,2,2,,Akuntansi S1,2.0,,,,,1.0,Pilihan,3.0,,,0,2,2,,3.0,3.0,2.0,,,,3.0,48.0,2.0,3.0,0,Karir Lintas Jalur
10.0,10.0,4.0,,,5,4.0,Pilihan,4.0,5,5,,Teknik Mesin S1,5.0,Pilihan,,Pilihan,,10.0,,4.0,,Pilihan,0,5,5,Pilihan,4.0,4.0,5.0,Pilihan,Pilihan,,4.0,-6.0,5.0,4.0,3,Karir Elit
75.0,10.0,4.0,Pilihan,,5,3.0,,3.0,5,5,,Teknik Sipil S1,5.0,,,,Pilihan,25.0,,4.0,,,0,5,5,Pilihan,4.0,5.0,5.0,,Pilihan,Pilihan,4.0,-1.0,5.0,3.857142857142857,1,Karir Linear
1.0,1.0,4.0,,,4,4.0,,4.0,5,4,,Teknik Mesin S1,3.0,,,,Pilihan,1.0,,5.0,,,Basic Aircraft Maintenance Category A1.4,4,3,,4.0,5.0,4.0,,,Pilihan,5.0,24.0,3.857142857142857,4.428571428571429,3,Karir Elit
3.0,3.0,4.0,,,5,4.0,,5.0,5,5,,Teknik Mesin S1,4.0,,,,,3.0,,4.0,,,Tidak Ada,4,5,,4.0,5.0,4.0,,,,5.0,0.0,4.571428571428571,4.428571428571429,1,Karir Linear
2.0,2.0,5.0,Pilihan,,4,3.0,,5.0,5,5,,Manajemen S1,4.0,,,,Pilihan,2.0,,5.0,,,0,5,4,,4.0,5.0,5.0,,,,5.0,48.0,4.571428571428571,4.571428571428571,0,Karir Lintas Jalur
30.0,18.0,5.0,,,5,4.0,,5.0,5,5,,Hubungan Masyarakat,5.0,,,,,18.0,,5.0,,,"Sertifikasi profesi Humas , masa berlaku sampai tahun 2025",4,5,Pilihan,5.0,5.0,5.0,,Pilihan,,5.0,12.0,4.857142857142857,4.857142857142857,1,Karir Linear
10.0,4.0,4.0,,,4,3.0,,5.0,4,4,,Teknik Industri S1,3.0,,,,,4.0,,4.0,,,0,3,4,,4.0,4.0,3.0,,,,5.0,0.0,3.5714285714285716,4.142857142857143,3,Karir Elit
2.0,2.0,5.0,Pilihan,,4,3.0,,5.0,4,5,,Teknik Informatika S1,4.0,,,,,2.0,,5.0,,,0,4,4,Pilihan,3.0,5.0,4.0,,,,5.0,-2.0,4.142857142857143,4.428571428571429,0,Karir Lintas Jalur
300.0,3.0,3.0,,,4,3.0,Pilihan,4.0,4,4,,Psikologi S1,3.0,,,Pilihan,,5.0,,3.0,,,0,3,2,,3.0,3.0,4.0,,Pilihan,,3.0,-1.0,3.4285714285714284,3.142857142857143,1,Karir Linear
2.0,2.0,5.0,Pilihan,,5,5.0,,5.0,5,5,,Teknik Mesin S1,5.0,,,,,2.0,,5.0,,,0,5,5,Pilihan,5.0,5.0,5.0,,Pilihan,,5.0,6.0,5.0,5.0,1,Karir Linear
1.0,1.0,5.0,,,3,4.0,,5.0,3,3,,Hubungan Masyarakat,4.0,,,,,1.0,,5.0,,,0,2,3,Pilihan,4.0,5.0,4.0,,,,5.0,0.0,3.142857142857143,4.714285714285714,0,Karir Lintas Jalur
125.0,20.0,5.0,,Pilihan,4,4.0,,5.0,4,4,,Akuntansi S1,5.0,,,,,50.0,,5.0,,,0,5,4,,5.0,4.0,5.0,,,,5.0,-6.0,4.428571428571429,4.714285714285714,3,Karir Elit
5.0,2.0,4.0,Pilihan,,3,3.0,,3.0,4,3,,Teknik Industri S1,2.0,Pilihan,,Pilihan,,2.0,,4.0,,,Sertifikat Ahli K3 Umum; Sertifikat Petugas K3 Kimia; Sertifikat Chemical Safety; Sertifikat Internal Auditor Integrated QHSE Management System,2,3,Pilihan,3.0,3.0,3.0,Pilihan,Pilihan,,3.0,24.0,2.857142857142857,3.2857142857142856,2,Karir Tertunda
12.0,3.0,4.0,Pilihan,,4,5.0,,4.0,4,4,,Hubungan Masyarakat,2.0,,,,,4.0,,4.0,,,Sertifikasi Koordinator Program Kehumasan - 2026,3,3,Pilihan,3.0,4.0,4.0,,Pilihan,Pilihan,4.0,-1.0,3.4285714285714284,4.0,1,Karir Linear
200.0,50.0,5.0,Pilihan,Pilihan,3,4.0,,5.0,4,5,,Psikologi S1,5.0,,,Pilihan,,100.0,,5.0,,,0,5,5,Pilihan,5.0,5.0,4.0,,Pilihan,Pilihan,4.0,3.0,4.428571428571429,4.714285714285714,1,Karir Linear
1.0,1.0,5.0,,,1,5.0,,5.0,1,1,,Teknik Industri S1,1.0,,,,,1.0,,5.0,,,0,1,1,,5.0,5.0,1.0,,,,5.0,0.0,1.0,5.0,3,Karir Elit
8.0,5.0,4.0,,,4,4.0,,5.0,4,4,,Teknik Elektro S1,5.0,,,,,5.0,,4.0,,,K3 Listrik kementrian ketenagakerjaan,4,4,,5.0,5.0,5.0,,,,5.0,0.0,4.285714285714286,4.571428571428571,1,Karir Linear
1.0,1.0,5.0,,Pilihan,3,5.0,,5.0,5,5,,Teknik Mesin S1,3.0,,,,,1.0,,4.0,,,0,3,3,Pilihan,4.0,5.0,4.0,,,,5.0,30.0,3.7142857142857144,4.714285714285714,2,Karir Tertunda
1.0,1.0,4.0,,,4,4.0,,4.0,4,4,,Teknik Elektro S1,4.0,,,,,1.0,,4.0,,,0,4,4,Pilihan,4.0,4.0,4.0,,,,4.0,12.0,4.0,4.0,3,Karir Elit
2.0,2.0,4.0,,,4,4.0,,4.0,4,4,,Teknik Elektro S1,4.0,,,,,2.0,,4.0,,,0,4,4,,4.0,4.0,4.0,,,,4.0,0.0,4.0,4.0,0,Karir Lintas Jalur
110.0,1.0,5.0,Pilihan,,4,3.0,,5.0,4,4,,Manajemen S1,4.0,,,,,1.0,,5.0,,,"Lembaga Sertifikasi Profesi (TuV) Tidak ada masa berlaku, release tgl 29 Maret 2022",5,5,,4.0,5.0,3.0,,,,5.0,72.0,4.142857142857143,4.571428571428571,0,Karir Lintas Jalur
4.0,4.0,4.0,Pilihan,,4,3.0,,4.0,4,4,,Sistem Informasi S1,4.0,,,,Pilihan,4.0,,4.0,,,Sertifikasi Junior Web Programmer Database Design Oracle Academy,4,4,Pilihan,4.0,4.0,4.0,,Pilihan,,4.0,12.0,4.0,3.857142857142857,0,Karir Lintas Jalur
10.0,6.0,4.0,,,3,4.0,,4.0,4,4,,Teknik Informatika S1,3.0,,,,,6.0,,4.0,,,0,3,2,Pilihan,4.0,4.0,3.0,,Pilihan,,4.0,1.0,3.142857142857143,4.0,1,Karir Linear
2.0,2.0,4.0,,,4,4.0,,5.0,4,4,,Sistem Informasi S1,5.0,,,,,2.0,,5.0,,,0,5,4,,4.0,5.0,4.0,,,,5.0,0.0,4.285714285714286,4.571428571428571,3,Karir Elit
1.0,1.0,4.0,Pilihan,,4,3.0,,5.0,4,5,,Teknik Mesin S1,5.0,,Pilihan,,,1.0,,4.0,,,0,4,3,Pilihan,5.0,5.0,4.0,,,,4.0,8.0,4.142857142857143,4.285714285714286,1,Karir Linear
10.0,8.0,5.0,,,4,5.0,,5.0,4,4,,Teknik Informatika S1,4.0,,,,,8.0,,5.0,,,Sertifikasi Junior Network Administrator,4,4,Pilihan,5.0,5.0,4.0,,,,5.0,-3.0,4.0,5.0,1,Karir Linear
1.0,1.0,4.0,Pilihan,Pilihan,3,3.0,,4.0,3,4,,Teknik Sipil S1,3.0,,,,,1.0,,4.0,,,SKK KONTRUKSI LEVEL 6,4,3,,4.0,5.0,3.0,,,,5.0,0.0,3.2857142857142856,4.142857142857143,0,Karir Lintas Jalur
30.0,5.0,4.0,Pilihan,,2,2.0,,4.0,4,4,Pilihan,Periklanan,4.0,,,,Pilihan,10.0,,4.0,,,0,2,1,Pilihan,3.0,3.0,2.0,,Pilihan,Pilihan,4.0,36.0,2.7142857142857144,3.4285714285714284,2,Karir Tertunda
1.0,1.0,4.0,,,4,4.0,,4.0,4,4,,Teknik Elektro S1,4.0,,,,,1.0,,4.0,,,Sertifikasi Profesi Ketua grup Pembangunan dan pemasangan Pemanfaatan tegangan Rendah dari Lembaga Sertifikasi Kompetensi tenaga Ketenagalistrikan (2026),4,4,,4.0,4.0,4.0,,,,4.0,0.0,4.0,4.0,3,Karir Elit
5.0,3.0,4.0,,,4,4.0,,5.0,4,4,,Teknik Informatika S1,4.0,Pilihan,,,,3.0,Pilihan,5.0,,,Intro to Front-end Development,4,4,Pilihan,4.0,5.0,4.0,,,,5.0,-1.0,4.0,4.571428571428571,1,Karir Linear
10.0,6.0,5.0,,,3,3.0,,5.0,4,4,,Psikologi S1,2.0,,,,,5.0,,4.0,,,0,3,3,Pilihan,3.0,4.0,3.0,,,,5.0,-2.0,3.142857142857143,4.142857142857143,0,Karir Lintas Jalur
1.0,1.0,4.0,Pilihan,Pilihan,3,4.0,,5.0,3,3,,Teknik Sipil S1,4.0,,,,Pilihan,1.0,Pilihan,5.0,,,Sertifikasi Profesi Pengawas Pekerjaan Struktur Bangunan Gedung Utama,4,3,,5.0,4.0,4.0,,Pilihan,,4.0,0.0,3.4285714285714284,4.428571428571429,1,Karir Linear
2.0,3.0,2.0,Pilihan,,4,3.0,,4.0,4,4,,Akuntansi S1,2.0,,,,,2.0,,3.0,,,0,3,2,,4.0,4.0,2.0,,,,3.0,0.0,3.0,3.2857142857142856,0,Karir Lintas Jalur
3.0,3.0,3.0,Pilihan,,4,3.0,,3.0,4,3,,Akuntansi S1,4.0,,,,,3.0,,3.0,,,0,4,4,,3.0,3.0,4.0,,,,3.0,12.0,3.857142857142857,3.0,1,Karir Linear
3.0,3.0,5.0,Pilihan,,5,5.0,,5.0,5,5,,Periklanan,5.0,,,,,3.0,,5.0,,,0',5,5,,5.0,5.0,5.0,,,,5.0,12.0,5.0,5.0,3,Karir Elit
27.0,10.0,3.0,Pilihan,,4,3.0,,4.0,4,4,,Akuntansi S1,4.0,Pilihan,,Pilihan,,10.0,Pilihan,3.0,,,0,4,4,Pilihan,3.0,3.0,4.0,,,,3.0,96.0,4.0,3.142857142857143,0,Karir Lintas Jalur
15.0,1.0,4.0,,,4,3.0,,5.0,5,5,,Sistem Informasi S1,4.0,,,,Pilihan,1.0,,5.0,,,"CCNAv7: Introduction to Networks, Database Programming with SQL (Oracle), Junior Web Developer (BNSP) 3 tahun",3,3,Pilihan,4.0,4.0,2.0,,,,5.0,12.0,3.7142857142857144,4.285714285714286,0,Karir Lintas Jalur
5.0,2.0,5.0,,,3,3.0,,5.0,4,4,,Hubungan Masyarakat,3.0,,,,,2.0,,4.0,,,Sertifikasi Profesi Public Relation dari Lembaga Sertifikasi Profesi UMB,4,4,,4.0,4.0,4.0,,,,4.0,0.0,3.7142857142857144,4.142857142857143,0,Karir Lintas Jalur
2.0,2.0,5.0,,,3,5.0,,5.0,4,3,,Penyiaran,3.0,,,,,2.0,,5.0,,,0,3,3,,4.0,5.0,3.0,,Pilihan,,5.0,1.0,3.142857142857143,4.857142857142857,1,Karir Linear
2.0,2.0,4.0,Pilihan,,5,3.0,,5.0,5,4,,Sistem Informasi S1,4.0,,,,,2.0,,3.0,,,0,4,4,,5.0,4.0,4.0,,Pilihan,,3.0,8.0,4.285714285714286,3.857142857142857,1,Karir Linear
100.0,35.0,4.0,,,3,4.0,,4.0,3,3,Pilihan,Akuntansi S1,2.0,,,,Pilihan,50.0,,4.0,,,0,2,3,,4.0,4.0,2.0,,,,4.0,12.0,2.5714285714285716,4.0,1,Karir Linear
20.0,2.0,4.0,Pilihan,,3,2.0,,4.0,4,2,,Teknik Informatika S1,3.0,,,,,3.0,,5.0,,,Fortinet Certified Associated in Cybersecurity,3,3,,3.0,4.0,2.0,,Pilihan,,4.0,12.0,2.857142857142857,3.7142857142857144,3,Karir Elit
10.0,1.0,4.0,,,4,3.0,,5.0,4,4,,Akuntansi S1,4.0,Pilihan,,,,2.0,,4.0,,,Brevet Pajak AB,4,2,Pilihan,4.0,4.0,3.0,,,,4.0,12.0,3.5714285714285716,4.0,1,Karir Linear
1.0,5.0,4.0,Pilihan,,4,4.0,,4.0,5,4,,Psikologi S1,4.0,,,,,1.0,,4.0,,,Supervisor Rekutmen dan seleksi Alat tes psikologi,4,4,Pilihan,4.0,4.0,5.0,,Pilihan,,4.0,6.0,4.285714285714286,4.0,1,Karir Linear
8.0,3.0,5.0,Pilihan,,4,4.0,,5.0,5,5,,Psikologi S1,4.0,,,,,3.0,,4.0,,,0,3,3,,5.0,5.0,2.0,,,,5.0,5.0,3.7142857142857144,4.714285714285714,3,Karir Elit
100.0,5.0,4.0,Pilihan,,5,4.0,,5.0,5,5,,Psikologi S1,5.0,,,,,25.0,,4.0,,Pilihan,0,5,5,Pilihan,4.0,5.0,5.0,Pilihan,Pilihan,,4.0,3.0,5.0,4.285714285714286,0,Karir Lintas Jalur
10.0,5.0,5.0,Pilihan,,2,5.0,,4.0,3,4,,Desain Komunikasi Visual S1,4.0,,,,,5.0,,5.0,,,0,5,3,Pilihan,4.0,4.0,5.0,,Pilihan,Pilihan,5.0,6.0,3.7142857142857144,4.571428571428571,1,Karir Linear
500.0,35.0,4.0,Pilihan,,4,4.0,,5.0,5,5,,Psikologi S1,5.0,,,,,100.0,,5.0,,,0,5,4,Pilihan,4.0,5.0,5.0,,Pilihan,,5.0,3.0,4.714285714285714,4.571428571428571,1,Karir Linear
15.0,8.0,5.0,,,4,4.0,,4.0,4,4,,Teknik Elektro S1,4.0,,,Pilihan,,10.0,,5.0,,,0,4,3,Pilihan,4.0,4.0,4.0,,,,5.0,-1.0,3.857142857142857,4.428571428571429,3,Karir Elit
10.0,5.0,4.0,Pilihan,,3,4.0,,4.0,3,3,,Arsitektur S1,3.0,,,,,7.0,,4.0,,,0,3,3,,4.0,4.0,3.0,,,,4.0,0.0,3.0,4.0,1,Karir Linear
15.0,7.0,2.0,Pilihan,Pilihan,3,2.0,,3.0,3,3,,Komunikasi Digital,4.0,,,,Pilihan,10.0,,3.0,,,0,3,3,Pilihan,3.0,1.0,3.0,,,,2.0,4.0,3.142857142857143,2.2857142857142856,1,Karir Linear
400.0,20.0,4.0,,,4,3.0,,5.0,3,3,,Psikologi S1,5.0,Pilihan,,,Pilihan,45.0,,5.0,,,0,4,4,,4.0,4.0,3.0,,Pilihan,,4.0,12.0,3.7142857142857144,4.142857142857143,1,Karir Linear
10.0,3.0,3.0,,,2,3.0,,3.0,2,2,,Teknik Industri S1,2.0,,,,,3.0,,3.0,,,0,2,2,Pilihan,3.0,3.0,2.0,,,,3.0,-7.0,2.0,3.0,3,Karir Elit
60.0,3.0,4.0,,,3,3.0,,4.0,3,3,,Teknik Informatika S1,4.0,,,,,5.0,,3.0,,,"CCNA 1, Oracle PL SQL",3,3,Pilihan,4.0,4.0,3.0,,,,4.0,-3.0,3.142857142857143,3.7142857142857144,1,Karir Linear
7.0,5.0,3.0,Pilihan,Pilihan,2,2.0,,4.0,3,2,,Manajemen S1,3.0,,,,Pilihan,5.0,,5.0,,,Marketing Management,3,2,,3.0,4.0,2.0,,Pilihan,,5.0,12.0,2.4285714285714284,3.7142857142857144,0,Karir Lintas Jalur
10.0,2.0,5.0,,Pilihan,4,5.0,,5.0,4,5,,Psikologi S1,5.0,,,,,4.0,,5.0,,,0,5,5,,5.0,5.0,5.0,,,,5.0,6.0,4.714285714285714,5.0,0,Karir Lintas Jalur
5.0,3.0,5.0,,,5,4.0,,4.0,5,5,,Teknik Sipil S1,5.0,,,,,5.0,Pilihan,5.0,Pilihan,,0,5,5,Pilihan,5.0,5.0,5.0,,,,5.0,1.0,5.0,4.714285714285714,1,Karir Linear
1.0,1.0,4.0,Pilihan,Pilihan,5,3.0,,5.0,5,2,,Psikologi S1,3.0,,,Pilihan,Pilihan,1.0,,4.0,,,0,5,5,,4.0,4.0,5.0,,,,5.0,120.0,4.285714285714286,4.142857142857143,1,Karir Linear
20.0,5.0,5.0,,,2,4.0,,4.0,4,3,,Teknik Informatika S1,4.0,,,,,10.0,,4.0,,,"Certified Secure Computer User (CSCU) v2 (Complete Series), CNA Routing and Switching: Introduction to Networks, Oracle Course Completion - Database Design, Cognitive Class - Python 101 for Data Science, Cognitive Class - Machine Learning with Python, Cognitive Class - Data Science, Fullstack & Flutter Bootcamp Completion, Foundational C# with Microsoft",4,2,Pilihan,4.0,4.0,4.0,,,,4.0,-2.0,3.2857142857142856,4.142857142857143,1,Karir Linear
10.0,9.0,3.0,,,4,3.0,,5.0,5,4,,Manajemen S1,2.0,,,,,9.0,,4.0,,,Marketing dari AHS Management,2,2,Pilihan,5.0,4.0,2.0,,,,4.0,2.0,3.0,4.0,1,Karir Linear
1.0,1.0,3.0,,,4,2.0,,4.0,4,3,,Teknik Sipil S1,4.0,,,,,1.0,Pilihan,2.0,,,Sertifikasi Pelaksana Lapangan Perkerasan Jalan Beton,4,4,,3.0,2.0,4.0,,Pilihan,,2.0,42.0,3.857142857142857,2.5714285714285716,2,Karir Tertunda
5.0,3.0,4.0,,,4,4.0,,4.0,4,4,,Akuntansi S1,4.0,,,,,3.0,,4.0,,,Sertified Accurate Professional,4,4,,4.0,4.0,4.0,,Pilihan,,4.0,0.0,4.0,4.0,0,Karir Lintas Jalur
30.0,10.0,4.0,,,3,4.0,,5.0,4,4,,Hubungan Masyarakat,4.0,Pilihan,,,,10.0,,4.0,,,"Sertifikat LSP 2023 Sertifikat LB LIA, Course English for Adults: Elementary Levels",3,4,Pilihan,5.0,4.0,3.0,,,,4.0,12.0,3.5714285714285716,4.285714285714286,1,Karir Linear
35.0,5.0,4.0,,Pilihan,5,3.0,,5.0,5,5,,Psikologi S1,5.0,Pilihan,,Pilihan,,5.0,,5.0,,,0,5,5,Pilihan,5.0,5.0,5.0,,,,5.0,72.0,5.0,4.571428571428571,0,Karir Lintas Jalur
50.0,15.0,4.0,,Pilihan,4,2.0,,4.0,4,5,,Arsitektur S1,4.0,Pilihan,,Pilihan,,25.0,Pilihan,4.0,,,0,4,3,Pilihan,4.0,3.0,4.0,Pilihan,Pilihan,Pilihan,4.0,3.0,4.0,3.5714285714285716,1,Karir Linear
1.0,1.0,4.0,,,4,4.0,,4.0,5,4,,Akuntansi S1,5.0,,,,Pilihan,1.0,,4.0,,,Brevet AB,5,4,Pilihan,4.0,4.0,5.0,,,,4.0,12.0,4.571428571428571,4.0,3,Karir Elit
20.0,10.0,3.0,Pilihan,,3,3.0,,4.0,3,3,,Manajemen S1,4.0,Pilihan,,,,10.0,,3.0,,,0,4,3,Pilihan,3.0,4.0,3.0,,,,4.0,36.0,3.2857142857142856,3.4285714285714284,2,Karir Tertunda
50.0,10.0,3.0,,,3,3.0,,5.0,4,4,,Akuntansi S1,3.0,,,,Pilihan,20.0,,4.0,,,0,3,3,,4.0,4.0,4.0,,,,4.0,0.0,3.4285714285714284,3.857142857142857,2,Karir Tertunda
2.0,3.0,4.0,,,4,4.0,,4.0,4,4,,Teknik Sipil S1,3.0,,,,,2.0,,4.0,,,0,4,4,Pilihan,4.0,4.0,4.0,,,,4.0,12.0,3.857142857142857,4.0,3,Karir Elit
40.0,15.0,4.0,Pilihan,Pilihan,4,4.0,,5.0,5,4,,Psikologi S1,4.0,Pilihan,,,,25.0,,4.0,,,Human Capital Staff,4,4,Pilihan,4.0,4.0,4.0,,Pilihan,Pilihan,4.0,-1.0,4.142857142857143,4.142857142857143,1,Karir Linear
20.0,10.0,4.0,,,4,4.0,,5.0,4,4,,Akuntansi S1,4.0,,,,,10.0,,4.0,,,Sertifikasi Brevet A & B,4,4,Pilihan,4.0,4.0,4.0,,,,4.0,24.0,4.0,4.142857142857143,0,Karir Lintas Jalur
2.0,2.0,4.0,,,2,3.0,,4.0,4,3,,Teknik Industri S1,3.0,,,,Pilihan,2.0,,4.0,,,*0,3,2,,4.0,4.0,2.0,,,,4.0,12.0,2.7142857142857144,3.857142857142857,3,Karir Elit
3.0,3.0,4.0,Pilihan,Pilihan,3,4.0,,5.0,5,4,,Hubungan Masyarakat,3.0,,,,,3.0,,5.0,,,Koordinator Program Kehumasan,3,3,Pilihan,4.0,5.0,3.0,,Pilihan,,5.0,6.0,3.4285714285714284,4.571428571428571,0,Karir Lintas Jalur
10.0,8.0,4.0,,Pilihan,4,3.0,,4.0,4,4,,Psikologi S1,4.0,,,,,9.0,,4.0,,,0,4,4,Pilihan,4.0,4.0,4.0,Pilihan,,,4.0,-5.0,4.0,3.857142857142857,1,Karir Linear
10.0,10.0,4.0,,Pilihan,4,3.0,,4.0,4,5,,Teknik Elektro S1,1.0,,,,,10.0,,4.0,,,0,1,5,Pilihan,4.0,4.0,2.0,,,,4.0,12.0,3.142857142857143,3.857142857142857,3,Karir Elit
30.0,7.0,4.0,,,5,4.0,,5.0,5,4,,Akuntansi S1,5.0,,,,,20.0,,4.0,,,0,4,5,Pilihan,3.0,5.0,3.0,,,,4.0,-1.0,4.428571428571429,4.142857142857143,1,Karir Linear
100.0,15.0,5.0,,,3,4.0,,5.0,4,4,,Teknik Informatika S1,3.0,,,,,20.0,,5.0,,,0,3,3,Pilihan,5.0,5.0,3.0,,Pilihan,,5.0,6.0,3.2857142857142856,4.857142857142857,3,Karir Elit
6.0,2.0,5.0,Pilihan,,4,3.0,,5.0,3,5,,Teknik Sipil S1,3.0,,,,,5.0,,4.0,,,0,5,3,Pilihan,3.0,5.0,4.0,,,,5.0,-1.0,3.857142857142857,4.285714285714286,0,Karir Lintas Jalur
1.0,1.0,5.0,Pilihan,,4,5.0,,5.0,5,3,,Teknik Mesin S1,4.0,,,,Pilihan,1.0,,5.0,,,0,3,4,Pilihan,5.0,5.0,4.0,Pilihan,Pilihan,,5.0,6.0,3.857142857142857,5.0,3,Karir Elit
20.0,15.0,4.0,,Pilihan,4,3.0,,4.0,3,4,,Akuntansi S1,4.0,Pilihan,,,,15.0,,4.0,,,00013/LOT-01A/8/2024/TNL,5,4,,3.0,4.0,4.0,,,,4.0,-5.0,4.0,3.7142857142857144,0,Karir Lintas Jalur
3.0,1.0,5.0,,,5,4.0,,5.0,5,5,,Arsitektur S1,5.0,,,,,1.0,,5.0,,,0,4,4,Pilihan,5.0,5.0,5.0,,,Pilihan,5.0,15.0,4.714285714285714,4.857142857142857,1,Karir Linear
3.0,2.0,4.0,,,2,3.0,,4.0,2,2,,Sistem Informasi S1,2.0,,,Pilihan,,2.0,,4.0,,Pilihan,0,2,2,Pilihan,4.0,4.0,2.0,Pilihan,,Pilihan,5.0,-1.0,2.0,4.0,3,Karir Elit
8.0,8.0,4.0,Pilihan,,5,3.0,,5.0,5,4,,Manajemen S1,4.0,,,,,8.0,,5.0,,,Human resource,4,4,,5.0,5.0,4.0,,Pilihan,,5.0,60.0,4.285714285714286,4.571428571428571,1,Karir Linear
4.0,5.0,5.0,,,5,4.0,,5.0,5,5,,Psikologi S1,5.0,,,,,7.0,,5.0,,,0,5,5,,5.0,5.0,5.0,,,,5.0,0.0,5.0,4.857142857142857,3,Karir Elit
2.0,2.0,5.0,,,4,4.0,,4.0,4,5,,Desain Interior S1,4.0,,,,Pilihan,2.0,,5.0,,,0,4,5,,5.0,5.0,5.0,,,,5.0,12.0,4.428571428571429,4.714285714285714,1,Karir Linear
5.0,2.0,4.0,,,5,5.0,,4.0,4,5,,Teknik Mesin S1,3.0,Pilihan,,,,3.0,,4.0,Pilihan,,0,3,3,,4.0,3.0,5.0,Pilihan,,,4.0,24.0,4.0,4.0,3,Karir Elit
2.0,1.0,4.0,Pilihan,,4,5.0,,4.0,4,4,,Desain Interior S1,4.0,,,,,1.0,,4.0,,,0,4,3,,3.0,4.0,4.0,,,,4.0,1.0,3.857142857142857,4.0,1,Karir Linear
3.0,2.0,4.0,Pilihan,,3,4.0,,5.0,4,4,,Teknik Sipil S1,3.0,Pilihan,,,Pilihan,3.0,,5.0,,,SKK Pengawas Pekerjaan Struktur Bangunan Gedung  Utama dan SKK Manajer Lapangan Pelaksanaan Pekerjaan Gedung,4,4,Pilihan,4.0,5.0,4.0,,Pilihan,,5.0,3.0,3.7142857142857144,4.571428571428571,1,Karir Linear
2.0,2.0,5.0,Pilihan,,4,4.0,,5.0,4,4,,Desain Interior S1,5.0,,,,Pilihan,2.0,,5.0,,,0,5,5,,5.0,5.0,5.0,,,Pilihan,5.0,12.0,4.571428571428571,4.857142857142857,1,Karir Linear
40.0,5.0,3.0,,,5,3.0,,5.0,5,2,,Teknik Informatika S1,5.0,,,,,10.0,,3.0,Pilihan,,0,5,2,,3.0,4.0,5.0,,,,4.0,-1.0,4.142857142857143,3.5714285714285716,1,Karir Linear
50.0,20.0,4.0,Pilihan,,4,4.0,,5.0,4,5,,Desain Interior S1,3.0,,,Pilihan,,30.0,,3.0,,,0,3,2,Pilihan,4.0,4.0,2.0,Pilihan,,,4.0,-3.0,3.2857142857142856,4.0,1,Karir Linear
3.0,9.0,4.0,,Pilihan,4,3.0,,4.0,4,4,,Arsitektur S1,4.0,,,Pilihan,,3.0,,4.0,,,0,4,4,Pilihan,4.0,4.0,4.0,,,Pilihan,4.0,5.0,4.0,3.857142857142857,1,Karir Linear
2.0,5.0,5.0,Pilihan,Pilihan,5,4.0,Pilihan,5.0,5,5,Pilihan,Manajemen S1,5.0,Pilihan,Pilihan,,Pilihan,5.0,Pilihan,5.0,,Pilihan,karyawan swasta,5,5,Pilihan,5.0,5.0,5.0,Pilihan,Pilihan,Pilihan,5.0,12.0,5.0,4.857142857142857,0,Karir Lintas Jalur
2.0,1.0,3.0,,,3,3.0,,5.0,4,3,,Teknik Sipil S1,3.0,,,,,1.0,,3.0,,,Sertifikat Kompetensi Pengawas Pekerjaan Struktur Bangunan Gedung Utama Level 6.  Masa Berlaku 5 tahun (24 Agustus 2023 - 24 Agustus 2028),3,3,,4.0,4.0,3.0,,,,4.0,0.0,3.142857142857143,3.7142857142857144,1,Karir Linear
5.0,2.0,3.0,,,5,2.0,,5.0,5,5,,Psikologi S1,5.0,,,,,2.0,Pilihan,3.0,,,0,5,5,,3.0,5.0,4.0,,,,5.0,0.0,4.857142857142857,3.7142857142857144,0,Karir Lintas Jalur
1.0,1.0,4.0,,,3,3.0,,4.0,4,3,,Teknik Informatika S1,3.0,,,,,1.0,,4.0,,,0,2,2,,3.0,4.0,3.0,,,,4.0,0.0,2.857142857142857,3.7142857142857144,2,Karir Tertunda
4.0,3.0,5.0,Pilihan,,4,3.0,,4.0,5,3,,Manajemen S1,4.0,,,,Pilihan,4.0,,4.0,,,0,4,4,Pilihan,4.0,5.0,4.0,,,,4.0,36.0,4.0,4.142857142857143,2,Karir Tertunda
100.0,14.0,4.0,Pilihan,Pilihan,4,3.0,,4.0,4,4,,Teknik Informatika S1,4.0,Pilihan,,Pilihan,,30.0,,4.0,,,0,4,4,Pilihan,4.0,4.0,4.0,Pilihan,Pilihan,,4.0,2.0,4.0,3.857142857142857,1,Karir Linear
5.0,5.0,5.0,Pilihan,,3,3.0,,5.0,3,3,,Arsitektur S1,3.0,,,,,5.0,,5.0,,,0,3,3,,5.0,5.0,3.0,,,,5.0,95.0,3.0,4.714285714285714,1,Karir Linear
6.0,5.0,4.0,Pilihan,,4,4.0,,5.0,4,4,,Teknik Informatika S1,4.0,,,,,5.0,,5.0,,,0,4,4,Pilihan,4.0,5.0,4.0,Pilihan,,Pilihan,5.0,4.0,4.0,4.571428571428571,0,Karir Lintas Jalur
30.0,10.0,5.0,,,3,4.0,,5.0,4,4,,Psikologi S1,4.0,,,,,10.0,,4.0,,,0,3,3,Pilihan,5.0,4.0,3.0,,,,5.0,-5.0,3.4285714285714284,4.571428571428571,1,Karir Linear
10.0,5.0,2.0,,,4,1.0,,1.0,4,4,,Teknik Mesin S1,4.0,,,,,7.0,,2.0,,,0,4,4,Pilihan,2.0,2.0,4.0,,Pilihan,,2.0,-1.0,4.0,1.7142857142857142,1,Karir Linear
70.0,20.0,4.0,Pilihan,Pilihan,2,4.0,,4.0,5,4,,Teknik Sipil S1,4.0,,,,Pilihan,50.0,,4.0,,,0,4,1,Pilihan,4.0,4.0,5.0,,Pilihan,Pilihan,4.0,60.0,3.5714285714285716,4.0,0,Karir Lintas Jalur
40.0,6.0,5.0,,,3,5.0,,5.0,2,3,,Teknik Sipil S1,5.0,,,Pilihan,,7.0,,5.0,,,0,5,5,Pilihan,4.0,4.0,4.0,,,Pilihan,5.0,4.0,3.857142857142857,4.714285714285714,0,Karir Lintas Jalur
15.0,5.0,4.0,,,4,3.0,,4.0,4,5,,Hubungan Masyarakat,5.0,,,,,5.0,Pilihan,4.0,,,0,5,4,,4.0,4.0,5.0,,Pilihan,,4.0,3.0,4.571428571428571,3.857142857142857,1,Karir Linear
1.0,1.0,4.0,,,4,4.0,,4.0,4,4,,Teknik Sipil S1,4.0,,,,,1.0,,4.0,,,0,4,4,,4.0,4.0,4.0,,,,4.0,0.0,4.0,4.0,1,Karir Linear
1.0,1.0,5.0,,,4,5.0,,4.0,5,5,,Teknik Informatika S1,5.0,,,,,1.0,,5.0,,,0,4,3,Pilihan,5.0,4.0,5.0,,,Pilihan,5.0,12.0,4.428571428571429,4.714285714285714,1,Karir Linear
1.0,1.0,4.0,Pilihan,Pilihan,4,4.0,,4.0,4,4,,Teknik Elektro S1,4.0,,,,Pilihan,1.0,,4.0,,,sertifikasi LSP skema otomasi,4,4,,4.0,4.0,4.0,,Pilihan,,4.0,36.0,4.0,4.0,2,Karir Tertunda
50.0,15.0,4.0,,,2,4.0,,4.0,2,2,,Teknik Elektro S1,2.0,,,,,25.0,,4.0,,,0,2,2,Pilihan,4.0,4.0,2.0,,,,4.0,0.0,2.0,4.0,1,Karir Linear
4.0,3.0,3.0,,,5,4.0,,4.0,4,5,,Teknik Industri S1,4.0,,,,Pilihan,4.0,,4.0,,,0,4,5,Pilihan,3.0,4.0,4.0,,Pilihan,Pilihan,4.0,-1.0,4.428571428571429,3.7142857142857144,1,Karir Linear
7.0,3.0,5.0,Pilihan,,4,4.0,,4.0,4,3,,Sistem Informasi S1,3.0,,,,,4.0,,4.0,,,Junior Web Developer masa berlaku sampai dengan 2025,4,4,,4.0,4.0,3.0,,Pilihan,,4.0,-1.0,3.5714285714285716,4.142857142857143,0,Karir Lintas Jalur
5.0,2.0,3.0,,,3,3.0,,3.0,3,3,,Teknik Elektro S1,3.0,,,,,3.0,,3.0,,,0,3,3,,3.0,3.0,3.0,,,,3.0,0.0,3.0,3.0,3,Karir Elit
4.0,2.0,5.0,,,4,4.0,,5.0,3,3,,Komunikasi Digital,4.0,Pilihan,,,,2.0,,5.0,,,0,4,4,Pilihan,5.0,5.0,4.0,,,,5.0,1.0,3.7142857142857144,4.857142857142857,3,Karir Elit
1.0,1.0,4.0,,,4,4.0,,4.0,4,5,,Psikologi S1,3.0,,,,Pilihan,1.0,,5.0,,,0,3,3,,4.0,5.0,4.0,,,,5.0,12.0,3.7142857142857144,4.428571428571429,0,Karir Lintas Jalur
6.0,2.0,4.0,,,3,4.0,,4.0,3,3,,Teknik Elektro S1,3.0,,,,,3.0,,4.0,,,0,3,3,,4.0,4.0,3.0,,,,4.0,0.0,3.0,4.0,0,Karir Lintas Jalur
30.0,20.0,4.0,,,4,3.0,,5.0,5,4,,Sistem Informasi S1,4.0,,,,,20.0,,4.0,,,Web Programmer,4,4,Pilihan,4.0,4.0,4.0,,,,4.0,24.0,4.142857142857143,4.0,3,Karir Elit
50.0,20.0,3.0,Pilihan,Pilihan,3,2.0,,3.0,3,3,,Akuntansi S1,4.0,,,,,30.0,,1.0,,,0,3,3,Pilihan,2.0,2.0,4.0,Pilihan,,,1.0,-1.0,3.2857142857142856,2.0,0,Karir Lintas Jalur
1.0,1.0,5.0,Pilihan,,4,5.0,,5.0,4,4,,Teknik Sipil S1,4.0,,,,,1.0,,5.0,,,Sertifikasi Asisten Penguji Prasarana Perkeretaapian dari Direktorat Keselamatan Perkeretaapian,4,4,,5.0,5.0,4.0,,,,5.0,0.0,4.0,5.0,1,Karir Linear
25.0,10.0,4.0,,,4,3.0,,4.0,5,5,,Manajemen S1,3.0,,,,,15.0,,5.0,,,0,3,3,,4.0,5.0,3.0,,,,5.0,0.0,3.7142857142857144,4.285714285714286,1,Karir Linear
4.0,2.0,4.0,,,4,3.0,,4.0,4,4,,Teknik Sipil S1,2.0,,,,,4.0,,4.0,,,0,3,3,Pilihan,4.0,4.0,3.0,,,,4.0,0.0,3.2857142857142856,3.857142857142857,1,Karir Linear
20.0,7.0,4.0,,,5,3.0,,5.0,5,5,,Teknik Industri S1,5.0,,,,,7.0,,4.0,,,0,4,5,Pilihan,4.0,5.0,4.0,,Pilihan,,4.0,-1.0,4.714285714285714,4.142857142857143,1,Karir Linear
10.0,5.0,4.0,Pilihan,,4,4.0,,5.0,5,5,,Psikologi S1,3.0,,,,,5.0,,5.0,,,0,2,3,,4.0,5.0,4.0,,,,5.0,12.0,3.7142857142857144,4.571428571428571,0,Karir Lintas Jalur
4.0,2.0,3.0,Pilihan,,4,3.0,,3.0,4,4,,Teknik Sipil S1,4.0,,,,Pilihan,2.0,,3.0,,,0,4,4,Pilihan,3.0,3.0,4.0,,,,3.0,50.0,4.0,3.0,1,Karir Linear
100.0,10.0,3.0,,,3,2.0,,5.0,4,2,,Teknik Sipil S1,3.0,,,,,20.0,,4.0,,,0,3,2,Pilihan,3.0,4.0,4.0,,,,4.0,-6.0,3.0,3.5714285714285716,0,Karir Lintas Jalur
9.0,5.0,4.0,Pilihan,,3,4.0,,5.0,4,4,,Teknik Elektro S1,3.0,,,,,5.0,,4.0,,,0,3,4,,4.0,4.0,3.0,,,,3.0,-12.0,3.4285714285714284,4.0,0,Karir Lintas Jalur
5.0,5.0,5.0,,,5,5.0,,5.0,5,5,,Manajemen S1,4.0,,,,,3.0,Pilihan,5.0,,,LSP,5,5,,5.0,5.0,4.0,,,,5.0,4.0,4.714285714285714,5.0,0,Karir Lintas Jalur
2.0,2.0,4.0,,,3,3.0,,5.0,4,3,,Teknik Sipil S1,4.0,,,,Pilihan,3.0,,4.0,,,-,4,3,,4.0,4.0,4.0,,,,4.0,48.0,3.5714285714285716,4.0,1,Karir Linear
4.0,2.0,4.0,,Pilihan,5,4.0,,4.0,5,5,,Akuntansi S1,5.0,,,,,2.0,,4.0,,,0,5,5,,3.0,3.0,5.0,,,,4.0,6.0,5.0,3.7142857142857144,1,Karir Linear
10.0,1.0,4.0,,Pilihan,5,3.0,,5.0,5,5,,Hubungan Masyarakat,5.0,,,,Pilihan,5.0,,4.0,,,0,5,5,Pilihan,4.0,4.0,5.0,,,Pilihan,4.0,24.0,5.0,4.0,2,Karir Tertunda
50.0,2.0,4.0,,,2,4.0,,5.0,3,2,,Psikologi S1,3.0,,,,,5.0,,4.0,,,0,3,2,Pilihan,4.0,4.0,3.0,,,,4.0,3.0,2.5714285714285716,4.142857142857143,0,Karir Lintas Jalur
20.0,5.0,5.0,Pilihan,,5,4.0,,5.0,5,5,,Manajemen S1,5.0,,,,,5.0,,5.0,,,0,5,5,,5.0,5.0,5.0,,,,5.0,-3.0,5.0,4.857142857142857,0,Karir Lintas Jalur
10.0,1.0,4.0,Pilihan,,4,4.0,,4.0,4,4,,Akuntansi S1,4.0,,,,Pilihan,5.0,,4.0,,,Sertifikat Kompetensi Teknisi Akuntansi Ahli dari BNSP,4,4,Pilihan,4.0,4.0,4.0,,,,4.0,12.0,4.0,4.0,0,Karir Lintas Jalur
2.0,2.0,4.0,,Pilihan,4,3.0,,5.0,4,4,,Akuntansi S1,5.0,,,,,2.0,,4.0,,,Certified Accurate Profesional (CAP) For Accurate version 5,5,4,,4.0,4.0,5.0,,,,5.0,48.0,4.428571428571429,4.142857142857143,0,Karir Lintas Jalur
20.0,20.0,5.0,Pilihan,Pilihan,5,3.0,,5.0,5,5,,Akuntansi S1,5.0,Pilihan,,,,30.0,,5.0,,,0,5,5,Pilihan,5.0,5.0,5.0,Pilihan,Pilihan,,5.0,-8.0,5.0,4.714285714285714,0,Karir Lintas Jalur
20.0,5.0,4.0,Pilihan,,4,3.0,,5.0,4,4,,Manajemen S1,4.0,Pilihan,,,,10.0,,4.0,,,"Sertifikasi Pajak Brevet A&B dari Tax Academy, Pelatihan Aplikasi Perpajakan (e-Faktur & e-SPT) dari Tax Academy, dan HSK-2 dari Cetta Mandarin",4,4,Pilihan,4.0,4.0,4.0,Pilihan,Pilihan,,4.0,-3.0,4.0,4.0,1,Karir Linear
10.0,3.0,3.0,,,4,3.0,,4.0,4,4,,Akuntansi S1,4.0,,,,,5.0,,4.0,,,0,4,3,Pilihan,3.0,3.0,4.0,,,,4.0,-2.0,3.857142857142857,3.4285714285714284,0,Karir Lintas Jalur
1.0,1.0,3.0,,,3,5.0,,4.0,3,1,,Psikologi S1,1.0,,,,Pilihan,1.0,,4.0,,,0,1,3,,4.0,5.0,2.0,,,,4.0,0.0,2.0,4.142857142857143,1,Karir Linear
20.0,3.0,5.0,Pilihan,,4,5.0,,5.0,4,5,,Psikologi S1,5.0,,,,,4.0,,5.0,,,0,4,4,,4.0,5.0,5.0,,,,5.0,-1.0,4.428571428571429,4.857142857142857,1,Karir Linear
20.0,5.0,5.0,,,4,3.0,,5.0,5,4,,Psikologi S1,5.0,,,Pilihan,,5.0,,5.0,,,Sumber Daya Manusia Rekrutmen dan Seleksi,4,2,Pilihan,4.0,5.0,5.0,Pilihan,,Pilihan,5.0,-6.0,4.142857142857143,4.571428571428571,0,Karir Lintas Jalur
10.0,10.0,3.0,,Pilihan,4,3.0,,5.0,4,4,,Psikologi S1,3.0,,,,,6.0,,5.0,,,0,4,4,Pilihan,3.0,4.0,5.0,,,,4.0,12.0,4.0,3.857142857142857,0,Karir Lintas Jalur
30.0,5.0,4.0,,,4,4.0,,5.0,5,5,,Psikologi S1,4.0,,,,,8.0,,4.0,,,- Certified Human Capital Analyst (CHCA) - ESAS Management - Tester & Scorer - Logos Indonesia - Performance Management - Manajemen.SDM,4,4,Pilihan,4.0,5.0,4.0,,,,4.0,-3.0,4.285714285714286,4.285714285714286,3,Karir Elit
3.0,2.0,5.0,,,5,4.0,,5.0,5,5,,Manajemen S1,5.0,,,,,3.0,Pilihan,5.0,,,0,5,5,,5.0,5.0,5.0,,,,5.0,0.0,5.0,4.857142857142857,3,Karir Elit
10.0,10.0,4.0,,,4,4.0,,4.0,4,4,,Manajemen S1,4.0,,,,,10.0,Pilihan,4.0,,,-,4,4,,4.0,4.0,4.0,,,,4.0,0.0,4.0,4.0,1,Karir Linear
100.0,15.0,4.0,Pilihan,,4,3.0,,5.0,4,4,,Akuntansi S1,5.0,Pilihan,,Pilihan,,10.0,,4.0,,,Sertifikat Accurate,4,4,Pilihan,4.0,4.0,4.0,Pilihan,Pilihan,Pilihan,4.0,-4.0,4.142857142857143,4.0,1,Karir Linear
50.0,30.0,5.0,,,3,4.0,,4.0,4,4,,Teknik Mesin S1,3.0,,,,,30.0,,4.0,,,0,3,3,Pilihan,4.0,5.0,3.0,,,,5.0,0.0,3.2857142857142856,4.428571428571429,3,Karir Elit
3.0,3.0,4.0,,Pilihan,4,4.0,,4.0,4,4,,Teknik Informatika S1,4.0,,,,,3.0,,4.0,,,0,4,4,,4.0,4.0,4.0,,,,4.0,0.0,4.0,4.0,3,Karir Elit
2.0,2.0,4.0,,,3,3.0,,4.0,3,3,,Teknik Elektro S1,3.0,,,,Pilihan,2.0,,5.0,,,Sistem Tenaga Tegangan Rendah,3,3,,4.0,5.0,2.0,,,,5.0,18.0,2.857142857142857,4.285714285714286,3,Karir Elit
1.0,1.0,5.0,,,3,5.0,,5.0,3,3,,Teknik Elektro S1,3.0,,,,,1.0,,5.0,,,0,3,3,,5.0,5.0,3.0,,,,5.0,0.0,3.0,5.0,1,Karir Linear
10.0,5.0,5.0,,,3,4.0,,5.0,4,4,,Teknik Mesin S1,2.0,,,,,5.0,,5.0,,,0,2,3,Pilihan,5.0,5.0,2.0,,,,5.0,-6.0,2.857142857142857,4.857142857142857,3,Karir Elit
1.0,1.0,5.0,,,4,3.0,,4.0,5,4,Pilihan,Manajemen S1,4.0,,,,,1.0,,4.0,,,0,3,3,,4.0,5.0,4.0,,,,4.0,1.0,3.857142857142857,4.142857142857143,1,Karir Linear
250.0,60.0,5.0,Pilihan,,5,5.0,,5.0,5,5,,Hubungan Masyarakat,5.0,,,,,120.0,,5.0,,,Sertifikasi Profesi Coordinator Public Relations,5,5,,5.0,5.0,5.0,,Pilihan,,5.0,2.0,5.0,5.0,3,Karir Elit
3.0,3.0,5.0,Pilihan,,4,4.0,,5.0,5,4,,Psikologi S1,3.0,,,,,3.0,,5.0,,,0,3,4,,5.0,5.0,3.0,,,,5.0,36.0,3.7142857142857144,4.857142857142857,2,Karir Tertunda
3.0,2.0,3.0,,,4,3.0,,5.0,5,4,,Teknik Industri S1,4.0,,,,Pilihan,2.0,,3.0,,,"1. Perancangan Produk & Proses manufaktur, 2. Perancangan Proses Manufaktur",4,4,,3.0,3.0,4.0,,,,3.0,12.0,4.142857142857143,3.2857142857142856,1,Karir Linear
2.0,2.0,5.0,,,5,5.0,,5.0,5,4,,Teknik Elektro S1,4.0,,,,,2.0,,5.0,,,"GRCE, Basic Certificate C (C1, C2, C4)",4,4,,5.0,5.0,4.0,,,,5.0,0.0,4.285714285714286,5.0,3,Karir Elit
9.0,1.0,4.0,Pilihan,,4,3.0,,4.0,4,4,,Psikologi S1,3.0,Pilihan,,,,1.0,,4.0,,,0,3,3,Pilihan,3.0,4.0,4.0,,,,4.0,6.0,3.5714285714285716,3.7142857142857144,0,Karir Lintas Jalur
4.0,4.0,5.0,,Pilihan,4,4.0,,5.0,4,4,,Psikologi S1,4.0,,,,,4.0,,5.0,,,0,4,4,,5.0,5.0,4.0,,Pilihan,,5.0,6.0,4.0,4.857142857142857,1,Karir Linear
1.0,1.0,3.0,Pilihan,,3,4.0,,4.0,4,4,,Psikologi S1,4.0,,,,,1.0,,4.0,,,0,3,2,,2.0,4.0,3.0,,,,4.0,-2.0,3.2857142857142856,3.5714285714285716,0,Karir Lintas Jalur
300.0,25.0,4.0,,Pilihan,4,4.0,,4.0,4,4,,Psikologi S1,5.0,,,,,150.0,,4.0,,,0,4,4,Pilihan,4.0,4.0,4.0,,,,4.0,-7.0,4.142857142857143,4.0,1,Karir Linear
15.0,10.0,4.0,,,5,4.0,Pilihan,4.0,5,5,,Teknik Industri S1,5.0,,,,,10.0,,4.0,,,Perancangan Produk dan Proses Manufaktur dan Perancangan Sistem Manufaktur,5,5,Pilihan,4.0,4.0,5.0,,,,4.0,24.0,5.0,4.0,0,Karir Lintas Jalur
5.0,3.0,5.0,,Pilihan,4,3.0,,5.0,4,4,,Teknik Informatika S1,4.0,,,,,5.0,,4.0,,,CCNA,3,3,,4.0,5.0,3.0,,,,4.0,12.0,3.5714285714285716,4.285714285714286,0,Karir Lintas Jalur
2.0,2.0,5.0,,,5,5.0,,5.0,5,5,,Teknik Sipil S1,5.0,,,,,3.0,,5.0,,,Manajer Lapangan Pelaksanaan Pekerjaan Gedung,5,5,Pilihan,5.0,5.0,5.0,,,,5.0,-4.0,5.0,5.0,1,Karir Linear
5.0,1.0,5.0,,,3,4.0,,5.0,3,3,,Hubungan Masyarakat,3.0,,,,,1.0,Pilihan,5.0,,,0,3,3,Pilihan,5.0,5.0,3.0,,,,5.0,6.0,3.0,4.857142857142857,0,Karir Lintas Jalur
1.0,1.0,4.0,,,4,4.0,,4.0,4,4,,Teknik Sipil S1,4.0,,,,,1.0,,4.0,,,Sertifikasi pengawas pekerjaan struktur bangunan gedung utama,4,4,,4.0,4.0,4.0,,,,4.0,0.0,4.0,4.0,1,Karir Linear
7.0,2.0,5.0,,Pilihan,4,5.0,,5.0,4,5,,Teknik Mesin S1,4.0,,,,,3.0,,5.0,,,P3K First Aid,4,4,,5.0,5.0,4.0,,,,5.0,18.0,4.142857142857143,5.0,3,Karir Elit
15.0,4.0,4.0,Pilihan,,4,2.0,,4.0,4,3,,Desain Komunikasi Visual S1,5.0,Pilihan,,,Pilihan,6.0,Pilihan,3.0,,,"Sertifikasi Profesi Junior Graphic Designer, BNSP/2026",5,5,Pilihan,4.0,3.0,4.0,,Pilihan,Pilihan,4.0,12.0,4.285714285714286,3.4285714285714284,1,Karir Linear
200.0,3.0,3.0,Pilihan,,3,3.0,,4.0,3,3,,Sistem Informasi S1,3.0,,,,,7.0,,3.0,,,Python,3,3,Pilihan,4.0,3.0,3.0,,,,4.0,2.0,3.0,3.4285714285714284,3,Karir Elit
50.0,10.0,4.0,,,4,4.0,,5.0,5,4,,Hubungan Masyarakat,5.0,,,,,10.0,,5.0,Pilihan,,Sertifikasi Koordinator Program Kehumasan dari Badan Nasional Sertifikasi Profesi. Berlaku selama 3 tahun,4,4,,5.0,5.0,4.0,,,,5.0,-12.0,4.285714285714286,4.714285714285714,1,Karir Linear
10.0,6.0,5.0,,,4,4.0,,5.0,4,4,,Teknik Sipil S1,4.0,Pilihan,,,,6.0,,5.0,,,Sertifikat Kompetensi Manajer Lapangan Pelaksanaan Pekerjaan Gedung,4,4,Pilihan,5.0,5.0,4.0,,Pilihan,,5.0,-1.0,4.0,4.857142857142857,1,Karir Linear
3.0,1.0,4.0,,,5,4.0,,5.0,5,5,,Psikologi S1,5.0,Pilihan,,,,3.0,,4.0,,,Guru,5,5,,5.0,4.0,5.0,,,,4.0,10.0,5.0,4.285714285714286,1,Karir Linear
121.0,3.0,3.0,Pilihan,Pilihan,5,4.0,,3.0,5,5,Pilihan,Arsitektur S1,5.0,Pilihan,,,,8.0,Pilihan,4.0,,,0,5,4,Pilihan,4.0,5.0,5.0,,,,4.0,-6.0,4.857142857142857,3.857142857142857,1,Karir Linear
20.0,5.0,4.0,,,4,4.0,,4.0,4,5,,Hubungan Masyarakat,4.0,,,,,10.0,,4.0,,,0,3,4,Pilihan,4.0,4.0,3.0,,,,4.0,6.0,3.857142857142857,4.0,0,Karir Lintas Jalur
30.0,8.0,5.0,Pilihan,,4,4.0,,5.0,4,4,,Manajemen S1,4.0,,,,,17.0,,4.0,,,-,4,4,,4.0,4.0,4.0,,,Pilihan,4.0,-4.0,4.0,4.285714285714286,0,Karir Lintas Jalur
20.0,10.0,5.0,Pilihan,,5,4.0,,5.0,5,5,,Psikologi S1,5.0,Pilihan,,,,10.0,,4.0,,,0,5,5,Pilihan,5.0,5.0,5.0,,,,5.0,5.0,5.0,4.714285714285714,1,Karir Linear
10.0,8.0,4.0,Pilihan,,4,4.0,,4.0,5,4,Pilihan,Periklanan,4.0,,,,,8.0,,4.0,,,0,4,4,Pilihan,4.0,4.0,4.0,,Pilihan,,4.0,6.0,4.142857142857143,4.0,3,Karir Elit
100.0,10.0,4.0,Pilihan,,3,4.0,,4.0,4,4,,Psikologi S1,5.0,,,Pilihan,,10.0,,3.0,,,0,4,4,Pilihan,3.0,4.0,4.0,,Pilihan,Pilihan,3.0,18.0,4.0,3.5714285714285716,3,Karir Elit
1.0,1.0,4.0,,,4,4.0,,4.0,4,4,,Teknik Sipil S1,4.0,,,,,1.0,,4.0,,,0,4,4,,4.0,4.0,4.0,Pilihan,,,4.0,48.0,4.0,4.0,1,Karir Linear
5.0,3.0,5.0,,,4,5.0,,5.0,5,5,,Teknik Informatika S1,4.0,Pilihan,,,,4.0,,5.0,,,0,5,4,,4.0,5.0,5.0,,,,5.0,-3.0,4.571428571428571,4.857142857142857,3,Karir Elit
5.0,2.0,4.0,,Pilihan,5,5.0,,5.0,5,5,,Teknik Informatika S1,4.0,,,,,4.0,,4.0,,,0,4,4,,5.0,5.0,5.0,,,,4.0,-1.0,4.571428571428571,4.571428571428571,1,Karir Linear
7.0,2.0,4.0,,,5,5.0,,5.0,5,4,,Teknik Informatika S1,5.0,Pilihan,,,,5.0,,5.0,,,0,4,4,,5.0,4.0,5.0,,,,5.0,-2.0,4.571428571428571,4.714285714285714,0,Karir Lintas Jalur
30.0,6.0,3.0,Pilihan,,3,3.0,,5.0,4,3,,Teknik Sipil S1,4.0,,,,,6.0,Pilihan,4.0,,,0,4,4,Pilihan,5.0,4.0,4.0,,,,5.0,3.0,3.7142857142857144,4.142857142857143,0,Karir Lintas Jalur
2.0,1.0,3.0,,,2,3.0,,5.0,4,3,,Teknik Sipil S1,2.0,,,,,1.0,,3.0,Pilihan,,0,2,2,,3.0,3.0,4.0,,,,3.0,1.0,2.7142857142857144,3.2857142857142856,1,Karir Linear
2.0,2.0,5.0,,,4,5.0,,5.0,4,4,,Teknik Informatika S1,4.0,Pilihan,,,,2.0,,5.0,,,0,4,4,,5.0,5.0,4.0,,,,5.0,-3.0,4.0,5.0,0,Karir Lintas Jalur
3.0,3.0,4.0,,,5,3.0,,5.0,5,5,,Teknik Informatika S1,4.0,Pilihan,,,,4.0,,5.0,,,0,4,5,,5.0,5.0,5.0,,,,5.0,-4.0,4.714285714285714,4.571428571428571,0,Karir Lintas Jalur
2.0,2.0,4.0,,,4,4.0,,5.0,5,4,,Teknik Informatika S1,5.0,Pilihan,,,,4.0,,5.0,,,0,5,5,,5.0,5.0,4.0,,,,5.0,-4.0,4.571428571428571,4.714285714285714,1,Karir Linear
4.0,1.0,4.0,,,5,3.0,,5.0,5,4,,Teknik Informatika S1,5.0,,,,,1.0,,5.0,,,0,4,5,Pilihan,4.0,5.0,4.0,,,,5.0,-4.0,4.571428571428571,4.428571428571429,0,Karir Lintas Jalur
1.0,1.0,4.0,,,4,5.0,Pilihan,5.0,5,4,,Teknik Informatika S1,4.0,,,,,1.0,,5.0,,,0,5,3,,4.0,5.0,5.0,,,,4.0,-4.0,4.285714285714286,4.571428571428571,0,Karir Lintas Jalur
2.0,1.0,4.0,,,4,3.0,,5.0,5,5,,Teknik Informatika S1,5.0,,,,,1.0,,5.0,,,0,5,5,Pilihan,4.0,5.0,4.0,,,,4.0,-4.0,4.714285714285714,4.285714285714286,0,Karir Lintas Jalur
8.0,2.0,4.0,,,4,4.0,,5.0,5,4,,Teknik Informatika S1,3.0,,,Pilihan,,5.0,,5.0,,,0,4,3,,5.0,5.0,4.0,,,,5.0,-5.0,3.857142857142857,4.714285714285714,1,Karir Linear
9.0,3.0,4.0,,,5,4.0,,5.0,5,4,,Teknik Informatika S1,4.0,Pilihan,,,,5.0,,5.0,,,0,4,5,,5.0,5.0,4.0,,,,5.0,-5.0,4.428571428571429,4.714285714285714,0,Karir Lintas Jalur
6.0,2.0,4.0,,,5,4.0,,5.0,5,4,,Teknik Informatika S1,4.0,Pilihan,,,,4.0,,5.0,,,0,4,4,,5.0,5.0,4.0,,,,5.0,-1.0,4.285714285714286,4.714285714285714,1,Karir Linear
10.0,2.0,4.0,,,5,4.0,,5.0,5,4,,Teknik Informatika S1,4.0,Pilihan,,,,4.0,,4.0,,,0,4,4,,5.0,4.0,4.0,,,,4.0,-1.0,4.285714285714286,4.285714285714286,1,Karir Linear
60.0,8.0,4.0,,,3,3.0,,5.0,2,2,,Teknik Informatika S1,2.0,,,,,11.0,,5.0,Pilihan,,0,2,2,,3.0,5.0,3.0,,,,5.0,3.0,2.2857142857142856,4.285714285714286,1,Karir Linear
6.0,2.0,5.0,,,5,5.0,,5.0,5,5,,Teknik Informatika S1,4.0,,,,,4.0,,4.0,,,0,4,4,Pilihan,5.0,4.0,4.0,,,,4.0,-2.0,4.428571428571429,4.571428571428571,1,Karir Linear
8.0,2.0,5.0,,,5,5.0,,4.0,5,5,,Teknik Informatika S1,4.0,,,,,3.0,,5.0,,,0,5,5,,4.0,5.0,4.0,,Pilihan,,4.0,-1.0,4.714285714285714,4.571428571428571,1,Karir Linear
7.0,2.0,5.0,,,5,5.0,,4.0,5,4,,Teknik Informatika S1,5.0,,,,,2.0,,5.0,,,0,5,4,,4.0,5.0,5.0,,,Pilihan,4.0,-3.0,4.714285714285714,4.571428571428571,1,Karir Linear
7.0,1.0,5.0,,,5,4.0,,5.0,5,5,,Teknik Informatika S1,4.0,,,,,2.0,,4.0,,,0,5,5,,5.0,5.0,5.0,,Pilihan,,5.0,-2.0,4.857142857142857,4.714285714285714,1,Karir Linear
10.0,2.0,4.0,,,5,4.0,,5.0,5,4,,Teknik Informatika S1,4.0,Pilihan,,,,4.0,,5.0,,,0,5,5,,5.0,5.0,4.0,,,,4.0,-3.0,4.571428571428571,4.571428571428571,1,Karir Linear
8.0,1.0,4.0,Pilihan,,4,4.0,,5.0,4,4,,Teknik Informatika S1,4.0,,,,,3.0,,4.0,,,0,4,4,,5.0,4.0,5.0,,,,4.0,-2.0,4.142857142857143,4.285714285714286,1,Karir Linear
8.0,2.0,4.0,,,4,5.0,,5.0,5,5,,Teknik Informatika S1,4.0,Pilihan,,,,6.0,,4.0,,,0,5,4,,5.0,5.0,5.0,,,,4.0,-2.0,4.571428571428571,4.571428571428571,1,Karir Linear
8.0,3.0,4.0,,,4,4.0,,5.0,5,5,,Teknik Informatika S1,5.0,,,,,5.0,,4.0,,,0,5,5,,5.0,5.0,5.0,,Pilihan,,4.0,-1.0,4.857142857142857,4.428571428571429,0,Karir Lintas Jalur
9.0,2.0,5.0,,,5,4.0,,5.0,5,5,,Teknik Informatika S1,4.0,Pilihan,,,,4.0,,5.0,,,0,4,5,,5.0,5.0,4.0,,,,5.0,-2.0,4.571428571428571,4.857142857142857,1,Karir Linear
7.0,2.0,4.0,,,5,5.0,,5.0,5,5,,Sistem Informasi S1,4.0,Pilihan,,,,3.0,,4.0,,,0,5,5,,5.0,5.0,4.0,,,,4.0,-2.0,4.714285714285714,4.571428571428571,0,Karir Lintas Jalur
11.0,3.0,5.0,,,5,4.0,,5.0,5,5,,Teknik Informatika S1,5.0,Pilihan,,,,7.0,,5.0,,,0,5,4,,5.0,5.0,5.0,,,,5.0,-2.0,4.857142857142857,4.857142857142857,0,Karir Lintas Jalur
1.0,1.0,5.0,,,4,4.0,,4.0,4,5,,Teknik Sipil S1,4.0,,,,,1.0,,5.0,,,SKK Konstruksi dari GATENSI,4,4,,4.0,4.0,4.0,,,,5.0,0.0,4.142857142857143,4.428571428571429,3,Karir Elit
100.0,25.0,5.0,,,3,3.0,,5.0,5,4,,Sistem Informasi S1,4.0,,,,,25.0,,5.0,,,0,3,4,Pilihan,5.0,5.0,3.0,,,,5.0,-1.0,3.7142857142857144,4.714285714285714,0,Karir Lintas Jalur
1.0,3.0,5.0,,,4,4.0,,5.0,4,4,,Hubungan Masyarakat,4.0,,,,,1.0,,5.0,,,Public Relations,4,4,,5.0,5.0,4.0,,,,5.0,0.0,4.0,4.857142857142857,0,Karir Lintas Jalur
42.0,35.0,5.0,,,5,3.0,,5.0,5,5,,Manajemen S1,5.0,Pilihan,,,,35.0,,4.0,,,0,5,5,Pilihan,5.0,5.0,5.0,,,,5.0,-1.0,5.0,4.571428571428571,1,Karir Linear
1.0,2.0,4.0,Pilihan,,3,4.0,,4.0,4,3,,Manajemen S1,4.0,,,,,5.0,,4.0,,,"Sertifikasi profesi Pemasaran Digital dari Lembaga Sertifikasi Profesi Manajemen Bisnis Kewirausahaan Mandiri, Masa Berlaku 3 Tahun",3,2,Pilihan,3.0,4.0,2.0,,,,4.0,48.0,3.0,3.857142857142857,0,Karir Lintas Jalur
20.0,5.0,4.0,,,4,3.0,,4.0,4,4,,Psikologi S1,4.0,,,,,5.0,,4.0,,,0,4,4,,4.0,4.0,3.0,,,,4.0,0.0,3.857142857142857,3.857142857142857,2,Karir Tertunda
6.0,3.0,4.0,Pilihan,,3,3.0,,4.0,4,3,,Psikologi S1,4.0,,,,,4.0,,4.0,,,0,4,3,,4.0,4.0,3.0,,,,4.0,-6.0,3.4285714285714284,3.857142857142857,3,Karir Elit
60.0,2.0,4.0,Pilihan,,4,2.0,,4.0,4,4,,Manajemen S1,4.0,,,,,2.0,,4.0,,,lembaga sertifikasi profesi manajemen keuangan,4,4,,3.0,3.0,4.0,,,,4.0,-1.0,4.0,3.4285714285714284,1,Karir Linear
50.0,8.0,4.0,,,4,3.0,,5.0,5,4,,Manajemen S1,5.0,,,,,10.0,,4.0,,,Lembaga Sertifikasi Profesi Manajemen Keuangan,4,4,Pilihan,5.0,4.0,5.0,,,,4.0,-2.0,4.428571428571429,4.142857142857143,1,Karir Linear
3.0,3.0,4.0,Pilihan,,4,3.0,,4.0,4,5,,Akuntansi S1,4.0,,,,,3.0,,4.0,,,0,4,5,Pilihan,4.0,5.0,4.0,,Pilihan,,4.0,0.0,4.285714285714286,4.0,0,Karir Lintas Jalur
3.0,5.0,5.0,,,4,5.0,,4.0,4,4,,Teknik Industri S1,4.0,,,,,10.0,,5.0,Pilihan,,0,4,4,,4.0,5.0,4.0,,,,5.0,36.0,4.0,4.714285714285714,3,Karir Elit
3.0,1.0,4.0,,,2,4.0,,4.0,3,3,,Desain Komunikasi Visual S1,3.0,,,,,1.0,,4.0,Pilihan,,Sertifikasi Amil Pelaksana dari BAZNAS dan BSN,2,2,,4.0,4.0,3.0,,,,4.0,12.0,2.5714285714285716,4.0,1,Karir Linear
100.0,6.0,4.0,,,4,3.0,,5.0,4,4,,Manajemen S1,4.0,,,Pilihan,,15.0,,4.0,,,Finance Manajemen dari lsp,4,4,,5.0,5.0,4.0,,,,5.0,-7.0,4.0,4.428571428571429,0,Karir Lintas Jalur
1.0,1.0,4.0,,,4,4.0,,5.0,4,5,,Manajemen S1,4.0,,,,,1.0,,4.0,,,0,4,4,,4.0,5.0,4.0,,,,5.0,0.0,4.142857142857143,4.428571428571429,1,Karir Linear
1.0,1.0,4.0,Pilihan,,4,4.0,,4.0,4,4,,Psikologi S1,4.0,,,,,1.0,,4.0,,,-,4,4,,4.0,4.0,4.0,,,,4.0,-2.0,4.0,4.0,0,Karir Lintas Jalur
30.0,10.0,4.0,,,4,4.0,,4.0,4,4,,Teknik Sipil S1,3.0,,,,,20.0,,4.0,,,0,3,2,Pilihan,2.0,4.0,4.0,,,,4.0,40.0,3.4285714285714284,3.7142857142857144,3,Karir Elit
2.0,2.0,4.0,Pilihan,,4,3.0,,4.0,5,4,,Teknik Sipil S1,4.0,,,,,2.0,,4.0,,,0,3,3,,4.0,4.0,3.0,,Pilihan,,4.0,-1.0,3.7142857142857144,3.857142857142857,1,Karir Linear
50.0,5.0,4.0,,,3,3.0,,5.0,3,4,,Teknik Mesin S1,4.0,,,Pilihan,,10.0,,5.0,,,0,3,3,Pilihan,4.0,5.0,2.0,,,,5.0,3.0,3.142857142857143,4.428571428571429,3,Karir Elit
10.0,1.0,3.0,Pilihan,,3,3.0,,4.0,4,3,,Teknik Sipil S1,4.0,,,,,1.0,,4.0,,,0,4,4,Pilihan,3.0,4.0,2.0,,,,4.0,-2.0,3.4285714285714284,3.5714285714285716,1,Karir Linear
2.0,2.0,5.0,,,5,3.0,,5.0,5,5,,Teknik Sipil S1,5.0,,,,,2.0,,4.0,,,Sertifikat Kompetensi Pengawas Pekerjaan Struktur Bangunan Gedung Utama - Jenjang 6 (masa berlaku 5 tahun),5,5,Pilihan,5.0,5.0,5.0,,,,5.0,1.0,5.0,4.571428571428571,0,Karir Lintas Jalur
5.0,3.0,5.0,Pilihan,Pilihan,4,4.0,,4.0,5,3,Pilihan,Teknik Sipil S1,4.0,,,,,2.0,,5.0,,,0,4,3,Pilihan,5.0,4.0,5.0,,Pilihan,Pilihan,5.0,6.0,4.0,4.571428571428571,0,Karir Lintas Jalur
1.0,1.0,5.0,,,5,5.0,,5.0,5,5,,Teknik Elektro S1,4.0,,,,,1.0,,5.0,,,Electrical engineering (BNSP),5,4,,5.0,5.0,5.0,,,,5.0,0.0,4.714285714285714,5.0,1,Karir Linear
50.0,12.0,5.0,,,4,3.0,,5.0,4,5,,Psikologi S1,4.0,,,,,15.0,,4.0,,,"1. Supervisor Rekrutmen dan Seleksi SDM
2. HR Staff
3. Training of Trainer",3,4,Pilihan,4.0,5.0,4.0,,Pilihan,,5.0,3.0,4.0,4.428571428571429,1,Karir Linear
9.0,4.0,5.0,,,5,5.0,,5.0,5,5,,Teknik Mesin S1,5.0,,,Pilihan,,4.0,,5.0,,,0,5,5,Pilihan,5.0,5.0,5.0,,,,5.0,6.0,5.0,5.0,3,Karir Elit
1.0,1.0,4.0,,,4,4.0,,4.0,4,4,,Teknik Elektro S1,4.0,,,,,1.0,,4.0,,,Boeing 737-600/-700/-800/-900 Aircraft Maintenance Engineer License Cat 3,4,4,,4.0,4.0,4.0,,,,4.0,0.0,4.0,4.0,0,Karir Lintas Jalur
1.0,1.0,5.0,,,4,4.0,,5.0,4,4,,Hubungan Masyarakat,4.0,,,,,1.0,,5.0,Pilihan,,0,4,4,,4.0,5.0,4.0,,,,5.0,0.0,4.0,4.714285714285714,0,Karir Lintas Jalur
20.0,5.0,4.0,,,5,3.0,,5.0,5,5,,Penyiaran,5.0,,,,Pilihan,5.0,,5.0,,,0,4,4,,4.0,5.0,5.0,,,,5.0,12.0,4.714285714285714,4.428571428571429,0,Karir Lintas Jalur
10.0,7.0,5.0,,Pilihan,2,5.0,,4.0,2,2,,Komunikasi Digital,3.0,,,,,7.0,Pilihan,5.0,,,0,2,2,Pilihan,5.0,5.0,2.0,,Pilihan,,5.0,6.0,2.142857142857143,4.857142857142857,3,Karir Elit
10.0,10.0,5.0,Pilihan,,5,5.0,,5.0,5,5,,Periklanan,4.0,,,,,10.0,,5.0,,,Tidak ada,5,5,,5.0,5.0,5.0,,,,5.0,120.0,4.857142857142857,5.0,1,Karir Linear
5.0,3.0,3.0,Pilihan,Pilihan,2,4.0,,4.0,4,3,Pilihan,Teknik Industri S1,3.0,,,,,3.0,,4.0,,,0,3,2,Pilihan,4.0,4.0,2.0,,Pilihan,,5.0,6.0,2.7142857142857144,4.0,3,Karir Elit
1.0,1.0,3.0,,,3,3.0,,3.0,3,3,,Teknik Industri S1,3.0,,,,,1.0,,3.0,,,0,3,3,,3.0,3.0,3.0,,,,3.0,0.0,3.0,3.0,0,Karir Lintas Jalur
30.0,3.0,4.0,,,4,3.0,,5.0,5,4,,Teknik Industri S1,3.0,,,,,8.0,,4.0,,,Sertifikat Kompetensi Perancangan Sistem Manufaktur BNSP,4,3,,4.0,4.0,4.0,,,,4.0,0.0,3.857142857142857,4.0,1,Karir Linear
3.0,3.0,4.0,,,3,3.0,,4.0,4,4,,Teknik Industri S1,4.0,,,Pilihan,,3.0,,3.0,,,0,3,3,Pilihan,4.0,4.0,3.0,,,,4.0,36.0,3.4285714285714284,3.7142857142857144,2,Karir Tertunda
30.0,3.0,4.0,,,4,4.0,,4.0,5,4,,Teknik Industri S1,4.0,Pilihan,,,Pilihan,3.0,,4.0,,,"Sertifikasi Profesi Perancangan Produk dan Proses Manufaktur dari Lembaga Sertifikasi Profesi  Sampai Agustus 2026
Sertifikasi Profesi Perancangan Sistem Manufaktur dari Lembaga Sertifikasi Profesi Sampai Agustus 2026",4,4,,4.0,5.0,4.0,,,,5.0,6.0,4.142857142857143,4.285714285714286,0,Karir Lintas Jalur
200.0,70.0,3.0,,,5,3.0,,5.0,5,5,,Teknik Industri S1,5.0,,,Pilihan,Pilihan,100.0,,3.0,,,"- Perancangan Sistem Manufaktur
- Perancangan Produk dan Proses Manufaktur",5,5,Pilihan,3.0,5.0,5.0,Pilihan,Pilihan,,5.0,6.0,5.0,3.857142857142857,3,Karir Elit
20.0,3.0,4.0,,,3,4.0,,4.0,4,4,,Teknik Industri S1,3.0,,,,,15.0,,4.0,,,0,3,3,,4.0,4.0,4.0,,,,4.0,0.0,3.4285714285714284,4.0,0,Karir Lintas Jalur
3.0,3.0,2.0,,,3,2.0,,4.0,4,4,,Teknik Industri S1,3.0,,,,,3.0,,3.0,,,0,3,3,Pilihan,3.0,3.0,3.0,,,Pilihan,4.0,36.0,3.2857142857142856,3.0,2,Karir Tertunda
20.0,15.0,4.0,Pilihan,Pilihan,3,4.0,,5.0,4,4,,Teknik Industri S1,5.0,,,,,18.0,,5.0,,,"Process and product design certification competence, manufacture design certification competence",5,4,,5.0,5.0,3.0,,,,5.0,84.0,4.0,4.714285714285714,3,Karir Elit
3.0,1.0,4.0,,,5,4.0,,4.0,5,5,,Teknik Industri S1,5.0,,,,,2.0,,4.0,,,SLP,5,1,,3.0,4.0,5.0,,,,4.0,0.0,4.428571428571429,3.857142857142857,0,Karir Lintas Jalur
25.0,10.0,3.0,,Pilihan,4,2.0,,4.0,5,4,,Teknik Industri S1,3.0,Pilihan,,,,10.0,,3.0,,,0,4,4,Pilihan,4.0,4.0,4.0,Pilihan,,Pilihan,4.0,-12.0,4.0,3.4285714285714284,1,Karir Linear
50.0,10.0,4.0,Pilihan,,4,3.0,,4.0,4,4,,Teknik Industri S1,3.0,,,,,20.0,,4.0,,,0,3,2,,3.0,4.0,4.0,,,,5.0,-1.0,3.4285714285714284,3.857142857142857,0,Karir Lintas Jalur
5.0,3.0,3.0,,,3,3.0,,4.0,4,4,,Teknik Industri S1,3.0,Pilihan,,,,3.0,,4.0,,,0,2,2,,4.0,4.0,3.0,,,,4.0,216.0,3.0,3.7142857142857144,3,Karir Elit
200.0,20.0,4.0,Pilihan,Pilihan,3,3.0,,5.0,4,4,,Psikologi S1,4.0,,,,,50.0,,5.0,,,Sertifikasi Profesi Supervisor Rekrutmen dan Seleksi SDM (BNSP),4,4,Pilihan,3.0,5.0,1.0,,,,5.0,1.0,3.4285714285714284,4.285714285714286,1,Karir Linear
5.0,2.0,4.0,,,3,4.0,,4.0,4,3,,Teknik Industri S1,3.0,,,,Pilihan,2.0,,4.0,,,"Sertifikasi English For Adults dari Lembaga Bahasa LIA, Manufactures Process and Prodyct Design dari BNSP",3,3,Pilihan,4.0,4.0,3.0,,,,4.0,12.0,3.142857142857143,4.0,0,Karir Lintas Jalur
7.0,3.0,4.0,,,3,3.0,,4.0,3,3,,Teknik Industri S1,3.0,,,,,3.0,,4.0,,,0,3,3,,4.0,4.0,3.0,,,Pilihan,4.0,6.0,3.0,3.857142857142857,0,Karir Lintas Jalur
20.0,5.0,4.0,Pilihan,,3,3.0,,5.0,4,3,,Teknik Industri S1,3.0,,,,,7.0,,3.0,,,0,4,3,,4.0,4.0,3.0,,Pilihan,,3.0,12.0,3.2857142857142856,3.7142857142857144,0,Karir Lintas Jalur
40.0,10.0,4.0,,,3,3.0,,4.0,3,4,,Psikologi S1,2.0,,,,,10.0,,5.0,,,0,2,2,Pilihan,5.0,5.0,3.0,,,,5.0,12.0,2.7142857142857144,4.428571428571429,1,Karir Linear
7.0,5.0,5.0,Pilihan,,4,3.0,,4.0,4,5,,Hubungan Masyarakat,5.0,,,,,5.0,,5.0,,,Sertifikasi profesi Humas Senior dari Lembaga Sertifikasi Profesi,5,5,,4.0,4.0,5.0,,,,5.0,6.0,4.714285714285714,4.285714285714286,0,Karir Lintas Jalur
1.0,1.0,4.0,,,4,4.0,,4.0,4,4,,Teknik Industri S1,2.0,,,,,1.0,,3.0,Pilihan,,Public speaking skills by Toastmasters International,2,4,,4.0,4.0,4.0,,,,4.0,14.0,3.4285714285714284,3.857142857142857,3,Karir Elit
5.0,4.0,4.0,Pilihan,,4,4.0,,5.0,4,4,,Teknik Industri S1,4.0,,,,,4.0,,4.0,,,Sertifikat Penyelia Halal dari BPJPH,4,4,,4.0,4.0,4.0,,,,4.0,48.0,4.0,4.142857142857143,2,Karir Tertunda
10.0,5.0,4.0,,,3,3.0,,4.0,4,4,,Teknik Industri S1,3.0,,,,,8.0,,4.0,,,0,3,3,Pilihan,4.0,4.0,3.0,,,,4.0,0.0,3.2857142857142856,3.857142857142857,1,Karir Linear
1.0,1.0,4.0,,,3,4.0,,4.0,4,4,,Teknik Industri S1,3.0,,,,,1.0,,4.0,Pilihan,,Sertifikasi Profesi Aktifitas Perancangan Khusus dari Badan Nasional Sertifikasi Profesi No. 74100.2141.0000342.2023 terkait Perancangan Sistem Manufaktur dan No. 74100.2141.0000343.2023 terkait Perancangan Produk dan Proses Manufaktur,3,3,,4.0,4.0,3.0,,,,4.0,0.0,3.2857142857142856,4.0,3,Karir Elit
50.0,10.0,5.0,,,4,2.0,,5.0,4,5,,Penyiaran,5.0,,,,,10.0,,5.0,,,Sertifikat Kompetensi Asisten Produser Televisi,5,4,Pilihan,5.0,5.0,5.0,,,,5.0,-1.0,4.571428571428571,4.571428571428571,1,Karir Linear
500.0,20.0,5.0,,Pilihan,5,5.0,,4.0,5,5,,Teknik Industri S1,5.0,,,Pilihan,,50.0,,5.0,,,0,5,5,Pilihan,5.0,5.0,5.0,,Pilihan,Pilihan,5.0,3.0,5.0,4.857142857142857,3,Karir Elit
1.0,1.0,4.0,,,4,4.0,,5.0,4,4,,Teknik Industri S1,1.0,,,,,1.0,,4.0,,,0,1,1,,5.0,5.0,4.0,,,,4.0,0.0,2.7142857142857144,4.428571428571429,3,Karir Elit
7.0,4.0,5.0,Pilihan,Pilihan,3,4.0,,5.0,3,3,,Sistem Informasi S1,3.0,Pilihan,,,,5.0,Pilihan,4.0,,,"CCNA, BNSP",3,3,Pilihan,4.0,5.0,3.0,,Pilihan,,5.0,6.0,3.0,4.571428571428571,1,Karir Linear
5.0,1.0,2.0,,,4,2.0,,5.0,4,4,,Teknik Industri S1,4.0,,,,,3.0,,4.0,,,0,4,4,Pilihan,4.0,4.0,4.0,,,,4.0,-6.0,4.0,3.5714285714285716,3,Karir Elit
5.0,3.0,4.0,Pilihan,,4,2.0,,4.0,5,4,,Teknik Elektro S1,3.0,,,,,3.0,,4.0,,,0,3,3,Pilihan,3.0,4.0,4.0,,,,4.0,48.0,3.7142857142857144,3.5714285714285716,1,Karir Linear
5.0,2.0,4.0,Pilihan,,3,3.0,,4.0,5,5,,Psikologi S1,4.0,Pilihan,,,,2.0,,3.0,,,0,3,3,,3.0,4.0,3.0,,,,5.0,12.0,3.7142857142857144,3.7142857142857144,0,Karir Lintas Jalur
100.0,10.0,4.0,,,3,5.0,,4.0,5,5,,Teknik Mesin S1,5.0,,,,,15.0,,4.0,,,0,4,4,Pilihan,4.0,4.0,4.0,,,,4.0,0.0,4.285714285714286,4.142857142857143,1,Karir Linear
10.0,8.0,5.0,,Pilihan,3,4.0,,5.0,3,5,Pilihan,Hubungan Masyarakat,3.0,,,,,8.0,Pilihan,5.0,,,0,4,3,Pilihan,4.0,3.0,4.0,,Pilihan,,4.0,36.0,3.5714285714285716,4.285714285714286,3,Karir Elit
7.0,3.0,4.0,,,4,4.0,,5.0,5,4,,Teknik Industri S1,3.0,,,,,5.0,,4.0,,,"Perancangan Produk dan Proses Manufaktur, Perancangan Sistem Manufaktur",3,4,,4.0,4.0,4.0,,,,4.0,0.0,3.857142857142857,4.142857142857143,0,Karir Lintas Jalur
5.0,5.0,4.0,Pilihan,,5,2.0,Pilihan,5.0,5,5,Pilihan,Teknik Sipil S1,5.0,,,,,5.0,,4.0,,,Sertifikat Kompetensi Pengawas Pekerjaan Struktur Bangunan Gedung Utama dari Lembaga Sertifikasi Profesi Ataki Konstruksi Indonesia dengan No.Reg. F 2017 20992 2023 0216391 SI 01 dengan masa berlaku 10 November 2023 sampai dengan 10 November 2028,5,5,,4.0,5.0,5.0,,Pilihan,,4.0,24.0,5.0,4.0,2,Karir Tertunda
5.0,5.0,3.0,,,4,3.0,,5.0,4,4,,Teknik Industri S1,4.0,,,Pilihan,,5.0,,4.0,,,0,4,4,Pilihan,5.0,5.0,4.0,,,,5.0,2.0,4.0,4.285714285714286,1,Karir Linear
10.0,6.0,4.0,,,2,3.0,,4.0,5,4,,Desain Interior S1,4.0,,,,,8.0,,3.0,,,0,4,2,Pilihan,4.0,4.0,2.0,,,,3.0,6.0,3.2857142857142856,3.5714285714285716,1,Karir Linear
2.0,2.0,5.0,Pilihan,,5,5.0,,5.0,5,5,,Psikologi S1,5.0,,,,,2.0,,5.0,,,0,3,5,Pilihan,5.0,5.0,5.0,,Pilihan,,5.0,1.0,4.714285714285714,5.0,0,Karir Lintas Jalur
5.0,5.0,5.0,Pilihan,,4,4.0,,5.0,4,4,,Teknik Mesin S1,4.0,,,,,5.0,,5.0,,,0,4,4,,5.0,5.0,4.0,,,,5.0,2.0,4.0,4.857142857142857,3,Karir Elit
4.0,10.0,5.0,,Pilihan,4,4.0,,4.0,5,3,,Teknik Informatika S1,3.0,,,,,3.0,,4.0,,,0,3,2,Pilihan,4.0,4.0,4.0,,,,4.0,60.0,3.4285714285714284,4.142857142857143,3,Karir Elit
16.0,8.0,4.0,,Pilihan,3,4.0,,4.0,3,3,,Desain Produk S1,4.0,Pilihan,,Pilihan,,8.0,Pilihan,5.0,,,0,4,4,Pilihan,4.0,5.0,3.0,,,,5.0,-3.0,3.4285714285714284,4.428571428571429,0,Karir Lintas Jalur
1.0,1.0,4.0,,,4,3.0,,5.0,4,4,,Psikologi S1,4.0,,,Pilihan,,1.0,,5.0,,,0,4,4,Pilihan,3.0,5.0,4.0,,,,5.0,6.0,4.0,4.285714285714286,0,Karir Lintas Jalur
3.0,3.0,4.0,,Pilihan,2,2.0,,4.0,4,4,,Teknik Sipil S1,4.0,,,,Pilihan,3.0,Pilihan,4.0,,,Sertifikasi LSP Ataki (Manager Pelaksanaan Lapangan),4,2,,3.0,4.0,4.0,,Pilihan,,4.0,0.0,3.4285714285714284,3.5714285714285716,3,Karir Elit
2.0,5.0,4.0,,,4,3.0,,4.0,3,3,,Arsitektur S1,4.0,,,,,7.0,,3.0,,,0,3,4,Pilihan,4.0,4.0,4.0,,,,4.0,48.0,3.5714285714285716,3.7142857142857144,1,Karir Linear
1.0,1.0,4.0,,,4,3.0,,4.0,5,4,,Teknik Sipil S1,3.0,,,,,1.0,,4.0,,,Ahli Pertama Bangunan Gedung,4,2,Pilihan,4.0,4.0,5.0,,,,4.0,12.0,3.857142857142857,3.857142857142857,0,Karir Lintas Jalur
12.0,8.0,4.0,,,2,5.0,,5.0,3,3,,Teknik Industri S1,4.0,,,,,8.0,,5.0,,,"TOEFL: 593
Certificate of Competence BNSP Manufacture System Design.
Certificate of Competence BNSP Manufacture Process and Product Design.
Lean Six Sigma White Belt.",4,3,Pilihan,4.0,5.0,4.0,,,,5.0,-4.0,3.2857142857142856,4.714285714285714,1,Karir Linear
14.0,12.0,4.0,,Pilihan,5,4.0,,5.0,5,5,,Psikologi S1,4.0,Pilihan,,,,12.0,Pilihan,5.0,,,0,5,4,,4.0,5.0,5.0,,,,5.0,60.0,4.714285714285714,4.571428571428571,1,Karir Linear
2.0,2.0,3.0,,,4,3.0,,5.0,3,3,,Teknik Sipil S1,3.0,,,Pilihan,,2.0,,3.0,,,Menyusun RAB,3,3,,3.0,4.0,4.0,,,,4.0,12.0,3.2857142857142856,3.5714285714285716,0,Karir Lintas Jalur
20.0,5.0,5.0,,,2,4.0,,4.0,5,3,,Teknik Informatika S1,2.0,,,,Pilihan,8.0,,3.0,,,IBM Data Science Professional,2,4,Pilihan,4.0,3.0,4.0,,Pilihan,,3.0,36.0,3.142857142857143,3.7142857142857144,1,Karir Linear
10.0,5.0,4.0,,,3,3.0,,5.0,5,5,,Teknik Industri S1,4.0,,,,,5.0,,4.0,,,0,4,3,,4.0,4.0,3.0,,,,4.0,0.0,3.857142857142857,4.0,2,Karir Tertunda
27.0,11.0,4.0,Pilihan,,4,3.0,,5.0,5,5,,Manajemen S1,3.0,,,,,18.0,,5.0,,,Sertifikasi profesi Human Resource Management dari Lembaga Sertifikasi TUV Rheinland,3,3,Pilihan,4.0,5.0,4.0,,Pilihan,,5.0,5.0,3.857142857142857,4.428571428571429,0,Karir Lintas Jalur
20.0,5.0,5.0,Pilihan,,3,3.0,,4.0,3,3,,Sistem Informasi S1,4.0,,,Pilihan,,8.0,,5.0,,,1.  Sertifikasi Oracle - Database Design 2. Sertifikasi EC COUNCIL - CSCU V2 3. Sertifikasi Junior Web Developer,3,3,Pilihan,4.0,4.0,3.0,,,,4.0,-5.0,3.142857142857143,4.142857142857143,0,Karir Lintas Jalur
10.0,2.0,4.0,,,5,3.0,,5.0,5,5,,Teknik Industri S1,5.0,,,,,3.0,,4.0,,,"sertifikat BNSP perancangan sistem manufaktur 

Sertifikat BNSP perancangan Produk dan proses manufaktur",5,5,Pilihan,5.0,5.0,5.0,,,,5.0,-1.0,5.0,4.428571428571429,0,Karir Lintas Jalur
10.0,3.0,4.0,Pilihan,,3,3.0,,4.0,5,3,,Teknik Informatika S1,2.0,,,,,5.0,,4.0,,,"1. Memulai Pemrograman dengan Dart (Berlaku hingga 16 September 2027)
2. Belajar Membuat Aplikasi Flutter untuk Pemula (Berlaku hingga  27 Oktober 2027)",3,3,Pilihan,4.0,4.0,3.0,,Pilihan,,5.0,-1.0,3.142857142857143,4.0,0,Karir Lintas Jalur
1.0,1.0,5.0,,Pilihan,4,4.0,,5.0,5,5,,Teknik Sipil S1,5.0,,,,,1.0,,5.0,,,Sertifikat Pelaksana Lapangan Perkerasan Jalan Beton,5,3,,4.0,5.0,5.0,,,,5.0,48.0,4.571428571428571,4.714285714285714,1,Karir Linear
500.0,30.0,5.0,,Pilihan,5,5.0,,5.0,5,5,,Psikologi S1,5.0,Pilihan,,,,50.0,,5.0,,,0,5,5,Pilihan,5.0,5.0,5.0,,Pilihan,,5.0,1.0,5.0,5.0,1,Karir Linear
10.0,8.0,3.0,Pilihan,,4,3.0,Pilihan,4.0,4,3,Pilihan,Psikologi S1,4.0,,,Pilihan,,8.0,,4.0,,,0,4,4,Pilihan,3.0,4.0,4.0,,Pilihan,,4.0,-3.0,3.857142857142857,3.5714285714285716,0,Karir Lintas Jalur
112.0,33.0,4.0,Pilihan,,4,4.0,,5.0,4,4,,Psikologi S1,4.0,,,,,66.0,,4.0,,,0,4,4,Pilihan,4.0,4.0,4.0,,,,4.0,6.0,4.0,4.142857142857143,3,Karir Elit
1.0,2.0,5.0,,Pilihan,3,3.0,,5.0,4,4,,Teknik Industri S1,2.0,,,,,1.0,,5.0,,,0,3,2,,4.0,4.0,3.0,,,,5.0,48.0,3.0,4.428571428571429,2,Karir Tertunda
13.0,1.0,4.0,,,3,4.0,,4.0,3,3,,Sistem Informasi S1,3.0,,,,,7.0,,4.0,,,0,3,3,,3.0,4.0,2.0,,,,4.0,0.0,2.857142857142857,3.857142857142857,0,Karir Lintas Jalur
10.0,3.0,4.0,,,3,4.0,,4.0,3,3,,Psikologi S1,4.0,,,,Pilihan,5.0,,4.0,,,0',4,3,Pilihan,4.0,4.0,4.0,,,,4.0,-6.0,3.4285714285714284,4.0,0,Karir Lintas Jalur
78.0,17.0,4.0,,,4,4.0,,4.0,4,4,,Psikologi S1,3.0,,,,,32.0,,3.0,,,0,3,3,Pilihan,4.0,3.0,3.0,,,,3.0,-6.0,3.4285714285714284,3.5714285714285716,1,Karir Linear
10.0,5.0,5.0,,,4,4.0,,5.0,5,4,,Teknik Industri S1,5.0,,,,,5.0,,5.0,,,"ASEAN Data Science Explorers 2024 Enablement Session –
SAP Analytics Cloud and SAP Build Apps Online Training Session",5,4,Pilihan,5.0,5.0,5.0,,,,5.0,-6.0,4.571428571428571,4.857142857142857,3,Karir Elit
5.0,3.0,4.0,,,4,4.0,,4.0,4,4,,Teknik Elektro S1,4.0,,,,,3.0,,4.0,,,0,4,4,,4.0,5.0,4.0,,,,5.0,0.0,4.0,4.285714285714286,0,Karir Lintas Jalur
15.0,3.0,4.0,Pilihan,,4,4.0,,5.0,5,4,,Hubungan Masyarakat,4.0,,,,,3.0,,4.0,,,0,4,4,,4.0,4.0,4.0,,,,4.0,48.0,4.142857142857143,4.142857142857143,2,Karir Tertunda
5.0,2.0,3.0,,,4,3.0,,3.0,4,3,,Teknik Sipil S1,4.0,,,,,3.0,,3.0,,,0,3,4,,3.0,3.0,3.0,,Pilihan,,3.0,6.0,3.5714285714285716,3.0,1,Karir Linear
2.0,2.0,4.0,,,5,4.0,,4.0,5,5,,Hubungan Masyarakat,5.0,,,Pilihan,Pilihan,2.0,Pilihan,4.0,,,Tidak ada,5,5,Pilihan,4.0,5.0,5.0,,Pilihan,,5.0,12.0,5.0,4.285714285714286,1,Karir Linear
30.0,8.0,4.0,,,3,4.0,,4.0,5,4,,Sistem Informasi S1,3.0,,,,,12.0,,4.0,,,CCNA,3,3,Pilihan,4.0,4.0,3.0,,,,4.0,-12.0,3.4285714285714284,4.0,0,Karir Lintas Jalur
60.0,15.0,4.0,Pilihan,,4,3.0,,5.0,4,4,,Psikologi S1,4.0,,,,,30.0,,4.0,,,0,4,4,Pilihan,5.0,4.0,3.0,,,,5.0,-5.0,3.857142857142857,4.285714285714286,1,Karir Linear
2.0,2.0,4.0,,,3,4.0,,5.0,4,5,,Psikologi S1,2.0,,,,Pilihan,2.0,,3.0,,,0,2,3,,4.0,4.0,2.0,,,,4.0,24.0,3.0,4.0,0,Karir Lintas Jalur
4.0,4.0,5.0,,,5,3.0,,4.0,5,5,,Psikologi S1,5.0,,,,,4.0,,5.0,,,0,5,5,Pilihan,4.0,5.0,5.0,,,,4.0,72.0,5.0,4.285714285714286,1,Karir Linear
1.0,1.0,4.0,,,3,3.0,,4.0,3,3,,Akuntansi S1,1.0,,,,,1.0,,4.0,,,Accurate,2,3,,4.0,4.0,2.0,,Pilihan,,4.0,-5.0,2.4285714285714284,3.857142857142857,1,Karir Linear
5.0,3.0,4.0,Pilihan,,5,4.0,,5.0,5,5,,Teknik Sipil S1,5.0,,,,,3.0,,5.0,,,"Sertifikasi Pengawas Pekerjaan Struktur Bangunan Gedung
 Utama",5,4,Pilihan,5.0,5.0,5.0,,Pilihan,,5.0,-1.0,4.857142857142857,4.714285714285714,3,Karir Elit
50.0,30.0,4.0,,,5,3.0,,5.0,5,5,,Psikologi S1,4.0,,,,,30.0,Pilihan,4.0,,,0,4,5,Pilihan,4.0,4.0,4.0,,,,4.0,6.0,4.571428571428571,4.0,1,Karir Linear
8.0,4.0,3.0,,,4,3.0,,3.0,4,4,,Teknik Informatika S1,3.0,,,,,5.0,,3.0,,,"CCNA 3, PL/SQL Oracle",3,3,Pilihan,3.0,3.0,4.0,,,,3.0,9.0,3.5714285714285716,3.0,0,Karir Lintas Jalur
10.0,3.0,5.0,,,4,4.0,,5.0,5,4,,Manajemen S1,4.0,Pilihan,,,,6.0,,5.0,,,tidak ada,4,4,Pilihan,4.0,5.0,4.0,,Pilihan,,5.0,-3.0,4.142857142857143,4.714285714285714,1,Karir Linear
20.0,10.0,4.0,Pilihan,,4,5.0,,5.0,5,4,,Teknik Industri S1,5.0,,,Pilihan,Pilihan,15.0,Pilihan,5.0,,,Dangerous Goods regulation Material Handling For Export Import,5,5,Pilihan,4.0,5.0,5.0,Pilihan,Pilihan,,5.0,-3.0,4.714285714285714,4.714285714285714,1,Karir Linear
5.0,3.0,4.0,,,4,3.0,,4.0,4,5,,Teknik Sipil S1,4.0,,,,,3.0,Pilihan,4.0,,,0,4,4,,4.0,5.0,4.0,,,,5.0,12.0,4.142857142857143,4.142857142857143,3,Karir Elit
10.0,4.0,5.0,Pilihan,Pilihan,4,4.0,Pilihan,5.0,4,4,,Manajemen S1,5.0,Pilihan,,Pilihan,,5.0,Pilihan,5.0,,,0,5,4,Pilihan,5.0,5.0,5.0,Pilihan,Pilihan,Pilihan,5.0,2.0,4.428571428571429,4.857142857142857,0,Karir Lintas Jalur
5.0,2.0,4.0,Pilihan,,4,4.0,,4.0,4,4,,Teknik Sipil S1,4.0,,,,,3.0,Pilihan,4.0,,,0,4,4,,4.0,4.0,4.0,,,,4.0,12.0,4.0,4.0,1,Karir Linear
5.0,2.0,4.0,,Pilihan,4,3.0,,5.0,4,4,,Desain Komunikasi Visual S1,4.0,Pilihan,,,,5.0,,4.0,,,0,4,4,,4.0,4.0,4.0,,Pilihan,,4.0,-2.0,4.0,4.0,0,Karir Lintas Jalur
1.0,1.0,4.0,,,3,4.0,,4.0,5,5,,Manajemen S1,3.0,,,,,1.0,,4.0,,,0,3,3,,5.0,4.0,4.0,,,,4.0,0.0,3.7142857142857144,4.142857142857143,3,Karir Elit
10.0,8.0,4.0,,,5,4.0,,4.0,5,5,,Akuntansi S1,5.0,,,,,10.0,,4.0,,,0,5,5,Pilihan,4.0,4.0,5.0,,,,4.0,-2.0,5.0,4.0,1,Karir Linear
30.0,2.0,4.0,,,4,3.0,,5.0,4,4,,Periklanan,4.0,,,,,2.0,Pilihan,5.0,,,"Meta Certified Media Planning Professional
Meta Certified Media Buying Professional",4,4,,5.0,4.0,4.0,,,,5.0,0.0,4.0,4.428571428571429,3,Karir Elit
1.0,1.0,3.0,,,3,4.0,,3.0,4,3,,Akuntansi S1,4.0,,,,,1.0,,3.0,Pilihan,,Tidak ada,4,4,,3.0,3.0,4.0,,,,3.0,1.0,3.7142857142857144,3.142857142857143,0,Karir Lintas Jalur
1.0,3.0,5.0,,,4,4.0,,5.0,4,4,,Sistem Informasi S1,4.0,,,,,5.0,Pilihan,5.0,,,0,4,4,,5.0,5.0,4.0,,,,5.0,3.0,4.0,4.857142857142857,1,Karir Linear
10.0,7.0,5.0,,,4,5.0,,5.0,5,4,,Psikologi S1,1.0,,,,,7.0,,5.0,,,0,1,2,Pilihan,4.0,5.0,2.0,,,,5.0,60.0,2.7142857142857144,4.857142857142857,0,Karir Lintas Jalur
2.0,2.0,5.0,,,5,5.0,,5.0,5,5,,Teknik Mesin S1,5.0,,,,,2.0,,5.0,,,Explosion proof repair equipment,5,5,,5.0,5.0,5.0,Pilihan,,,5.0,12.0,5.0,5.0,3,Karir Elit
3.0,1.0,4.0,Pilihan,,3,3.0,,4.0,4,4,,Desain Komunikasi Visual S1,4.0,,,,,2.0,Pilihan,3.0,,,0,4,3,,3.0,3.0,2.0,,Pilihan,,3.0,3.0,3.4285714285714284,3.2857142857142856,1,Karir Linear
1.0,1.0,4.0,,,4,4.0,,4.0,4,4,,Akuntansi S1,4.0,,,,,1.0,,4.0,,,0,4,4,Pilihan,4.0,4.0,4.0,,,,4.0,1.0,4.0,4.0,1,Karir Linear
10.0,2.0,4.0,,,4,3.0,,5.0,4,4,,Psikologi S1,4.0,,,,,2.0,,4.0,,,0,2,2,Pilihan,4.0,4.0,4.0,,,,4.0,-4.0,3.4285714285714284,4.0,1,Karir Linear
10.0,2.0,3.0,,,3,3.0,,3.0,3,3,,Manajemen S1,3.0,,,,,2.0,Pilihan,4.0,,,Sertifikat kompetensi (manajemen sumber daya manusia),3,3,,3.0,3.0,3.0,,,,4.0,12.0,3.0,3.2857142857142856,0,Karir Lintas Jalur
25.0,10.0,4.0,Pilihan,,3,4.0,,3.0,3,3,,Teknik Informatika S1,3.0,,,,,15.0,,3.0,,,Certified Associate WEB Developer,3,3,,3.0,3.0,3.0,,,,3.0,12.0,3.0,3.2857142857142856,0,Karir Lintas Jalur
63.0,7.0,5.0,,,3,4.0,,5.0,4,3,,Teknik Informatika S1,4.0,,,,,10.0,,5.0,Pilihan,,"1. UiPath Academy Automation Explorer Training dari UiPath, 2024-2026
2. Automation Anywhere Certified Advanced RPA Professional (Automation 360) - 2023, 2024-2026
3. Automation Anywhere Certified Essentials RPA Professional (Automation 360) - 2023, 2024-2026
4. Advanced Automation Certification - 2024, 2024-2026
5. Essentials Automation Certification - 2024, 2024-2026",2,2,,4.0,5.0,3.0,,,,5.0,-4.0,3.0,4.714285714285714,1,Karir Linear
4.0,3.0,4.0,Pilihan,,4,4.0,,5.0,4,4,,Teknik Sipil S1,4.0,,,,Pilihan,3.0,,4.0,,,0,4,4,,4.0,5.0,4.0,,Pilihan,Pilihan,4.0,24.0,4.0,4.285714285714286,3,Karir Elit
10.0,3.0,5.0,,Pilihan,4,3.0,,5.0,4,3,Pilihan,Teknik Informatika S1,3.0,,,,Pilihan,5.0,,4.0,,,0,5,4,Pilihan,5.0,5.0,5.0,,,,5.0,1.0,4.0,4.571428571428571,1,Karir Linear
10.0,5.0,4.0,,Pilihan,4,4.0,,4.0,4,4,,Sistem Informasi S1,4.0,Pilihan,,,,10.0,,4.0,,Pilihan,CCNA 2026,4,4,Pilihan,4.0,4.0,4.0,,Pilihan,Pilihan,4.0,-1.0,4.0,4.0,0,Karir Lintas Jalur
5.0,3.0,4.0,,,3,3.0,,5.0,4,4,,Akuntansi S1,3.0,,,,,3.0,,4.0,,,0,4,3,,4.0,4.0,4.0,,,,4.0,0.0,3.5714285714285716,4.0,0,Karir Lintas Jalur
1.0,1.0,4.0,,,4,3.0,,4.0,4,4,,Teknik Industri S1,4.0,,,,,1.0,,5.0,,,0,4,4,,3.0,4.0,4.0,,,Pilihan,4.0,20.0,4.0,3.857142857142857,0,Karir Lintas Jalur
1.0,1.0,4.0,,Pilihan,4,3.0,,4.0,4,4,,Sistem Informasi S1,3.0,,,,,1.0,,4.0,,,"CCNA, PCNSE, CC ISC",3,4,,4.0,4.0,3.0,,,,4.0,0.0,3.5714285714285716,3.857142857142857,3,Karir Elit
60.0,15.0,4.0,Pilihan,Pilihan,5,4.0,Pilihan,5.0,5,4,,Teknik Elektro S1,4.0,,,Pilihan,Pilihan,15.0,,4.0,,,0,4,5,Pilihan,3.0,5.0,4.0,Pilihan,Pilihan,Pilihan,4.0,-12.0,4.428571428571429,4.142857142857143,0,Karir Lintas Jalur
10.0,5.0,3.0,,,3,3.0,,3.0,3,3,,Desain Komunikasi Visual S1,2.0,Pilihan,,,Pilihan,5.0,,3.0,,,Sertifikasi Profesi Desain Komunikasi Visual dari Lembaga Sertfikasi Profesi,2,2,Pilihan,3.0,3.0,3.0,,,Pilihan,3.0,48.0,2.5714285714285716,3.0,0,Karir Lintas Jalur
2.0,2.0,4.0,,,3,4.0,,5.0,3,3,,Hubungan Masyarakat,3.0,,,,,2.0,,4.0,,,Sertifikat Kompentensi Kehumasan Koordinator Program Kehumasan dari Lembaga Sertifikasi Profesi Universitas Mercu Buana,3,3,,4.0,4.0,3.0,,,,4.0,0.0,3.0,4.142857142857143,0,Karir Lintas Jalur
4.0,1.0,5.0,,Pilihan,5,5.0,,5.0,5,5,,Psikologi S1,5.0,,,,,3.0,,5.0,,,Supervisor Human resource Rekrutmen selection (2026),5,5,,4.0,5.0,5.0,,,,5.0,5.0,5.0,4.857142857142857,0,Karir Lintas Jalur
1.0,5.0,4.0,Pilihan,,4,3.0,,5.0,4,4,,Teknik Sipil S1,4.0,,,,,5.0,,4.0,,,0,4,4,,5.0,5.0,4.0,,,,5.0,6.0,4.0,4.428571428571429,0,Karir Lintas Jalur
9.0,1.0,3.0,Pilihan,,3,3.0,,3.0,3,3,,Teknik Informatika S1,3.0,,,,,3.0,,3.0,,,BNSP Junior Web Developer Masa Berlaku 2026,3,3,Pilihan,3.0,3.0,3.0,,Pilihan,Pilihan,3.0,-6.0,3.0,3.0,1,Karir Linear
20.0,15.0,5.0,,,4,5.0,,5.0,4,4,,Desain Komunikasi Visual S1,4.0,Pilihan,,,,15.0,,5.0,,,0,4,4,,5.0,5.0,4.0,,,,5.0,18.0,4.0,5.0,1,Karir Linear
30.0,5.0,5.0,,Pilihan,5,5.0,,5.0,5,5,,Hubungan Masyarakat,5.0,,,,,20.0,,5.0,,,Sertifikat Public Relation Coordinator dari BNSP berlaku sampai Febuari 2025,5,5,Pilihan,5.0,5.0,5.0,Pilihan,,Pilihan,5.0,3.0,5.0,5.0,0,Karir Lintas Jalur
5.0,3.0,4.0,,Pilihan,3,4.0,,4.0,4,4,,Arsitektur S1,4.0,Pilihan,,,,3.0,Pilihan,4.0,,,0,4,3,Pilihan,4.0,4.0,4.0,,Pilihan,Pilihan,4.0,6.0,3.7142857142857144,4.0,1,Karir Linear
20.0,5.0,4.0,Pilihan,Pilihan,3,4.0,,4.0,3,3,,Teknik Sipil S1,3.0,Pilihan,,,,8.0,,4.0,,,0,3,3,Pilihan,4.0,4.0,3.0,,Pilihan,Pilihan,4.0,3.0,3.0,4.0,0,Karir Lintas Jalur
7.0,5.0,5.0,,,4,3.0,,5.0,5,4,,Manajemen S1,5.0,,,,,5.0,,5.0,,,Lembaga Sertifikasi Profesi Pemasaran,4,4,Pilihan,4.0,5.0,5.0,,,,5.0,4.0,4.428571428571429,4.571428571428571,0,Karir Lintas Jalur
10.0,3.0,5.0,,,3,5.0,,4.0,3,4,,Sistem Informasi S1,4.0,,,,,3.0,,5.0,,,"Quality Assurance Bootcamp dari Binar Academy, 
Project Management using Primavera P6 Professional Fundamentals dari Oracle ",3,3,Pilihan,5.0,5.0,4.0,,,,5.0,5.0,3.4285714285714284,4.857142857142857,0,Karir Lintas Jalur
10.0,5.0,4.0,,,5,4.0,,5.0,5,5,,Komunikasi Digital,5.0,,,,Pilihan,5.0,,5.0,,,0,5,5,Pilihan,5.0,5.0,5.0,,,Pilihan,5.0,6.0,5.0,4.714285714285714,1,Karir Linear
70.0,10.0,5.0,,,5,3.0,,5.0,5,5,,Psikologi S1,5.0,,,,,15.0,Pilihan,5.0,,,0,5,5,,5.0,5.0,5.0,,,,5.0,-10.0,5.0,4.714285714285714,1,Karir Linear
8.0,3.0,5.0,Pilihan,,4,4.0,,4.0,3,3,,Hubungan Masyarakat,4.0,,,,,3.0,Pilihan,5.0,,Pilihan,0,3,3,Pilihan,3.0,4.0,4.0,,Pilihan,,5.0,-9.0,3.4285714285714284,4.285714285714286,0,Karir Lintas Jalur
2.0,2.0,4.0,,Pilihan,4,4.0,,4.0,4,4,,Teknik Sipil S1,4.0,,,,,2.0,,4.0,,,0,4,4,,4.0,4.0,4.0,,,,4.0,60.0,4.0,4.0,0,Karir Lintas Jalur
10.0,3.0,4.0,,,4,4.0,,5.0,4,4,,Psikologi S1,4.0,,,Pilihan,,3.0,,4.0,,,0,5,4,,4.0,4.0,5.0,,,,4.0,0.0,4.285714285714286,4.142857142857143,0,Karir Lintas Jalur
25.0,6.0,5.0,,,5,4.0,,5.0,5,5,,Manajemen S1,4.0,,,,,8.0,,5.0,,,BNSP SDM,4,5,Pilihan,5.0,5.0,4.0,,,,5.0,-8.0,4.571428571428571,4.857142857142857,0,Karir Lintas Jalur
2.0,2.0,4.0,,,4,4.0,,4.0,4,4,,Teknik Sipil S1,4.0,,,,,2.0,,4.0,,,0,4,4,,4.0,4.0,4.0,,,,4.0,0.0,4.0,4.0,1,Karir Linear
40.0,20.0,4.0,,,4,2.0,,3.0,4,4,,Hubungan Masyarakat,4.0,,,,Pilihan,30.0,,4.0,,,Koordinator Program Kehumasan/PR,4,4,Pilihan,3.0,5.0,4.0,,,,4.0,2.0,4.0,3.5714285714285716,0,Karir Lintas Jalur
7.0,2.0,5.0,Pilihan,Pilihan,4,4.0,,5.0,5,4,,Teknik Sipil S1,5.0,,,,,2.0,,4.0,,,Sertifikasi Profesi Pelaksana Lapangan Perkerasan Jalan Beton,5,4,Pilihan,5.0,5.0,5.0,,,,5.0,-6.0,4.571428571428571,4.714285714285714,1,Karir Linear
1.0,4.0,5.0,Pilihan,,5,2.0,,4.0,4,5,,Desain Produk S1,4.0,,,,,5.0,,3.0,,,0,4,4,,5.0,4.0,5.0,,,,4.0,84.0,4.428571428571429,3.857142857142857,0,Karir Lintas Jalur
50.0,5.0,4.0,,,2,4.0,,5.0,4,3,,Teknik Informatika S1,2.0,,,,Pilihan,10.0,,4.0,,,0,3,2,Pilihan,3.0,4.0,2.0,,,Pilihan,4.0,48.0,2.5714285714285716,4.0,2,Karir Tertunda
100.0,10.0,4.0,,,4,4.0,,4.0,4,4,,Teknik Informatika S1,5.0,,,,,10.0,,5.0,,,0,4,3,,3.0,4.0,3.0,Pilihan,,,5.0,2.0,3.857142857142857,4.142857142857143,1,Karir Linear
50.0,2.0,4.0,Pilihan,,5,4.0,,5.0,4,5,,Teknik Sipil S1,5.0,,,,,10.0,,5.0,,,Manajer Lapangan Pelaksanaan Pekerjaan Gedung,5,5,Pilihan,4.0,5.0,5.0,,,,5.0,6.0,4.857142857142857,4.571428571428571,0,Karir Lintas Jalur
5.0,3.0,4.0,Pilihan,,3,4.0,,4.0,3,3,,Hubungan Masyarakat,3.0,,,,,3.0,,4.0,,,0,3,3,,4.0,4.0,2.0,,,,4.0,-4.0,2.857142857142857,4.0,0,Karir Lintas Jalur
2.0,2.0,4.0,Pilihan,Pilihan,4,3.0,,5.0,4,4,,Teknik Sipil S1,4.0,,,,,2.0,Pilihan,5.0,,,"Sertifikasi Manajer Lapangan Proyek Gedung Bertingkat Jenjang 6, 2023-2028",4,4,,5.0,5.0,4.0,,,,5.0,18.0,4.0,4.571428571428571,1,Karir Linear
5.0,1.0,2.0,,,4,2.0,,3.0,5,5,,Hubungan Masyarakat,5.0,,,,Pilihan,3.0,,3.0,,,Sertifikat kompetensi LSP,5,5,,3.0,3.0,4.0,,,,3.0,12.0,4.714285714285714,2.7142857142857144,0,Karir Lintas Jalur
40.0,10.0,5.0,Pilihan,Pilihan,5,5.0,Pilihan,5.0,5,5,Pilihan,Teknik Informatika S1,5.0,Pilihan,Pilihan,Pilihan,Pilihan,10.0,Pilihan,5.0,Pilihan,Pilihan,0,5,5,Pilihan,5.0,5.0,5.0,Pilihan,Pilihan,Pilihan,5.0,-1.0,5.0,5.0,0,Karir Lintas Jalur
50.0,15.0,4.0,,,4,3.0,,5.0,5,4,,Psikologi S1,4.0,,,,,25.0,,5.0,,,Sertifikasi LSP (kompetensi skema supervisor rekrutmen dan seleksi sumber daya manusia),3,3,Pilihan,4.0,5.0,3.0,,,,5.0,-3.0,3.7142857142857144,4.428571428571429,1,Karir Linear
40.0,5.0,2.0,Pilihan,,3,3.0,,2.0,4,3,,Hubungan Masyarakat,2.0,,,,,15.0,,3.0,,,0,1,2,Pilihan,3.0,2.0,3.0,,,,2.0,-2.0,2.5714285714285716,2.4285714285714284,0,Karir Lintas Jalur
1.0,1.0,4.0,Pilihan,,4,4.0,,4.0,4,4,,Hubungan Masyarakat,4.0,,,,,1.0,,4.0,,,0,4,4,,4.0,4.0,4.0,,,,4.0,156.0,4.0,4.0,0,Karir Lintas Jalur
3.0,3.0,3.0,,,3,3.0,,3.0,3,3,,Psikologi S1,3.0,Pilihan,,,,1.0,Pilihan,3.0,,,0,2,3,Pilihan,3.0,3.0,2.0,,,,3.0,-12.0,2.7142857142857144,3.0,0,Karir Lintas Jalur
2.0,1.0,5.0,,,2,3.0,,5.0,4,4,,Psikologi S1,3.0,,,,,1.0,,5.0,Pilihan,,0,2,2,,4.0,4.0,2.0,,,,5.0,48.0,2.7142857142857144,4.428571428571429,2,Karir Tertunda
40.0,4.0,4.0,,,4,3.0,,5.0,4,3,,Teknik Elektro S1,1.0,,,,,7.0,,4.0,,,"Kualifikasi 6 Bidang Otomasi Industri ,masa Berlaku sampai 3 Agustus 2026",3,1,,4.0,4.0,3.0,,,,4.0,0.0,2.7142857142857144,4.0,0,Karir Lintas Jalur
7.0,3.0,3.0,Pilihan,,5,3.0,,4.0,5,4,,Psikologi S1,3.0,,,,,3.0,,3.0,,,0,2,4,Pilihan,3.0,4.0,4.0,,,Pilihan,4.0,1.0,3.857142857142857,3.4285714285714284,1,Karir Linear
10.0,4.0,5.0,Pilihan,Pilihan,5,5.0,,5.0,5,5,,Hubungan Masyarakat,5.0,,,,,10.0,,5.0,,,0,5,5,,5.0,5.0,5.0,,,,5.0,12.0,5.0,5.0,0,Karir Lintas Jalur
40.0,2.0,4.0,Pilihan,,4,3.0,,5.0,5,3,,Teknik Sipil S1,3.0,,,Pilihan,,5.0,Pilihan,3.0,,,0,3,3,Pilihan,4.0,4.0,4.0,,Pilihan,Pilihan,4.0,5.0,3.5714285714285716,3.857142857142857,0,Karir Lintas Jalur
1.0,1.0,4.0,,,3,4.0,,4.0,4,4,,Sistem Informasi S1,4.0,,,,,1.0,,4.0,Pilihan,,0,4,3,,4.0,4.0,4.0,,,,3.0,60.0,3.7142857142857144,3.857142857142857,0,Karir Lintas Jalur
2.0,2.0,4.0,,Pilihan,3,3.0,,5.0,3,3,,Sistem Informasi S1,3.0,,,,,2.0,Pilihan,4.0,,,"lia , cisco, lap",3,3,,3.0,4.0,3.0,,,,4.0,36.0,3.0,3.857142857142857,0,Karir Lintas Jalur
10.0,4.0,4.0,Pilihan,Pilihan,5,3.0,,5.0,4,4,,Teknik Informatika S1,4.0,Pilihan,,Pilihan,,5.0,,4.0,,,sertifikasi BNSP web programming junion,4,4,Pilihan,4.0,4.0,4.0,Pilihan,Pilihan,,4.0,2.0,4.142857142857143,4.0,3,Karir Elit
3.0,3.0,5.0,,Pilihan,5,5.0,Pilihan,5.0,5,5,Pilihan,Teknik Sipil S1,5.0,,,Pilihan,Pilihan,3.0,,5.0,,,0,5,5,Pilihan,5.0,5.0,5.0,Pilihan,Pilihan,,5.0,3.0,5.0,5.0,1,Karir Linear
3.0,2.0,3.0,,,4,1.0,,4.0,4,4,,Psikologi S1,4.0,,,,,2.0,Pilihan,3.0,,,0,4,4,,4.0,3.0,4.0,,,,4.0,1.0,4.0,3.142857142857143,0,Karir Lintas Jalur
1.0,1.0,3.0,Pilihan,,3,3.0,,5.0,4,3,,Teknik Mesin S1,1.0,,,,,1.0,,4.0,,,Tidak ada,5,1,,4.0,4.0,4.0,,,,4.0,0.0,3.0,3.857142857142857,1,Karir Linear
1.0,1.0,4.0,,,5,4.0,,5.0,5,5,,Teknik Elektro S1,4.0,,,,,1.0,,4.0,Pilihan,,0,4,5,,5.0,4.0,5.0,,,,5.0,18.0,4.714285714285714,4.428571428571429,1,Karir Linear
8.0,5.0,4.0,,,4,4.0,,5.0,4,4,,Hubungan Masyarakat,4.0,,,,,5.0,,5.0,,,0,4,4,Pilihan,5.0,4.0,4.0,,,,4.0,12.0,4.0,4.428571428571429,3,Karir Elit
1.0,1.0,4.0,,,4,4.0,,4.0,4,3,,Teknik Mesin S1,1.0,,,,,1.0,,4.0,,,0,1,1,,4.0,4.0,1.0,,,,4.0,0.0,2.142857142857143,4.0,1,Karir Linear
10.0,8.0,5.0,Pilihan,Pilihan,5,4.0,,5.0,5,5,Pilihan,Desain Interior S1,5.0,,,,,8.0,,5.0,,,0,5,5,Pilihan,5.0,5.0,5.0,,Pilihan,Pilihan,5.0,12.0,5.0,4.857142857142857,1,Karir Linear
9.0,12.0,5.0,,,5,4.0,,5.0,5,5,,Desain Interior S1,5.0,,,,,20.0,,5.0,,,0,5,5,Pilihan,5.0,5.0,5.0,,,,5.0,-4.0,5.0,4.857142857142857,1,Karir Linear
3.0,1.0,5.0,Pilihan,,4,5.0,,5.0,4,4,,Teknik Sipil S1,4.0,,,,,1.0,,5.0,,,0,4,4,,5.0,5.0,4.0,,,,5.0,18.0,4.0,5.0,3,Karir Elit
10.0,2.0,5.0,Pilihan,,5,4.0,,5.0,4,5,,Teknik Informatika S1,4.0,,,,,3.0,,3.0,,,0,4,5,,3.0,5.0,4.0,,,,5.0,-6.0,4.428571428571429,4.285714285714286,0,Karir Lintas Jalur
5.0,1.0,3.0,,,3,3.0,,5.0,3,4,,Teknik Industri S1,2.0,,,,,3.0,,3.0,,,"Sertifikasi Perancangan Produk
Serifikasi Sistem Perancangan Produk",2,3,Pilihan,3.0,4.0,3.0,,,,4.0,-1.0,2.857142857142857,3.5714285714285716,1,Karir Linear
100.0,30.0,4.0,,,4,4.0,,5.0,4,4,,Psikologi S1,5.0,,,,,50.0,,5.0,Pilihan,,Certified BNSP Human Resource Supervisor and Selection Staff,4,4,,5.0,4.0,4.0,,,,4.0,12.0,4.142857142857143,4.428571428571429,3,Karir Elit
5.0,5.0,5.0,,Pilihan,4,4.0,,5.0,5,5,,Teknik Sipil S1,4.0,,,Pilihan,,5.0,,4.0,,,0,5,5,,4.0,5.0,4.0,Pilihan,Pilihan,,4.0,2.0,4.571428571428571,4.428571428571429,0,Karir Lintas Jalur
500.0,450.0,5.0,Pilihan,,5,5.0,,5.0,5,5,,Sistem Informasi S1,5.0,Pilihan,,Pilihan,,450.0,Pilihan,5.0,,,0,5,5,Pilihan,5.0,5.0,5.0,,Pilihan,Pilihan,5.0,-1.0,5.0,5.0,0,Karir Lintas Jalur
12.0,5.0,5.0,Pilihan,,5,4.0,,5.0,5,4,,Hubungan Masyarakat,4.0,Pilihan,,,,5.0,,5.0,,,0,5,5,Pilihan,4.0,5.0,4.0,,Pilihan,,5.0,36.0,4.571428571428571,4.714285714285714,0,Karir Lintas Jalur
10.0,5.0,4.0,,Pilihan,4,3.0,,5.0,4,4,,Hubungan Masyarakat,4.0,,,,,5.0,,4.0,,,0,4,4,,3.0,4.0,4.0,,,,4.0,0.0,4.0,3.857142857142857,3,Karir Elit
6.0,4.0,5.0,,,4,4.0,,5.0,4,5,,Hubungan Masyarakat,4.0,,,,,4.0,,5.0,Pilihan,,0,4,4,,5.0,5.0,4.0,,,,5.0,0.0,4.142857142857143,4.857142857142857,0,Karir Lintas Jalur
1.0,1.0,4.0,,,3,3.0,,4.0,4,5,,Hubungan Masyarakat,4.0,,,,,1.0,,4.0,Pilihan,,0,4,4,,3.0,4.0,4.0,,,,4.0,0.0,4.0,3.7142857142857144,3,Karir Elit
40.0,10.0,4.0,,Pilihan,4,2.0,,4.0,4,4,,Teknik Sipil S1,4.0,,,,,20.0,,2.0,,,Quantity Surveyor,4,4,,4.0,4.0,4.0,,Pilihan,,4.0,-1.0,4.0,3.4285714285714284,3,Karir Elit
1.0,5.0,5.0,,,4,3.0,,5.0,3,4,,Teknik Sipil S1,3.0,,,,,1.0,,5.0,Pilihan,,0,3,4,,4.0,5.0,4.0,,,,5.0,60.0,3.5714285714285716,4.571428571428571,0,Karir Lintas Jalur
2.0,2.0,5.0,,Pilihan,2,5.0,,5.0,5,5,,Manajemen S1,5.0,,,,,2.0,,5.0,Pilihan,,0,3,1,,5.0,5.0,5.0,,,,5.0,24.0,3.7142857142857144,5.0,2,Karir Tertunda
10.0,6.0,5.0,Pilihan,,5,4.0,,5.0,5,5,,Teknik Elektro S1,5.0,,,,,7.0,,5.0,,,0,5,5,,4.0,4.0,5.0,,,,5.0,0.0,5.0,4.571428571428571,3,Karir Elit
2.0,2.0,5.0,,,4,5.0,,5.0,4,4,,Teknik Elektro S1,4.0,,,,,2.0,,5.0,,,0,4,4,Pilihan,5.0,5.0,4.0,,,,5.0,6.0,4.0,5.0,3,Karir Elit
1.0,1.0,4.0,,,4,3.0,,4.0,4,4,,Desain Komunikasi Visual S1,4.0,Pilihan,,,,1.0,,4.0,,,0,4,4,,4.0,4.0,4.0,,,,4.0,30.0,4.0,3.857142857142857,3,Karir Elit
10.0,4.0,4.0,,,4,4.0,,5.0,4,2,,Teknik Elektro S1,1.0,,,,,4.0,,4.0,,,0,1,4,Pilihan,5.0,4.0,4.0,,,,4.0,6.0,2.857142857142857,4.285714285714286,3,Karir Elit
5.0,2.0,3.0,,,3,3.0,,5.0,3,4,,Teknik Informatika S1,3.0,,,,Pilihan,2.0,,4.0,,,BNSP Junior Web Developer,3,3,Pilihan,3.0,4.0,4.0,,,,4.0,48.0,3.2857142857142856,3.7142857142857144,2,Karir Tertunda
8.0,5.0,4.0,,Pilihan,3,4.0,,4.0,3,3,,Desain Komunikasi Visual S1,4.0,,,,,8.0,,4.0,,,0,3,3,,5.0,4.0,3.0,,,,4.0,1.0,3.142857142857143,4.142857142857143,0,Karir Lintas Jalur
1.0,1.0,5.0,Pilihan,,5,5.0,,5.0,5,5,,Desain Komunikasi Visual S1,5.0,,,,,1.0,,5.0,,,Desainer Grafis Junior,5,5,,5.0,5.0,5.0,,Pilihan,,5.0,12.0,5.0,5.0,1,Karir Linear
7.0,5.0,4.0,Pilihan,,3,4.0,,5.0,3,3,,Manajemen S1,3.0,,,,Pilihan,5.0,,5.0,,,"Sertifikasi Supervisor Rekrutmen dan Seleksi Sumber Daya Manusia dari Lembaga Sertifikasi Profesi Universitas Mercu Buana, masa berlaku sampai dengan tahun 2026",3,3,Pilihan,4.0,5.0,3.0,Pilihan,Pilihan,,5.0,6.0,3.0,4.571428571428571,0,Karir Lintas Jalur
50.0,20.0,4.0,Pilihan,Pilihan,4,3.0,,5.0,4,4,,Manajemen S1,4.0,,,,,20.0,,4.0,,,LSP Manajemen Keuangan dari Lembaga TUV Rheinland Group,3,4,Pilihan,4.0,4.0,3.0,,Pilihan,,4.0,3.0,3.7142857142857144,4.0,1,Karir Linear
15.0,8.0,5.0,Pilihan,,4,5.0,,5.0,4,4,,Teknik Industri S1,4.0,,,,,10.0,,5.0,,,PERANCABGAN,4,4,,5.0,5.0,4.0,,,,5.0,12.0,4.0,5.0,0,Karir Lintas Jalur
20.0,8.0,5.0,,,5,4.0,,5.0,5,5,,Akuntansi S1,5.0,Pilihan,,,,7.0,,5.0,,,0,5,5,Pilihan,4.0,5.0,5.0,,,,5.0,3.0,5.0,4.714285714285714,3,Karir Elit
11.0,0.0,4.0,Pilihan,,5,3.0,,5.0,5,5,,Akuntansi S1,5.0,,,,,0.0,,5.0,,,0,5,5,Pilihan,4.0,5.0,5.0,,Pilihan,,4.0,-6.0,5.0,4.285714285714286,1,Karir Linear
4.0,4.0,5.0,,,5,4.0,,5.0,5,5,,Akuntansi S1,5.0,,,,,4.0,,5.0,,,Belum ada,5,5,,5.0,5.0,5.0,,,,5.0,0.0,5.0,4.857142857142857,1,Karir Linear
30.0,20.0,5.0,,Pilihan,5,5.0,,5.0,5,5,,Akuntansi S1,5.0,Pilihan,,,,25.0,,5.0,,,0,5,5,,5.0,5.0,5.0,,,,5.0,1.0,5.0,5.0,1,Karir Linear
5.0,5.0,5.0,,Pilihan,5,4.0,,5.0,5,5,,Manajemen S1,5.0,,,,Pilihan,5.0,,5.0,,,0,5,5,,5.0,5.0,5.0,,,,5.0,6.0,5.0,4.857142857142857,3,Karir Elit
1.0,1.0,3.0,Pilihan,,3,3.0,,4.0,3,3,,Teknik Sipil S1,3.0,,,,,1.0,,4.0,,,0,3,3,,3.0,3.0,3.0,,,,4.0,12.0,3.0,3.4285714285714284,0,Karir Lintas Jalur
50.0,5.0,5.0,,,5,4.0,,5.0,5,5,,Teknik Sipil S1,5.0,Pilihan,,,,15.0,,5.0,,,Lembaga sertifikasi profesi manger lapangan pelaksanaan pekerjaan gedung,5,5,,4.0,5.0,5.0,,,,5.0,-12.0,5.0,4.714285714285714,0,Karir Lintas Jalur
5.0,4.0,4.0,,,4,2.0,,4.0,5,4,,Teknik Informatika S1,5.0,,,,,7.0,,3.0,,,1. BNSP,2,3,Pilihan,3.0,4.0,4.0,,,,3.0,6.0,3.857142857142857,3.2857142857142856,3,Karir Elit
1.0,1.0,4.0,,,3,4.0,,3.0,3,3,,Teknik Informatika S1,4.0,,,,,1.0,,3.0,,,0,4,3,Pilihan,4.0,4.0,4.0,,,,4.0,24.0,3.4285714285714284,3.7142857142857144,2,Karir Tertunda
50.0,40.0,5.0,,,4,5.0,,5.0,5,4,,Teknik Elektro S1,1.0,Pilihan,,,,45.0,,5.0,,,0,1,3,Pilihan,5.0,5.0,1.0,Pilihan,,,5.0,168.0,2.7142857142857144,5.0,3,Karir Elit
12.0,1.0,4.0,Pilihan,,4,3.0,,4.0,4,4,,Arsitektur S1,4.0,,,,Pilihan,1.0,,4.0,,,0,4,4,Pilihan,4.0,4.0,4.0,,Pilihan,Pilihan,4.0,8.0,4.0,3.857142857142857,0,Karir Lintas Jalur
10.0,6.0,5.0,,,5,5.0,,5.0,5,5,,Teknik Mesin S1,5.0,,,Pilihan,,6.0,Pilihan,5.0,,,0,5,5,,5.0,5.0,5.0,,,,5.0,1.0,5.0,5.0,0,Karir Lintas Jalur
1.0,1.0,5.0,,,4,4.0,,5.0,4,5,,Akuntansi S1,5.0,,,,,1.0,,5.0,,,"Sertifikasi brevet A dan B, Sertifikat Accurate, Sertifikat English by LIA",5,4,,4.0,5.0,5.0,,,Pilihan,5.0,0.0,4.571428571428571,4.714285714285714,3,Karir Elit
0.0,0.0,4.0,,,2,4.0,,4.0,3,3,,Periklanan,3.0,,,,,0.0,,4.0,,,0,3,2,,3.0,4.0,3.0,,,Pilihan,3.0,0.0,2.7142857142857144,3.7142857142857144,0,Karir Lintas Jalur
50.0,2.0,5.0,,,4,4.0,,5.0,5,5,,Sistem Informasi S1,4.0,,,,,4.0,,4.0,,,0,4,4,Pilihan,4.0,5.0,4.0,,,,5.0,-3.0,4.285714285714286,4.571428571428571,1,Karir Linear
150.0,50.0,5.0,Pilihan,,5,5.0,,5.0,5,5,,Sistem Informasi S1,5.0,Pilihan,,,,80.0,,5.0,,,"BNSP, PL/SQL Oracle, Primavera P6",5,5,Pilihan,5.0,5.0,5.0,,Pilihan,Pilihan,5.0,-3.0,5.0,5.0,0,Karir Lintas Jalur
2.0,2.0,4.0,,Pilihan,3,4.0,,5.0,3,3,,Teknik Elektro S1,3.0,,,,,2.0,,4.0,,,0,3,2,,5.0,5.0,3.0,,,,5.0,12.0,2.857142857142857,4.571428571428571,3,Karir Elit
50.0,3.0,4.0,Pilihan,,4,4.0,,4.0,4,5,,Teknik Mesin S1,4.0,Pilihan,,,Pilihan,5.0,,4.0,,,0,4,5,Pilihan,3.0,4.0,4.0,,,,4.0,0.0,4.285714285714286,3.857142857142857,3,Karir Elit
10.0,10.0,5.0,,,4,5.0,,5.0,4,5,,Hubungan Masyarakat,5.0,,,,,10.0,,5.0,,,0,5,4,,5.0,5.0,5.0,,,,4.0,0.0,4.571428571428571,4.857142857142857,1,Karir Linear
0.0,0.0,4.0,,,4,4.0,,5.0,4,4,,Teknik Elektro S1,3.0,,,,,0.0,,4.0,,,Belum diambil,4,3,,3.0,4.0,3.0,,,,4.0,0.0,3.5714285714285716,4.0,0,Karir Lintas Jalur
200.0,25.0,4.0,,,3,3.0,,4.0,3,4,,Psikologi S1,3.0,,,,,30.0,,5.0,,,BNSP - Supervisor Pelatihan dan Pengembangan SDM,3,2,,3.0,5.0,5.0,,,,5.0,0.0,3.2857142857142856,4.142857142857143,1,Karir Linear
5.0,2.0,5.0,Pilihan,,5,3.0,,4.0,5,5,,Teknik Informatika S1,4.0,Pilihan,,,Pilihan,3.0,,5.0,,,0,5,5,Pilihan,5.0,5.0,5.0,Pilihan,Pilihan,,5.0,-6.0,4.857142857142857,4.571428571428571,0,Karir Lintas Jalur
0.0,0.0,3.0,,,3,2.0,,5.0,4,5,,Desain Komunikasi Visual S1,5.0,,,,,0.0,,3.0,,,desainer grafis junior,5,5,,3.0,3.0,5.0,,,,3.0,0.0,4.571428571428571,3.142857142857143,0,Karir Lintas Jalur
1.0,1.0,5.0,,,5,4.0,,5.0,5,5,,Sistem Informasi S1,5.0,,,,,1.0,Pilihan,5.0,,,0,5,5,,5.0,5.0,5.0,,,,5.0,36.0,5.0,4.857142857142857,2,Karir Tertunda
5.0,5.0,4.0,,,4,3.0,,4.0,4,4,,Teknik Elektro S1,3.0,,,,,5.0,,4.0,,,Kualifikasi 6 Bidang Otomasi Industri,3,3,Pilihan,4.0,4.0,3.0,,Pilihan,,4.0,6.0,3.4285714285714284,3.857142857142857,1,Karir Linear
20.0,3.0,5.0,Pilihan,,5,4.0,,5.0,5,5,,Desain Komunikasi Visual S1,5.0,,,,,5.0,,4.0,,,0,5,5,,5.0,5.0,5.0,,,Pilihan,5.0,48.0,5.0,4.714285714285714,2,Karir Tertunda
1.0,1.0,5.0,,,5,3.0,,5.0,5,5,,Teknik Elektro S1,5.0,,,,,1.0,,5.0,Pilihan,,Sertifikat profesi Kualifikasi 6 Bidang Otomasi Industri 2026,5,5,,5.0,3.0,5.0,,,,5.0,0.0,5.0,4.428571428571429,1,Karir Linear
1.0,1.0,4.0,,,4,4.0,,4.0,4,4,,Arsitektur S1,4.0,,,,,1.0,,4.0,,,0,4,4,,4.0,4.0,4.0,,,Pilihan,4.0,24.0,4.0,4.0,2,Karir Tertunda
0.0,0.0,4.0,Pilihan,,4,4.0,,4.0,4,2,,Teknik Informatika S1,3.0,,,,Pilihan,0.0,,4.0,,,0,3,3,Pilihan,4.0,3.0,3.0,,Pilihan,,3.0,3.0,3.142857142857143,3.7142857142857144,0,Karir Lintas Jalur
2.0,1.0,3.0,,,4,2.0,,5.0,4,4,,Teknik Mesin S1,4.0,,,,,1.0,,4.0,,,"Basic Coating Inspector Level I
Expires July 15, 2027",5,4,,3.0,5.0,4.0,,,,5.0,0.0,4.142857142857143,3.857142857142857,3,Karir Elit
3.0,3.0,5.0,,,5,4.0,,5.0,5,5,,Teknik Industri S1,5.0,,,,,3.0,,5.0,,,0,5,5,Pilihan,5.0,5.0,5.0,,,,5.0,6.0,5.0,4.857142857142857,1,Karir Linear
1.0,1.0,5.0,Pilihan,,4,3.0,,4.0,4,3,,Teknik Informatika S1,3.0,,,,,1.0,,3.0,,,"CCNA, JNCIA, ACA, ACNSA, NSE 1-2, MTCNA, Software Engineer BNSP, AASP, AASX",3,2,,5.0,4.0,3.0,,,,4.0,48.0,3.142857142857143,4.0,2,Karir Tertunda
0.0,0.0,4.0,Pilihan,Pilihan,3,4.0,,4.0,4,4,,Psikologi S1,4.0,,,,,0.0,,4.0,,,0,3,4,,4.0,4.0,4.0,Pilihan,,Pilihan,4.0,-1.0,3.7142857142857144,4.0,1,Karir Linear
12.0,6.0,5.0,,,4,4.0,,5.0,5,5,,Teknik Mesin S1,4.0,,,,,12.0,,5.0,,,0,4,5,,5.0,5.0,5.0,Pilihan,,,5.0,-1.0,4.571428571428571,4.857142857142857,3,Karir Elit
50.0,15.0,4.0,,,3,4.0,,4.0,4,4,,Penyiaran,4.0,,,,,30.0,,4.0,,,Sertifikasi Asisten Produser Televisi,2,2,Pilihan,4.0,3.0,2.0,Pilihan,Pilihan,Pilihan,3.0,12.0,3.0,3.7142857142857144,0,Karir Lintas Jalur
1.0,1.0,5.0,Pilihan,,4,5.0,,5.0,4,4,,Manajemen S1,4.0,,,,,1.0,,5.0,,,Sertifikat Kompetensi Supervisor Rekrutmen & Seleksi Sumber Daya Manusia dari Lembaga Sertifikasi Profesi Universitas Mercu Buana berlaku sampai dengan 2 Agustus 2026,4,4,,5.0,5.0,4.0,,,,5.0,6.0,4.0,5.0,1,Karir Linear
2.0,2.0,5.0,Pilihan,,5,4.0,,4.0,5,5,,Manajemen S1,5.0,,,,,2.0,,5.0,,,Sertifikat profesi Finance Management dari TUV Rheinland,5,5,,5.0,5.0,5.0,,,,5.0,48.0,5.0,4.714285714285714,2,Karir Tertunda
30.0,20.0,5.0,Pilihan,Pilihan,5,5.0,Pilihan,5.0,5,5,Pilihan,Teknik Sipil S1,5.0,Pilihan,Pilihan,Pilihan,Pilihan,20.0,Pilihan,5.0,Pilihan,Pilihan,Sertifikasi Tenaga Kerja Konstruksi Melalui Lsp Ataki 0,5,5,Pilihan,5.0,5.0,5.0,Pilihan,Pilihan,Pilihan,5.0,12.0,5.0,5.0,0,Karir Lintas Jalur
80.0,10.0,4.0,Pilihan,,3,4.0,,5.0,4,4,,Akuntansi S1,3.0,,,Pilihan,,20.0,,3.0,,,0,4,2,Pilihan,4.0,4.0,4.0,Pilihan,,,4.0,6.0,3.4285714285714284,4.0,1,Karir Linear
37.0,3.0,4.0,,,2,4.0,,4.0,2,3,,Sistem Informasi S1,4.0,,,,,5.0,Pilihan,5.0,,,0,4,2,,3.0,4.0,2.0,,,,4.0,-2.0,2.7142857142857144,4.0,0,Karir Lintas Jalur
5.0,3.0,5.0,,Pilihan,4,3.0,,5.0,4,4,,Teknik Elektro S1,2.0,,,Pilihan,,3.0,Pilihan,5.0,,,Nokia Routing Specialist (NRS-1),4,5,Pilihan,5.0,5.0,4.0,,,,5.0,18.0,3.857142857142857,4.714285714285714,1,Karir Linear
6.0,2.0,4.0,,Pilihan,2,4.0,,4.0,3,3,,Sistem Informasi S1,2.0,,,,,4.0,,3.0,,,0,2,2,Pilihan,4.0,5.0,2.0,,Pilihan,,4.0,19.0,2.2857142857142856,4.0,0,Karir Lintas Jalur
3.0,2.0,5.0,Pilihan,Pilihan,4,4.0,,5.0,4,5,,Sistem Informasi S1,3.0,,,,,2.0,,4.0,,,"Sertifikasi Profesi Software Engineer (BNSP LSP Mercu Buana)
Sertifikasi CCNA",2,2,,5.0,3.0,3.0,,,,4.0,48.0,3.2857142857142856,4.285714285714286,2,Karir Tertunda
15.0,2.0,4.0,,,4,4.0,,4.0,4,4,,Teknik Sipil S1,4.0,,,,,2.0,,4.0,,,"SKK Pengawas Pekerjaan Struktur Bangunan Gedung 
Masa berlaku : 21 April 2029",4,4,,4.0,4.0,4.0,,,,4.0,0.0,4.0,4.0,3,Karir Elit
100.0,10.0,5.0,Pilihan,,5,5.0,,5.0,5,5,,Teknik Mesin S1,5.0,,,,,20.0,,5.0,,,Junior Mechanical Engineering Construction,5,5,,5.0,5.0,5.0,,,,5.0,-1.0,5.0,5.0,1,Karir Linear
30.0,2.0,5.0,Pilihan,Pilihan,2,5.0,,5.0,2,2,,Teknik Elektro S1,4.0,,,,,2.0,,5.0,,,"- Sertifikasi Pelatihan Prakerja Tentang Otomasi Industri

- Sertifikasi Kompetensi Kualifikasi 6 Bidang Otomasi Industri",2,2,,4.0,5.0,4.0,,Pilihan,,5.0,1.0,2.5714285714285716,4.857142857142857,0,Karir Lintas Jalur
25.0,3.0,5.0,,Pilihan,5,3.0,,5.0,5,5,,Desain Komunikasi Visual S1,5.0,,,,Pilihan,5.0,,4.0,,,"Sertifikasi Profesi Desainer Grafis Junior dari Lembaga Sertifikasi Profesi Universitas Mercu Buana, 2024-2027",5,5,Pilihan,5.0,5.0,5.0,,Pilihan,,5.0,7.0,5.0,4.571428571428571,1,Karir Linear
10.0,2.0,4.0,,,4,3.0,,4.0,5,4,,Manajemen S1,4.0,,,,,5.0,,4.0,,,0,4,4,,5.0,4.0,4.0,,,,5.0,0.0,4.142857142857143,4.142857142857143,0,Karir Lintas Jalur
100.0,20.0,4.0,Pilihan,,4,4.0,Pilihan,4.0,4,4,,Teknik Sipil S1,4.0,Pilihan,,Pilihan,,50.0,,4.0,,Pilihan,Pengawas Pekerjaan Struktur Bangunan Gedung Utama,4,4,Pilihan,4.0,4.0,4.0,Pilihan,Pilihan,,4.0,-5.0,4.0,4.0,1,Karir Linear
0.0,0.0,5.0,Pilihan,,5,3.0,,4.0,4,5,,Desain Komunikasi Visual S1,5.0,,,,,0.0,,4.0,,,Desainer Grafis Junior,4,3,,5.0,5.0,5.0,,,,5.0,108.0,4.428571428571429,4.428571428571429,1,Karir Linear
10.0,5.0,4.0,Pilihan,,5,3.0,,4.0,3,5,,Arsitektur S1,5.0,,,,,10.0,,4.0,,,0,5,5,,4.0,4.0,5.0,,,,4.0,1.0,4.714285714285714,3.857142857142857,0,Karir Lintas Jalur
1.0,1.0,5.0,,Pilihan,5,5.0,,5.0,5,5,,Teknik Elektro S1,5.0,,,,,1.0,,5.0,,,0,5,5,,5.0,5.0,5.0,,,,5.0,1.0,5.0,5.0,3,Karir Elit
45.0,10.0,5.0,,,4,4.0,,5.0,4,5,,Teknik Informatika S1,4.0,,,,,15.0,,5.0,,,Junior Web Developer - BNSP,5,5,Pilihan,5.0,5.0,5.0,,,,5.0,4.0,4.571428571428571,4.857142857142857,0,Karir Lintas Jalur
50.0,5.0,4.0,,Pilihan,4,4.0,,4.0,5,4,,Teknik Mesin S1,4.0,Pilihan,,,,10.0,Pilihan,4.0,,,"Seritifkasi profesi Mechanical Maintenance Junior Engineer dari Lembaga Sertifikasi Profesi, 3 tahun",4,4,,4.0,3.0,5.0,,Pilihan,Pilihan,4.0,6.0,4.285714285714286,3.857142857142857,1,Karir Linear
2.0,2.0,4.0,Pilihan,,4,4.0,,4.0,5,5,,Teknik Industri S1,4.0,,,,,2.0,,4.0,,,"Perancangan Produk dan Proses Manufaktur dari LSP
Perancangan Sistem Manufaktur dari LSP",4,4,,4.0,4.0,4.0,,Pilihan,,4.0,24.0,4.285714285714286,4.0,2,Karir Tertunda
5.0,3.0,5.0,,,5,5.0,,5.0,5,5,,Teknik Sipil S1,5.0,,,,,3.0,,5.0,,,Sertifikasi LSP Pelaksanna Lapangan,5,5,,5.0,5.0,5.0,Pilihan,Pilihan,,5.0,1.0,5.0,5.0,1,Karir Linear
20.0,10.0,5.0,,,2,3.0,,5.0,5,4,,Teknik Informatika S1,5.0,,,,,10.0,,3.0,,,0,2,2,Pilihan,3.0,5.0,3.0,,,,3.0,6.0,3.2857142857142856,3.857142857142857,3,Karir Elit
25.0,2.0,5.0,,,5,4.0,,5.0,5,5,,Teknik Mesin S1,5.0,Pilihan,,,,10.0,,5.0,,,Mechanical Maintenance Junior Engineer,5,5,Pilihan,5.0,5.0,5.0,,,,5.0,3.0,5.0,4.857142857142857,3,Karir Elit
45.0,5.0,4.0,,,3,2.0,,5.0,3,2,Pilihan,Desain Komunikasi Visual S1,4.0,,,,,15.0,,5.0,,,Junior Desain Grafis,4,2,Pilihan,4.0,4.0,4.0,,Pilihan,Pilihan,5.0,2.0,3.142857142857143,4.142857142857143,1,Karir Linear
2.0,4.0,3.0,,,5,3.0,,5.0,3,4,,Hubungan Masyarakat,5.0,,,,,2.0,,5.0,,,0,4,5,Pilihan,4.0,4.0,5.0,,,,5.0,48.0,4.428571428571429,4.142857142857143,2,Karir Tertunda
30.0,5.0,4.0,Pilihan,,4,3.0,,4.0,4,4,,Komunikasi Digital,4.0,,,,,10.0,,4.0,,,Sertifikasi Desainer Konten Visual Junior,4,3,,4.0,4.0,4.0,,,,4.0,-1.0,3.857142857142857,3.857142857142857,1,Karir Linear
30.0,2.0,4.0,Pilihan,Pilihan,4,4.0,,5.0,5,5,,Hubungan Masyarakat,4.0,,,,,5.0,,5.0,,,Sertifikasi BNSP Public Relations Skema Sertifikasi Klaster Melaksanakan Komunikasi dengan Pemangku Kepentingan,3,4,Pilihan,4.0,4.0,3.0,,Pilihan,Pilihan,5.0,1.0,4.0,4.428571428571429,1,Karir Linear
0.0,0.0,5.0,,,3,4.0,,5.0,4,3,,Akuntansi S1,3.0,,,,,0.0,,5.0,,,Certified Accurate Professional berlaku 3 tahun sejak 6 Oktober 2023,4,3,,3.0,5.0,4.0,,,,5.0,0.0,3.4285714285714284,4.571428571428571,0,Karir Lintas Jalur
10.0,2.0,5.0,,,4,5.0,,5.0,4,4,,Hubungan Masyarakat,4.0,,,Pilihan,,4.0,Pilihan,5.0,,,Sertifikasi Profesi BNSP (2024-2027),4,4,Pilihan,5.0,5.0,4.0,,,,5.0,-12.0,4.0,5.0,0,Karir Lintas Jalur
3.0,3.0,4.0,,,3,3.0,,4.0,4,3,,Psikologi S1,4.0,Pilihan,,,,3.0,,4.0,,,LSP Sumber Daya Manusia dan Rekrutment,4,3,,4.0,4.0,4.0,,,,4.0,24.0,3.5714285714285716,3.857142857142857,3,Karir Elit
3.0,0.0,4.0,Pilihan,,4,3.0,,5.0,5,5,,Teknik Mesin S1,4.0,Pilihan,,Pilihan,,0.0,,4.0,,,0,5,4,Pilihan,4.0,4.0,5.0,,Pilihan,,5.0,6.0,4.571428571428571,4.142857142857143,1,Karir Linear
25.0,3.0,4.0,Pilihan,,3,3.0,,4.0,4,4,,Hubungan Masyarakat,4.0,,,,,5.0,,4.0,,,"Sertifikasi Kompetensi Memproduksi Konten Kehumasan dari Lembaga Sertifikasi Profesi, valid for 3 years.",2,2,Pilihan,4.0,4.0,2.0,,,,4.0,1.0,3.0,3.857142857142857,1,Karir Linear
0.0,0.0,5.0,Pilihan,,4,2.0,,5.0,5,3,,Hubungan Masyarakat,5.0,,,,,0.0,,4.0,,,0,4,3,,4.0,4.0,3.0,,,,5.0,-7.0,3.857142857142857,4.142857142857143,1,Karir Linear
10.0,0.0,4.0,Pilihan,,3,3.0,,4.0,5,4,Pilihan,Komunikasi Digital,4.0,,,,,2.0,,4.0,,,Sertifikasi profesi Desain Konten Visual Junior,2,2,Pilihan,4.0,4.0,3.0,,,,4.0,-3.0,3.2857142857142856,3.857142857142857,1,Karir Linear
4.0,4.0,5.0,,Pilihan,4,5.0,,5.0,4,4,,Hubungan Masyarakat,4.0,,,,,4.0,,5.0,,,0,4,4,,5.0,5.0,4.0,,,,5.0,1.0,4.0,5.0,0,Karir Lintas Jalur
5.0,2.0,5.0,Pilihan,,5,5.0,,5.0,5,5,,Periklanan,5.0,,,,,5.0,,5.0,,,0,5,5,,4.0,5.0,5.0,,,,5.0,0.0,5.0,4.857142857142857,1,Karir Linear
50.0,7.0,3.0,Pilihan,,5,3.0,,4.0,5,5,,Psikologi S1,5.0,,,,,7.0,,2.0,,,0,5,5,Pilihan,3.0,3.0,5.0,,,,3.0,12.0,5.0,3.0,0,Karir Lintas Jalur
6.0,2.0,4.0,Pilihan,,5,3.0,,4.0,5,5,,Teknik Sipil S1,5.0,Pilihan,,,,4.0,,5.0,,,0,5,5,Pilihan,5.0,4.0,5.0,,,,4.0,0.0,5.0,4.142857142857143,3,Karir Elit
100.0,30.0,5.0,,,4,5.0,,5.0,4,4,,Sistem Informasi S1,4.0,,,,,100.0,,5.0,,,BNSP,4,4,Pilihan,5.0,5.0,4.0,,,,5.0,2.0,4.0,5.0,3,Karir Elit
1.0,1.0,5.0,,Pilihan,4,4.0,,5.0,4,5,,Penyiaran,4.0,,,,,1.0,,5.0,,,0,4,4,,4.0,5.0,5.0,,,,5.0,36.0,4.285714285714286,4.714285714285714,0,Karir Lintas Jalur
50.0,10.0,5.0,,,3,5.0,,5.0,4,4,,Akuntansi S1,3.0,,,,,10.0,Pilihan,5.0,,,Brevet A & B,3,3,Pilihan,5.0,5.0,4.0,,,,5.0,3.0,3.4285714285714284,5.0,1,Karir Linear
60.0,7.0,5.0,,,5,4.0,,5.0,5,3,,Sistem Informasi S1,5.0,,,,,5.0,,4.0,,,0,5,4,Pilihan,5.0,4.0,4.0,,,Pilihan,4.0,2.0,4.428571428571429,4.428571428571429,1,Karir Linear
50.0,10.0,5.0,Pilihan,,5,4.0,,5.0,5,5,,Teknik Informatika S1,4.0,,,,,20.0,,5.0,,,"Perekayasa Perangkat Lunak - Software Engineer, Diterbitkan Mei 2024 Kedaluwarsa Mei 2027",5,5,Pilihan,4.0,5.0,5.0,,,,5.0,12.0,4.857142857142857,4.714285714285714,0,Karir Lintas Jalur
12.0,3.0,4.0,,,4,3.0,,3.0,5,3,,Teknik Mesin S1,3.0,,,,,3.0,,4.0,,,"Sertifikat Macining, Tofel, dan keahlian paiping",3,3,Pilihan,4.0,4.0,2.0,,,Pilihan,4.0,6.0,3.2857142857142856,3.7142857142857144,0,Karir Lintas Jalur
20.0,2.0,4.0,Pilihan,,3,4.0,,5.0,3,4,,Manajemen S1,5.0,,,,,5.0,,4.0,,,0,4,4,Pilihan,4.0,3.0,4.0,,,,4.0,-1.0,3.857142857142857,4.0,0,Karir Lintas Jalur
100.0,30.0,5.0,,,5,3.0,,5.0,5,5,,Teknik Elektro S1,5.0,,,,,30.0,,4.0,,,0,5,5,Pilihan,4.0,5.0,5.0,,,,4.0,36.0,5.0,4.285714285714286,3,Karir Elit
5.0,0.0,3.0,Pilihan,,4,2.0,,5.0,5,5,,Hubungan Masyarakat,5.0,Pilihan,,,,1.0,,5.0,,,Sertifikasi profesi konten kehumasan dari lembaga sertifikasi profesi,4,5,,4.0,4.0,5.0,,,,5.0,-1.0,4.714285714285714,4.0,1,Karir Linear
10.0,2.0,4.0,,,4,3.0,,5.0,4,5,,Akuntansi S1,4.0,,,,,3.0,,5.0,,,0,3,4,Pilihan,4.0,5.0,4.0,,,,5.0,48.0,4.0,4.428571428571429,2,Karir Tertunda
5.0,3.0,4.0,,,3,3.0,,5.0,3,3,,Teknik Informatika S1,3.0,Pilihan,,,,4.0,Pilihan,4.0,,,Junior Web,3,3,Pilihan,3.0,4.0,3.0,,,,4.0,-6.0,3.0,3.857142857142857,0,Karir Lintas Jalur
10.0,2.0,4.0,,,4,3.0,,4.0,4,4,,Teknik Elektro S1,4.0,,,,Pilihan,3.0,,4.0,,,BNSP,4,4,,4.0,4.0,4.0,,,Pilihan,4.0,12.0,4.0,3.857142857142857,1,Karir Linear
0.0,0.0,4.0,,,2,3.0,,4.0,5,4,,Manajemen S1,2.0,,,,,0.0,,4.0,,,Sertifikasi Kompetensi Manajemen Sumber Daya Manusia dari LSP AHS Manajemen,4,3,,4.0,4.0,3.0,,,,4.0,0.0,3.2857142857142856,3.857142857142857,3,Karir Elit
4.0,4.0,5.0,Pilihan,,4,5.0,,5.0,4,4,,Teknik Mesin S1,4.0,,,,,4.0,,5.0,,,"BOSIET, H2S",4,4,,4.0,4.0,4.0,,,,5.0,2.0,4.0,4.714285714285714,3,Karir Elit
50.0,20.0,5.0,Pilihan,,5,5.0,,5.0,5,5,,Manajemen S1,5.0,Pilihan,,,,20.0,Pilihan,5.0,,,Sertifikat Kompetensi Manajemen Sumberdaya Manusia dari BNSP 09-12-2025,5,5,Pilihan,5.0,5.0,4.0,,Pilihan,,5.0,6.0,4.857142857142857,5.0,0,Karir Lintas Jalur
0.0,0.0,5.0,,,3,4.0,,5.0,3,3,,Teknik Sipil S1,3.0,,,,,0.0,,5.0,,,Sertifikat Jasa Konstruksi Manajer Lapangan Pelaksanaan Pekerjaan Gedung,3,3,,5.0,4.0,3.0,,,,5.0,0.0,3.0,4.714285714285714,0,Karir Lintas Jalur
38.0,11.0,3.0,Pilihan,,3,3.0,,4.0,3,3,,Manajemen S1,3.0,,,,,23.0,,3.0,,,Sertifikat Kompetesnsi (BNSP) dengan skema Memberikan Layanan Konsultasi Pemasaran dan berlaku selama 3 tahun,3,2,,3.0,3.0,3.0,,,,3.0,-8.0,2.857142857142857,3.142857142857143,0,Karir Lintas Jalur
100.0,5.0,4.0,Pilihan,,4,3.0,Pilihan,5.0,5,5,,Akuntansi S1,3.0,Pilihan,,,,10.0,,5.0,,,Brevet AB,5,4,Pilihan,4.0,4.0,5.0,Pilihan,,,5.0,3.0,4.428571428571429,4.285714285714286,1,Karir Linear
10.0,1.0,5.0,Pilihan,,4,5.0,,5.0,4,3,,Manajemen S1,2.0,,,,,3.0,,5.0,,,Sertifikasi Profesi Financial Management dari TUVRheinland Indonesia,3,3,Pilihan,4.0,5.0,3.0,,,,5.0,12.0,3.142857142857143,4.857142857142857,1,Karir Linear
15.0,4.0,2.0,,Pilihan,3,4.0,,4.0,3,3,,Teknik Mesin S1,3.0,Pilihan,,Pilihan,,4.0,,2.0,,,0,3,3,Pilihan,4.0,4.0,3.0,,Pilihan,,2.0,6.0,3.0,3.142857142857143,3,Karir Elit
1.0,2.0,4.0,,Pilihan,4,4.0,,5.0,4,4,,Akuntansi S1,4.0,,,,,1.0,,5.0,,,0,4,4,,5.0,5.0,4.0,,,,5.0,0.0,4.0,4.714285714285714,3,Karir Elit
80.0,20.0,4.0,,,4,4.0,,4.0,4,4,,Teknik Mesin S1,4.0,Pilihan,,,,20.0,,4.0,,,0,4,4,Pilihan,4.0,4.0,4.0,,,,4.0,1.0,4.0,4.0,1,Karir Linear
3.0,3.0,5.0,Pilihan,Pilihan,5,4.0,,5.0,5,5,Pilihan,Teknik Mesin S1,5.0,Pilihan,Pilihan,,Pilihan,3.0,,5.0,,,Load heating ac_Daikin,5,4,Pilihan,5.0,5.0,4.0,,Pilihan,,5.0,1.0,4.714285714285714,4.857142857142857,1,Karir Linear
15.0,5.0,5.0,,Pilihan,4,4.0,,5.0,4,4,,Manajemen S1,4.0,,,,,5.0,,5.0,,,TUV Human capital dan Leadership,4,4,Pilihan,5.0,5.0,4.0,,,,5.0,8.0,4.0,4.857142857142857,3,Karir Elit
0.0,0.0,3.0,,Pilihan,3,3.0,,4.0,4,4,,Teknik Sipil S1,4.0,,,,,0.0,Pilihan,4.0,,,tidak ada,4,4,,4.0,4.0,4.0,Pilihan,,,4.0,12.0,3.857142857142857,3.7142857142857144,3,Karir Elit
1.0,1.0,4.0,,,4,4.0,,5.0,4,5,,Manajemen S1,5.0,,,,Pilihan,1.0,,4.0,,,Sertifikat BNSP Lembaga Sertifikasi Profesi AHS Manajemen dengan kualifikasi HR Administration Staff,5,5,,4.0,4.0,5.0,,,,5.0,12.0,4.714285714285714,4.285714285714286,3,Karir Elit
10.0,3.0,5.0,Pilihan,,5,3.0,,5.0,5,5,,Teknik Sipil S1,5.0,,,,,5.0,,5.0,,,0,5,5,Pilihan,5.0,5.0,5.0,,,,5.0,8.0,5.0,4.714285714285714,0,Karir Lintas Jalur
1.0,1.0,5.0,,,3,5.0,,5.0,3,3,,Teknik Elektro S1,4.0,,,,,1.0,,5.0,Pilihan,,"Sertifikasi kompetensi ketenagalistrikan dari lembaga sertifikasi PLN, berlaku 2024-2029",4,4,,5.0,5.0,3.0,,,,5.0,18.0,3.4285714285714284,5.0,3,Karir Elit
1.0,1.0,5.0,Pilihan,Pilihan,4,4.0,,5.0,5,5,,Teknik Informatika S1,5.0,Pilihan,,Pilihan,,1.0,,5.0,,,"CCNA CyberOps Associate - 1 April 2022
CCNAv7: Introduction to Networks - 6 agustus 2021
CCNAv7: Switching, Routing, and Wireless Essentials - 11 Januari 2022
CCNA:Networking Essentials - 31 Maret 2022
CCNA Security - 1 April 2022
ORACLE ACADEMY:Database Design - 2 April 2021 
SURAT PENCATATAN CIPTAAN (000861934) - Berlaku selama 50 tahun",5,4,Pilihan,5.0,5.0,5.0,Pilihan,Pilihan,Pilihan,5.0,6.0,4.714285714285714,4.857142857142857,3,Karir Elit
5.0,5.0,5.0,,,5,5.0,,5.0,5,5,,Manajemen S1,3.0,,,,,5.0,,5.0,Pilihan,,Sertifikat Profesi Pemasaran dan Pelayanan Pelanggan,3,5,,5.0,5.0,5.0,,,,5.0,5.0,4.428571428571429,5.0,3,Karir Elit
1.0,1.0,5.0,,,3,5.0,,5.0,4,4,,Penyiaran,1.0,,,Pilihan,,1.0,,5.0,,,"Sertifikat uji kompetensi wartawan dari Dewan Pers 

Sertifikat uji kompetensi Mercu Buana",1,3,,5.0,5.0,3.0,,,,5.0,48.0,2.7142857142857144,5.0,1,Karir Linear
50.0,10.0,5.0,Pilihan,,5,4.0,Pilihan,5.0,5,5,,Manajemen S1,5.0,Pilihan,,,,10.0,,5.0,,,Sertifikat profesi Operation Management dari TUV Rheinland,5,5,Pilihan,5.0,5.0,5.0,,,Pilihan,5.0,12.0,5.0,4.857142857142857,0,Karir Lintas Jalur
25.0,4.0,4.0,Pilihan,Pilihan,4,3.0,,4.0,4,4,,Teknik Industri S1,4.0,,,Pilihan,,5.0,,4.0,,,"BNSP : Perancangan Sistem Manufaktur, Perancangan Produk dan Sistem Manufaktur",4,4,Pilihan,4.0,5.0,4.0,Pilihan,Pilihan,,5.0,6.0,4.0,4.142857142857143,1,Karir Linear
0.0,0.0,5.0,,,4,4.0,,5.0,5,5,,Akuntansi S1,5.0,,,,,0.0,,5.0,,,0,5,4,,5.0,5.0,5.0,,,,5.0,0.0,4.714285714285714,4.857142857142857,1,Karir Linear
3.0,3.0,4.0,,,5,3.0,,4.0,5,3,,Teknik Elektro S1,4.0,,,,,3.0,,4.0,,,0,4,4,,4.0,4.0,4.0,,,,4.0,0.0,4.142857142857143,3.857142857142857,1,Karir Linear
1.0,0.0,5.0,,,5,4.0,,5.0,5,5,,Manajemen S1,5.0,,,,,1.0,Pilihan,5.0,,,Sertifikasi sumber daya manusia dari tuv,5,5,,5.0,5.0,5.0,,,,5.0,24.0,5.0,4.857142857142857,3,Karir Elit
10.0,5.0,4.0,,,5,4.0,,4.0,5,5,,Teknik Industri S1,5.0,,,,,8.0,,4.0,,,Perancangan Sistem Manufaktur Perancangan Produk dan Proses Produk,5,5,,4.0,4.0,5.0,,,,4.0,0.0,5.0,4.0,3,Karir Elit
30.0,9.0,4.0,,,5,3.0,,5.0,4,5,,Akuntansi S1,5.0,,,,,12.0,,4.0,,,"Accurate
Toefl",5,4,Pilihan,4.0,4.0,5.0,,,,4.0,12.0,4.714285714285714,4.0,3,Karir Elit
10.0,7.0,5.0,,,4,4.0,,5.0,5,4,,Teknik Sipil S1,4.0,,,,,7.0,,5.0,,,Site Manager For Building Construction Works,4,4,Pilihan,4.0,5.0,4.0,,,Pilihan,5.0,3.0,4.142857142857143,4.714285714285714,1,Karir Linear
10.0,1.0,5.0,,,5,5.0,,5.0,5,5,,Hubungan Masyarakat,5.0,,,,,3.0,Pilihan,5.0,,,0,5,5,Pilihan,5.0,5.0,5.0,,,,5.0,-4.0,5.0,5.0,0,Karir Lintas Jalur
0.0,0.0,5.0,,,4,4.0,,5.0,5,5,,Teknik Sipil S1,4.0,,,,,0.0,,5.0,,,-,4,4,,5.0,5.0,4.0,,,,5.0,0.0,4.285714285714286,4.857142857142857,3,Karir Elit
5.0,1.0,4.0,Pilihan,Pilihan,5,4.0,,5.0,5,5,,Teknik Sipil S1,5.0,,,,,1.0,,5.0,,,Admin Teknik,5,5,,3.0,5.0,5.0,,Pilihan,Pilihan,5.0,-1.0,5.0,4.428571428571429,3,Karir Elit
3.0,1.0,4.0,,,4,4.0,,5.0,4,4,,Teknik Industri S1,4.0,,,,Pilihan,2.0,,5.0,,,0,4,4,,5.0,5.0,4.0,,,,5.0,12.0,4.0,4.714285714285714,1,Karir Linear
5.0,5.0,4.0,Pilihan,,4,5.0,,4.0,4,4,,Teknik Elektro S1,4.0,Pilihan,,Pilihan,,5.0,Pilihan,4.0,,,Otomasi Industri,5,5,Pilihan,4.0,5.0,4.0,,Pilihan,Pilihan,5.0,5.0,4.285714285714286,4.428571428571429,3,Karir Elit
1.0,1.0,5.0,,,5,5.0,,5.0,5,5,Pilihan,Teknik Informatika S1,5.0,,,,,1.0,,5.0,Pilihan,,"Software Enginer, Cloud Computing",5,5,,5.0,5.0,5.0,,,,5.0,36.0,5.0,5.0,3,Karir Elit
0.0,0.0,5.0,,,4,4.0,,5.0,5,5,,Teknik Industri S1,5.0,,,,,0.0,,5.0,,,"Perancangan sistem manufaktur, Perancangan rekayasa industri",5,3,,4.0,5.0,5.0,,,,5.0,0.0,4.571428571428571,4.714285714285714,3,Karir Elit
1.0,1.0,4.0,,,4,4.0,,5.0,4,4,,Teknik Elektro S1,4.0,,,,,1.0,,4.0,,,Sertifikasi profesi JTM,4,4,,4.0,4.0,4.0,,,,4.0,0.0,4.0,4.142857142857143,1,Karir Linear
50.0,7.0,4.0,,,3,3.0,,4.0,3,4,,Desain Komunikasi Visual S1,4.0,,,,,15.0,,3.0,,,Desainer Grafis Junior,4,3,Pilihan,4.0,4.0,3.0,,,,3.0,6.0,3.4285714285714284,3.5714285714285716,1,Karir Linear
30.0,10.0,4.0,,Pilihan,4,3.0,Pilihan,4.0,4,5,,Teknik Elektro S1,3.0,Pilihan,,,Pilihan,10.0,,4.0,,,Kualifikasi 6 Bidang Otomasi Industri,3,4,Pilihan,4.0,4.0,3.0,,Pilihan,,4.0,-6.0,3.7142857142857144,3.857142857142857,3,Karir Elit
1.0,1.0,5.0,,Pilihan,3,4.0,,4.0,4,4,,Teknik Sipil S1,3.0,,,,,1.0,Pilihan,5.0,,,Pelaksana Jalan Beton,3,2,,4.0,4.0,3.0,,Pilihan,Pilihan,4.0,12.0,3.142857142857143,4.285714285714286,3,Karir Elit
20.0,10.0,5.0,Pilihan,Pilihan,5,5.0,,5.0,5,5,,Teknik Sipil S1,5.0,,,,,15.0,,5.0,,,Manajer Lapangan Pelaksanaan Pekerjaan Gedung,5,5,Pilihan,5.0,5.0,5.0,,,,5.0,6.0,5.0,5.0,1,Karir Linear
7.0,7.0,5.0,Pilihan,,5,3.0,,5.0,5,4,,Teknik Sipil S1,4.0,,,,,7.0,,5.0,,,Sertifikat Kompetensi - Pengawas Pekerjaan Struktur Bangunan Gedung Utama Lv.6 (masa berlaku sampai 15 Oktober 2029),4,2,,5.0,5.0,4.0,,,,5.0,84.0,4.0,4.714285714285714,1,Karir Linear
50.0,20.0,4.0,Pilihan,Pilihan,3,4.0,,4.0,3,3,,Teknik Informatika S1,3.0,,,,,20.0,,3.0,,,"CCNA3, PL/SQL Oracle, BNSP Junior web programmer, Workshop, dll",3,3,,4.0,4.0,3.0,,Pilihan,,5.0,12.0,3.0,4.0,0,Karir Lintas Jalur
1.0,1.0,4.0,,,5,3.0,,4.0,5,5,,Teknik Sipil S1,5.0,Pilihan,,,,1.0,,4.0,,,"Sertifikat Kompetensi Pelaksana Pemeliharaan Jalan, Sertifikat Pengadaan Barang dan Jasa, Sertifikat Bendahara Penerimaan",5,5,Pilihan,4.0,4.0,5.0,,,,4.0,24.0,5.0,3.857142857142857,2,Karir Tertunda
2.0,2.0,5.0,,Pilihan,4,3.0,,5.0,4,4,,Arsitektur S1,3.0,,,,Pilihan,2.0,,5.0,,,0,4,3,,4.0,4.0,4.0,,,,5.0,48.0,3.7142857142857144,4.428571428571429,2,Karir Tertunda
5.0,4.0,4.0,,,4,4.0,,5.0,4,4,,Teknik Sipil S1,4.0,,,,,4.0,,5.0,,,Site Manager,4,4,Pilihan,5.0,4.0,4.0,,,,5.0,2.0,4.0,4.571428571428571,3,Karir Elit
20.0,5.0,5.0,Pilihan,Pilihan,5,4.0,,5.0,4,4,,Hubungan Masyarakat,5.0,,,,Pilihan,7.0,,5.0,,,Sertifikasi profesi kehumasan dari Lembaga Sertifikasi Profesi HMS.384.00125 2024 (berlaku selama 3 tahun),5,5,Pilihan,4.0,5.0,5.0,,Pilihan,Pilihan,4.0,0.0,4.714285714285714,4.571428571428571,1,Karir Linear
15.0,5.0,4.0,,,5,4.0,,5.0,5,5,,Teknik Elektro S1,5.0,,,,,5.0,,4.0,,,Sertifikat Profesi Asisten Manager Pembangunan Dan Distribusi Tenaga Listrik Tegangan Menengah,5,5,,5.0,3.0,5.0,,,,3.0,0.0,5.0,4.0,3,Karir Elit
10.0,3.0,4.0,Pilihan,Pilihan,4,3.0,Pilihan,5.0,5,5,,Manajemen Perusahaan D3,4.0,Pilihan,Pilihan,Pilihan,,5.0,Pilihan,3.0,,Pilihan,LSP 1 EXHIBITION PLANNER,4,5,Pilihan,4.0,3.0,5.0,Pilihan,Pilihan,,4.0,3.0,4.571428571428571,3.7142857142857144,1,Karir Linear
5.0,2.0,4.0,,,3,3.0,,4.0,3,4,,Teknik Elektro S1,3.0,,,,,4.0,,5.0,,,Sertifikasi BNSP,3,2,,4.0,5.0,3.0,,,,5.0,0.0,3.0,4.285714285714286,2,Karir Tertunda
120.0,30.0,5.0,Pilihan,Pilihan,4,5.0,,5.0,5,5,,Hubungan Masyarakat,5.0,,,,,50.0,Pilihan,5.0,,,Sertifikasi Kompetensi Kehumasan - Memproduksi Konten Kehumasan oleh Badan Nasional Sertifikasi Profesi,5,4,Pilihan,5.0,5.0,4.0,,Pilihan,Pilihan,5.0,1.0,4.571428571428571,5.0,1,Karir Linear
1.0,4.0,5.0,,,4,5.0,,4.0,4,4,,Psikologi S1,4.0,,,,,1.0,,5.0,,,0,4,3,,5.0,4.0,4.0,,Pilihan,,4.0,48.0,3.857142857142857,4.571428571428571,2,Karir Tertunda
5.0,5.0,5.0,,,4,5.0,,5.0,5,5,,Akuntansi S1,5.0,,,,,5.0,,5.0,,,Brevet dan Accurate,5,5,Pilihan,5.0,5.0,4.0,,,,5.0,-1.0,4.714285714285714,5.0,3,Karir Elit
300.0,20.0,5.0,,Pilihan,5,5.0,,5.0,5,5,,Akuntansi S1,5.0,,,,,140.0,,5.0,,,"Brevet A&B
Certified External Auditor Professional ",5,5,Pilihan,5.0,5.0,5.0,,Pilihan,,5.0,0.0,5.0,5.0,3,Karir Elit
4.0,3.0,5.0,,,4,3.0,,4.0,3,4,,Psikologi S1,3.0,,,,,3.0,,4.0,Pilihan,,Sertifikat Kompetensi a.n. BNSP Lembaga Sertifikasi Profesi UMB dengan masa berlaku 3 tahun,4,4,,4.0,4.0,4.0,,,,3.0,36.0,3.7142857142857144,3.857142857142857,2,Karir Tertunda
5.0,0.0,5.0,,,4,4.0,,4.0,4,4,,Periklanan,4.0,,,,,1.0,,4.0,,,0,4,4,,4.0,4.0,4.0,,,,5.0,0.0,4.0,4.285714285714286,1,Karir Linear
6.0,3.0,4.0,,,4,3.0,,4.0,4,4,,Akuntansi S1,4.0,,,Pilihan,,4.0,,4.0,,,Sertifikasi Uji Kompetensi Skema Teknisi Akuntansi Ahli,4,4,Pilihan,4.0,4.0,4.0,,,,4.0,-6.0,4.0,3.857142857142857,3,Karir Elit
3.0,1.0,3.0,Pilihan,,4,4.0,,5.0,4,5,,Manajemen S1,5.0,,,,,3.0,,4.0,,,0,5,5,Pilihan,4.0,3.0,4.0,,Pilihan,Pilihan,4.0,4.0,4.571428571428571,3.857142857142857,0,Karir Lintas Jalur
20.0,15.0,5.0,,,5,3.0,,4.0,5,5,,Komunikasi Digital,5.0,Pilihan,,,,18.0,Pilihan,4.0,,,Desainer konten visual junior,4,5,,4.0,4.0,5.0,,,,4.0,-4.0,4.857142857142857,4.0,1,Karir Linear
15.0,2.0,4.0,Pilihan,,4,3.0,,5.0,4,4,,Teknik Informatika S1,4.0,,,,,4.0,,4.0,,,"BNSP Program & Pengembangan Piranti Lunak,",4,4,Pilihan,4.0,4.0,4.0,,Pilihan,,4.0,24.0,4.0,4.0,0,Karir Lintas Jalur
1.0,1.0,4.0,,,4,3.0,,5.0,5,5,,Teknik Industri S1,4.0,,,,,1.0,,4.0,,,0,5,5,,4.0,4.0,5.0,,,,5.0,0.0,4.714285714285714,4.142857142857143,3,Karir Elit
650.0,20.0,5.0,,Pilihan,5,3.0,,5.0,5,5,,Teknik Industri S1,4.0,,,,,25.0,,5.0,,,Sertifikat Kompetensi - Perancangan Produk dan Proses Manufaktur (BNSP) Sertifikat Kompetensi – Perancangan Sistem Manufaktur (BNSP),5,5,Pilihan,5.0,5.0,5.0,,Pilihan,,5.0,1.0,4.857142857142857,4.714285714285714,1,Karir Linear
2.0,2.0,4.0,Pilihan,,4,3.0,,4.0,4,4,,Teknik Informatika S1,4.0,,,,,2.0,,4.0,,,-,4,4,,3.0,4.0,4.0,,,,4.0,24.0,4.0,3.7142857142857144,3,Karir Elit
50.0,3.0,4.0,Pilihan,,3,4.0,,4.0,4,4,,Hubungan Masyarakat,4.0,,,,,5.0,,4.0,,,"Sertifikasi Profesi Komunikasi dengan Pemangku Kepentingan dari LSP UMB, Masa berlaku sampai tahun 2028",3,3,,4.0,4.0,4.0,,,,4.0,12.0,3.5714285714285716,4.0,0,Karir Lintas Jalur
5.0,3.0,4.0,,,5,4.0,,5.0,5,5,,Akuntansi S1,5.0,,,,Pilihan,5.0,,5.0,,,0,5,5,,4.0,5.0,5.0,,,,5.0,18.0,5.0,4.571428571428571,1,Karir Linear
20.0,15.0,4.0,,Pilihan,4,4.0,,5.0,4,4,,Akuntansi S1,1.0,,,,,15.0,,5.0,,,Tidak ada,1,4,Pilihan,4.0,5.0,4.0,,,,5.0,48.0,3.142857142857143,4.571428571428571,1,Karir Linear
30.0,3.0,4.0,,,5,3.0,,4.0,5,3,,Teknik Informatika S1,4.0,,,Pilihan,,5.0,,4.0,,,"CCNA 3 , Junior Web developer",4,5,Pilihan,3.0,3.0,5.0,,Pilihan,,4.0,12.0,4.428571428571429,3.5714285714285716,0,Karir Lintas Jalur
100.0,10.0,4.0,,,3,3.0,,4.0,4,4,,Manajemen S1,5.0,,,Pilihan,,28.0,,4.0,,,Sertifikasi TUV Rheinland,4,3,Pilihan,4.0,4.0,4.0,,,,4.0,-12.0,3.857142857142857,3.857142857142857,1,Karir Linear
10.0,3.0,4.0,Pilihan,Pilihan,3,3.0,,5.0,4,3,,Teknik Sipil S1,4.0,,,,,5.0,,4.0,,,0,3,4,Pilihan,4.0,5.0,2.0,,,,5.0,-3.0,3.2857142857142856,4.285714285714286,1,Karir Linear
8.0,1.0,4.0,Pilihan,,4,4.0,,5.0,5,4,,Teknik Sipil S1,4.0,,,,,2.0,,4.0,,,0,4,4,,4.0,5.0,4.0,,,,4.0,6.0,4.142857142857143,4.285714285714286,1,Karir Linear
5.0,5.0,4.0,Pilihan,,4,3.0,,4.0,4,4,,Teknik Informatika S1,4.0,,,,,5.0,,3.0,,,SQL Oracle 2021,4,4,Pilihan,3.0,4.0,4.0,,,,4.0,6.0,4.0,3.5714285714285716,3,Karir Elit
2.0,2.0,5.0,Pilihan,,4,4.0,,4.0,3,5,,Teknik Sipil S1,5.0,,,,,2.0,,5.0,,,"sertifikasi Site Manager for Building Construction Works BNSP. Nov 2023 - Nov 2028
ID Kredensial 74321 1323.02 6 00020999 2023",5,4,Pilihan,3.0,5.0,5.0,,,Pilihan,5.0,10.0,4.428571428571429,4.428571428571429,3,Karir Elit
0.0,0.0,4.0,,,5,5.0,,4.0,5,5,,Teknik Mesin S1,5.0,,,,,0.0,,5.0,,,PPPU,5,5,,5.0,5.0,5.0,,,,4.0,0.0,5.0,4.571428571428571,3,Karir Elit
2.0,2.0,3.0,,,2,3.0,,5.0,3,3,,Manajemen S1,2.0,,,,,2.0,,4.0,,,0,4,3,Pilihan,3.0,4.0,2.0,,Pilihan,,5.0,6.0,2.7142857142857144,3.857142857142857,3,Karir Elit
3.0,4.0,5.0,Pilihan,Pilihan,4,4.0,,5.0,5,4,,Teknik Informatika S1,5.0,,,,,3.0,Pilihan,5.0,,,0,5,4,Pilihan,5.0,4.0,5.0,,Pilihan,Pilihan,5.0,35.0,4.571428571428571,4.714285714285714,1,Karir Linear
15.0,5.0,4.0,,,5,4.0,,5.0,5,5,,Manajemen S1,5.0,Pilihan,,Pilihan,,7.0,,5.0,,,Operation Management,5,5,Pilihan,4.0,5.0,5.0,,,,5.0,12.0,5.0,4.571428571428571,1,Karir Linear
15.0,10.0,4.0,,,2,3.0,,5.0,3,3,,Manajemen S1,2.0,Pilihan,,Pilihan,,10.0,,4.0,,,Uji kompetensi Rekrutmen SDM,2,2,Pilihan,4.0,5.0,2.0,,,,5.0,48.0,2.2857142857142856,4.285714285714286,3,Karir Elit
2.0,1.0,4.0,,,4,4.0,,5.0,5,5,,Manajemen S1,4.0,,,,,1.0,,5.0,,,0,4,5,Pilihan,5.0,5.0,5.0,,,,5.0,3.0,4.571428571428571,4.714285714285714,0,Karir Lintas Jalur
1.0,1.0,4.0,,Pilihan,4,3.0,,4.0,5,5,,Penyiaran,4.0,,,,,1.0,,4.0,,,0,5,4,,4.0,4.0,4.0,,,,4.0,60.0,4.428571428571429,3.857142857142857,3,Karir Elit
0.0,0.0,4.0,,,4,4.0,,5.0,5,5,,Manajemen S1,4.0,,,,,0.0,,4.0,,,"ISO 14001:2015
OHSAS 18001:2007
Lead Auditor SMK3
Lead  Auditor ISO 14001 IRCA Reg
Lead Auditor OHSAS 18001 IRCA Reg
Quality Control Circle
Advanced Lifting & Rigging
ISO 37001:2016
Internal Audit ISO 37001
ISO 45001:2018
Internal Auditor ISO 45001:2018
IMS 9001,14001 & 45001
Training Of Trainer_Lev.3
NEBOSH International General Certificate in OHS
Incident Investigation_BNSP",4,3,,5.0,5.0,4.0,,,,4.0,0.0,4.142857142857143,4.428571428571429,3,Karir Elit
10.0,10.0,4.0,Pilihan,,5,3.0,,5.0,5,5,Pilihan,Manajemen S1,5.0,,,,,10.0,,5.0,,,TUV,5,5,,3.0,5.0,5.0,,,,5.0,24.0,5.0,4.285714285714286,2,Karir Tertunda
4.0,1.0,4.0,,,4,3.0,,4.0,4,4,,Teknik Industri S1,4.0,,,,,1.0,,3.0,,,"1. Perancangan sistem manufaktur
2. Perancangan produk dan proses manufaktur",5,4,Pilihan,3.0,3.0,5.0,,,,4.0,-3.0,4.285714285714286,3.4285714285714284,3,Karir Elit
0.0,1.0,5.0,,,5,5.0,,5.0,5,5,,Teknik Sipil S1,5.0,Pilihan,,Pilihan,,1.0,,5.0,,,"Certificate of Competence ""Site Manager for Building Construction Works"" by Ataki Konstruksi Indonesia Profesional Certification Agency (until 2029)",5,5,Pilihan,5.0,5.0,5.0,,Pilihan,,5.0,0.0,5.0,5.0,0,Karir Lintas Jalur
2.0,2.0,4.0,Pilihan,,2,4.0,,4.0,3,4,,Akuntansi S1,3.0,,,,,2.0,,4.0,,,0,4,2,,4.0,4.0,2.0,,,,4.0,48.0,2.857142857142857,4.0,2,Karir Tertunda
20.0,15.0,4.0,,,4,4.0,Pilihan,5.0,4,4,,Akuntansi S1,5.0,,,,,15.0,,5.0,,,BREVET,5,4,Pilihan,4.0,5.0,4.0,,Pilihan,,5.0,2.0,4.285714285714286,4.571428571428571,0,Karir Lintas Jalur
2.0,2.0,5.0,Pilihan,,5,4.0,,5.0,5,4,,Teknik Sipil S1,5.0,,,,,1.0,,5.0,,,Sertifikat kompetensi jasa konstruksi masa berlaku 2028,5,5,,5.0,5.0,5.0,,Pilihan,,5.0,12.0,4.857142857142857,4.857142857142857,1,Karir Linear
100.0,2.0,5.0,,,5,5.0,Pilihan,5.0,4,5,,Hubungan Masyarakat,3.0,,,,,5.0,,5.0,,,"Sertifikasi BNSP Kehumasan ""Pemangku Kepentingan""",5,4,Pilihan,5.0,4.0,5.0,,,,4.0,1.0,4.428571428571429,4.714285714285714,0,Karir Lintas Jalur
1000.0,10.0,5.0,Pilihan,,5,3.0,,5.0,5,5,,Teknik Sipil S1,2.0,,,,,10.0,,5.0,,,0,5,5,Pilihan,5.0,5.0,5.0,,,,5.0,-3.0,4.571428571428571,4.714285714285714,1,Karir Linear
50.0,30.0,5.0,,,4,5.0,,5.0,4,5,,Akuntansi S1,5.0,,,,,38.0,Pilihan,5.0,,,"1) Sertifikasi Internal Audit ISO, 9001:2015, ISO 14001:2015, ISO 27001:2022, dan SMK 2 PP No:50 Tahun 2012 training dari PREMYSIS Consulting. 
2) Sertifikasi Profesi Brevet Pajak A & B dari Politeknik Keuangan Negara STAN (PKN STAN) terbit tahun 2024. 
3) Sertifikasi Profesi Accurate Professional dari PT Ultima Tekno Solusindo.
",5,4,Pilihan,4.0,5.0,5.0,,,,5.0,3.0,4.571428571428571,4.857142857142857,3,Karir Elit
12.0,2.0,3.0,,,3,3.0,,4.0,4,3,,Teknik Elektro S1,3.0,,,,,2.0,,4.0,Pilihan,,Sertifikat Kompetensi Kelistrikan,3,3,,4.0,4.0,3.0,,,,4.0,3.0,3.142857142857143,3.7142857142857144,0,Karir Lintas Jalur
3.0,3.0,5.0,,,3,4.0,,5.0,3,3,,Desain Produk S1,2.0,,,,,3.0,,5.0,,,belum ada,3,4,Pilihan,5.0,5.0,3.0,,Pilihan,,5.0,12.0,3.0,4.857142857142857,3,Karir Elit
10.0,1.0,4.0,Pilihan,,5,3.0,,5.0,4,5,,Periklanan,5.0,,,,,1.0,,5.0,,,Sertifikasi Pembuatan Iklan dari Lembaga Sertifikasi Profesi,5,5,,5.0,4.0,5.0,,,,5.0,5.0,4.857142857142857,4.428571428571429,0,Karir Lintas Jalur
10.0,3.0,4.0,,,3,4.0,,4.0,4,4,,Teknik Sipil S1,2.0,,,,,3.0,,4.0,Pilihan,,0,2,4,,4.0,4.0,2.0,,,,4.0,24.0,3.0,4.0,2,Karir Tertunda
0.0,1.0,5.0,Pilihan,,5,5.0,,5.0,4,5,,Desain Produk S1,4.0,Pilihan,,,,0.0,,5.0,,,0,4,4,,5.0,5.0,5.0,,,Pilihan,5.0,84.0,4.428571428571429,5.0,3,Karir Elit
0.0,0.0,5.0,,Pilihan,3,3.0,,5.0,3,3,,Teknik Industri S1,3.0,,,,,0.0,,5.0,,,0,3,3,Pilihan,5.0,5.0,3.0,,,,5.0,0.0,3.0,4.714285714285714,0,Karir Lintas Jalur
2.0,2.0,5.0,,,5,5.0,,5.0,5,5,,Teknik Mesin S1,5.0,,,,,2.0,,5.0,Pilihan,,Junior Engineer,5,5,,5.0,5.0,5.0,,,,5.0,0.0,5.0,5.0,1,Karir Linear
30.0,8.0,5.0,,,4,3.0,,5.0,3,4,,Desain Produk S1,4.0,,,,,25.0,,5.0,,,BNSP,3,2,,4.0,4.0,4.0,,Pilihan,,5.0,6.0,3.4285714285714284,4.428571428571429,0,Karir Lintas Jalur
2.0,2.0,5.0,,Pilihan,5,5.0,,5.0,5,5,,Teknik Mesin S1,5.0,,,,,2.0,,5.0,,,0,5,5,Pilihan,5.0,5.0,5.0,,Pilihan,,5.0,1.0,5.0,5.0,3,Karir Elit
0.0,3.0,4.0,,,1,3.0,,5.0,4,5,,Arsitektur S1,3.0,,,,,3.0,,4.0,,,0,3,2,Pilihan,5.0,5.0,4.0,,,,4.0,48.0,3.142857142857143,4.285714285714286,1,Karir Linear
1.0,1.0,4.0,,,4,2.0,,5.0,5,4,,Teknik Sipil S1,4.0,,,,Pilihan,1.0,,4.0,,,Sertifikat SKK - Pengawas Pekerjaan Struktur Bangunan Gedung Utama -Jenjang 6  - Masa Berlaku selama 5 tahun,3,3,,4.0,4.0,5.0,,,,4.0,84.0,4.0,3.857142857142857,1,Karir Linear
1.0,1.0,4.0,,Pilihan,4,4.0,,4.0,3,4,,Teknik Sipil S1,3.0,,,,,1.0,,5.0,Pilihan,,Manajer Lapangan Pelaksanaan Pekerjaan Gedung dari Lembaga Sertifikasi Profesi Bina Konstruksi Nusantara berlaku 5 tahun,4,4,,4.0,4.0,4.0,,,,5.0,36.0,3.7142857142857144,4.285714285714286,2,Karir Tertunda
20.0,4.0,4.0,,Pilihan,2,5.0,,5.0,3,3,,Desain Interior S1,3.0,,,,,8.0,Pilihan,4.0,,,SKK K3 KONTRSUKSI,3,2,Pilihan,4.0,4.0,2.0,,,,4.0,6.0,2.5714285714285716,4.285714285714286,1,Karir Linear
10.0,6.0,4.0,,,3,3.0,,5.0,5,3,,Akuntansi S1,5.0,,,,,6.0,,5.0,,,0,5,3,Pilihan,5.0,4.0,3.0,,,,5.0,1.0,3.857142857142857,4.428571428571429,0,Karir Lintas Jalur
10.0,8.0,5.0,,,5,3.0,,5.0,5,5,,Penyiaran,5.0,Pilihan,,,,8.0,Pilihan,5.0,,,0,5,5,,3.0,5.0,5.0,,,,5.0,0.0,5.0,4.428571428571429,1,Karir Linear
100.0,2.0,5.0,,Pilihan,5,4.0,,5.0,5,5,,Akuntansi S1,5.0,,,,,3.0,,5.0,,,Accurate,5,5,,4.0,4.0,5.0,,,,5.0,-3.0,5.0,4.571428571428571,1,Karir Linear
3.0,3.0,4.0,,,4,2.0,,5.0,5,4,,Teknik Sipil S1,5.0,,,,,3.0,Pilihan,4.0,,,0,4,4,,4.0,4.0,4.0,,,,4.0,48.0,4.285714285714286,3.857142857142857,2,Karir Tertunda
1.0,1.0,4.0,,,4,3.0,,5.0,4,3,,Psikologi S1,2.0,,,,Pilihan,1.0,,4.0,,,0,2,2,,3.0,4.0,2.0,,,,4.0,60.0,2.7142857142857144,3.857142857142857,0,Karir Lintas Jalur
25.0,15.0,5.0,,,5,3.0,,5.0,5,5,,Akuntansi S1,5.0,,,,,15.0,,5.0,,,Sertifikasi Accurate,5,5,Pilihan,4.0,5.0,5.0,,,,5.0,1.0,5.0,4.571428571428571,1,Karir Linear
6.0,2.0,4.0,,,3,4.0,,4.0,3,4,,Desain Produk S1,4.0,Pilihan,,,,2.0,,4.0,,,"Sertifikasi desain kemasan umkm, desain grafis junior",4,4,Pilihan,4.0,4.0,3.0,,,,4.0,-3.0,3.5714285714285716,4.0,0,Karir Lintas Jalur
10.0,4.0,4.0,,,4,4.0,,4.0,4,3,,Psikologi S1,3.0,,,,,4.0,,4.0,,,0,3,4,Pilihan,4.0,4.0,3.0,,,,4.0,48.0,3.4285714285714284,4.0,0,Karir Lintas Jalur
50.0,10.0,4.0,Pilihan,,5,3.0,,4.0,5,5,,Komunikasi Digital,5.0,,,,,25.0,,5.0,,,Sertifikasi Desain Konten Visual Junior,3,5,Pilihan,4.0,5.0,3.0,,,,5.0,-3.0,4.428571428571429,4.285714285714286,1,Karir Linear
2.0,2.0,4.0,,,3,3.0,,4.0,5,3,,Akuntansi S1,5.0,,,,Pilihan,2.0,,4.0,,,"Sertifikat Brevet A&B, Sertifikat Kompetensi BNSP ""Teknisi Akuntansi Muda"" berlaku s.d 2020, Sertifikat Kompetensi BNSP ""Operator Komputer"" berlaku s.d 2019",5,1,Pilihan,4.0,4.0,1.0,,,Pilihan,4.0,12.0,3.2857142857142856,3.857142857142857,1,Karir Linear
184.0,34.0,4.0,Pilihan,Pilihan,4,4.0,,5.0,4,4,Pilihan,Desain Komunikasi Visual S1,4.0,Pilihan,,Pilihan,,67.0,,4.0,,,"Sertifikasi profesi junior graphic designer dari lembaga sertifikasi profesi, berlaku 3 tahun",4,4,Pilihan,4.0,4.0,4.0,Pilihan,Pilihan,,5.0,1.0,4.0,4.285714285714286,1,Karir Linear
5.0,5.0,5.0,,Pilihan,5,5.0,,5.0,5,5,,Teknik Sipil S1,5.0,Pilihan,,Pilihan,,5.0,Pilihan,5.0,,,0,5,5,Pilihan,5.0,5.0,5.0,,Pilihan,,5.0,5.0,5.0,5.0,0,Karir Lintas Jalur
100.0,5.0,4.0,,Pilihan,5,4.0,,5.0,5,4,,Hubungan Masyarakat,5.0,,,,Pilihan,10.0,,5.0,,,Sertifikasi profesi Humas Senior dari Lembaga Sertifikasi Profesi,5,5,,4.0,4.0,5.0,,,,5.0,36.0,4.857142857142857,4.428571428571429,1,Karir Linear
12.0,5.0,4.0,Pilihan,Pilihan,4,3.0,,4.0,4,4,,Periklanan,4.0,,,,,10.0,,4.0,,,Sertifikasi pembuatan iklan media digital,4,4,Pilihan,4.0,4.0,4.0,,Pilihan,,4.0,1.0,4.0,3.857142857142857,0,Karir Lintas Jalur
1.0,1.0,4.0,Pilihan,Pilihan,3,4.0,,4.0,3,3,,Desain Produk S1,4.0,,,,,1.0,,4.0,,,0,2,2,,4.0,4.0,2.0,,,Pilihan,4.0,6.0,2.7142857142857144,4.0,0,Karir Lintas Jalur
0.0,1.0,5.0,,,2,4.0,,5.0,3,2,,Teknik Elektro S1,2.0,,,,,0.0,,5.0,,,0,2,2,,5.0,4.0,2.0,,,,5.0,0.0,2.142857142857143,4.714285714285714,0,Karir Lintas Jalur
20.0,15.0,5.0,,Pilihan,3,4.0,,5.0,3,3,,Teknik Mesin S1,2.0,,,,,18.0,,4.0,,,K3 Migas,2,2,,4.0,5.0,3.0,,,,5.0,7.0,2.5714285714285716,4.571428571428571,3,Karir Elit
5.0,1.0,5.0,,,4,5.0,,5.0,5,5,,Desain Produk S1,3.0,,,,Pilihan,1.0,,4.0,,,0,3,4,Pilihan,4.0,5.0,4.0,,,,4.0,12.0,4.0,4.571428571428571,3,Karir Elit
10.0,5.0,5.0,,,5,4.0,,5.0,5,5,,Teknik Informatika S1,5.0,,,,,10.0,,5.0,,,0,5,5,Pilihan,4.0,5.0,5.0,,,,5.0,2.0,5.0,4.714285714285714,0,Karir Lintas Jalur
0.0,0.0,4.0,,,4,3.0,,5.0,5,4,,Teknik Industri S1,3.0,,,,,0.0,,5.0,,,"1. Perancangan produk dan proses manufaktur
2. Perancangan sistem manufaktur

",3,3,,4.0,4.0,4.0,,,,5.0,0.0,3.7142857142857144,4.285714285714286,1,Karir Linear
30.0,7.0,5.0,,,5,5.0,,5.0,5,4,,Teknik Informatika S1,5.0,,,Pilihan,,10.0,Pilihan,5.0,,,Google Cloud Certified - Professional Cloud Developer,5,5,,5.0,5.0,5.0,,Pilihan,,5.0,2.0,4.857142857142857,5.0,1,Karir Linear
2.0,1.0,5.0,,,5,2.0,,4.0,4,5,,Teknik Sipil S1,5.0,,,,Pilihan,1.0,,5.0,,,"sertifikat profesi Pengawas Pekerjaan Struktur Bangunan Gedung
 Utama (Superintendent of Main Building Structural Works), masa berlaku 5 tahun : 20 september 2024 - september 2029",5,5,,4.0,4.0,5.0,,,,5.0,96.0,4.857142857142857,4.142857142857143,1,Karir Linear
3.0,3.0,4.0,,,4,4.0,,4.0,4,4,,Psikologi S1,4.0,,,,,3.0,,4.0,,,Supervisor Rekrutmen dan Seleksi Sumber Daya Manusia by BNSP,4,4,,4.0,4.0,4.0,,Pilihan,,4.0,-6.0,4.0,4.0,1,Karir Linear
10.0,5.0,5.0,,,5,5.0,,5.0,5,5,,Teknik Industri S1,5.0,Pilihan,,,,10.0,Pilihan,5.0,,,0,5,5,,5.0,5.0,5.0,,,,5.0,6.0,5.0,5.0,0,Karir Lintas Jalur
10.0,7.0,5.0,,,5,5.0,,5.0,5,5,,Hubungan Masyarakat,5.0,,,,,7.0,,5.0,,,Konten Kehumasan,5,5,Pilihan,5.0,5.0,5.0,,,,5.0,2.0,5.0,5.0,1,Karir Linear
10.0,4.0,5.0,Pilihan,Pilihan,5,5.0,,5.0,5,4,,Komunikasi Digital,5.0,,,,,5.0,,5.0,,,BSNS Desain Grafis Junior,4,4,Pilihan,5.0,5.0,5.0,,Pilihan,Pilihan,4.0,1.0,4.571428571428571,4.857142857142857,1,Karir Linear
0.0,0.0,5.0,,,3,4.0,,5.0,3,4,,Akuntansi S1,4.0,,,,,0.0,,5.0,,,"Accurate, berlaku sampai 2026",4,3,Pilihan,5.0,5.0,4.0,,,,5.0,0.0,3.5714285714285716,4.857142857142857,1,Karir Linear
50.0,2.0,4.0,,,3,3.0,,3.0,4,4,,Psikologi S1,4.0,,,,,5.0,,3.0,,,HR,1,2,Pilihan,3.0,3.0,3.0,Pilihan,,,3.0,2.0,3.0,3.142857142857143,0,Karir Lintas Jalur
100.0,5.0,3.0,Pilihan,,4,3.0,,4.0,4,4,,Psikologi S1,3.0,,,,,10.0,,5.0,,,Sertifikasi uji kompetensi supervisor rekrutmen dan seleksi sumber daya manusia (BNSP) 2024-2027,3,3,Pilihan,4.0,5.0,4.0,,Pilihan,,5.0,-5.0,3.5714285714285716,4.142857142857143,1,Karir Linear
10.0,6.0,5.0,Pilihan,,3,4.0,,5.0,4,4,,Hubungan Masyarakat,3.0,,,,,6.0,,5.0,,,0,3,3,,5.0,5.0,4.0,,,,5.0,6.0,3.4285714285714284,4.857142857142857,3,Karir Elit
10.0,5.0,4.0,,,3,5.0,,4.0,3,3,,Periklanan,3.0,,,,,10.0,,4.0,Pilihan,,0,3,3,,4.0,4.0,3.0,,,,4.0,1.0,3.0,4.142857142857143,1,Karir Linear
5.0,5.0,5.0,,Pilihan,5,5.0,,5.0,5,5,,Akuntansi S1,5.0,Pilihan,,,,5.0,Pilihan,5.0,,,0,5,5,Pilihan,5.0,5.0,5.0,,,,5.0,0.0,5.0,5.0,1,Karir Linear
25.0,5.0,5.0,,,5,5.0,,5.0,5,4,,Teknik Industri S1,3.0,Pilihan,,,,9.0,,4.0,,,Perancangan Sistem Manufaktur dan Perancangan Produk dan Proses Manufaktur,3,3,,4.0,5.0,4.0,,,,5.0,24.0,3.857142857142857,4.714285714285714,0,Karir Lintas Jalur
4.0,4.0,5.0,,,5,5.0,,5.0,5,5,,Akuntansi S1,5.0,Pilihan,,Pilihan,,4.0,Pilihan,5.0,,,Accurate,5,5,,5.0,5.0,5.0,,,,5.0,6.0,5.0,5.0,3,Karir Elit
3.0,2.0,4.0,,,4,4.0,,3.0,4,3,,Psikologi S1,3.0,,,,,1.0,,3.0,,,0,2,4,,3.0,3.0,3.0,,,,3.0,0.0,3.2857142857142856,3.2857142857142856,0,Karir Lintas Jalur
0.0,0.0,3.0,Pilihan,,4,3.0,,5.0,5,4,,Akuntansi S1,5.0,,,,,0.0,,4.0,,,"Certified Accurate Professional (3 tahun), Teknisi Akuntansi Ahli dari Lembaga Sertifikasi Profesi (3 tahun).",4,5,,3.0,5.0,5.0,,,,5.0,-4.0,4.571428571428571,4.0,1,Karir Linear
10.0,4.0,4.0,Pilihan,,5,4.0,,4.0,5,5,,Teknik Industri S1,5.0,,,,,10.0,,4.0,,,0,5,5,,4.0,4.0,5.0,,,,4.0,2.0,5.0,4.0,0,Karir Lintas Jalur
10.0,3.0,4.0,,,5,3.0,,5.0,5,5,,Akuntansi S1,5.0,,,,Pilihan,3.0,,4.0,,,sertifikat accurate professional,5,5,Pilihan,4.0,4.0,5.0,,Pilihan,,4.0,6.0,5.0,4.0,1,Karir Linear
5.0,3.0,3.0,,,2,3.0,,4.0,4,5,,Teknik Sipil S1,2.0,,,,,3.0,,4.0,Pilihan,,0,2,2,,3.0,4.0,1.0,,,,4.0,0.0,2.5714285714285716,3.5714285714285716,1,Karir Linear
10.0,10.0,5.0,,,5,5.0,,5.0,5,5,,Penyiaran,5.0,,,,,10.0,,5.0,,,0,5,5,Pilihan,5.0,5.0,5.0,,,,5.0,-5.0,5.0,5.0,1,Karir Linear
30.0,10.0,4.0,Pilihan,Pilihan,4,4.0,,4.0,4,4,,Sistem Informasi S1,5.0,,,Pilihan,,10.0,,4.0,,,"Sertifikasi BNSP - Software Engineer, 4 Juni 2027",5,4,Pilihan,4.0,4.0,4.0,Pilihan,Pilihan,Pilihan,4.0,2.0,4.285714285714286,4.0,0,Karir Lintas Jalur
5.0,2.0,3.0,Pilihan,,4,3.0,,4.0,4,3,,Akuntansi S1,4.0,,,,,2.0,,4.0,,,Accurate 2024 - 2027,4,3,Pilihan,3.0,3.0,4.0,,Pilihan,Pilihan,3.0,3.0,3.7142857142857144,3.2857142857142856,0,Karir Lintas Jalur
0.0,0.0,3.0,Pilihan,,4,3.0,,4.0,5,3,,Desain Komunikasi Visual S1,3.0,,,,,0.0,,3.0,,,0,3,5,Pilihan,4.0,3.0,3.0,,Pilihan,,4.0,-2.0,3.7142857142857144,3.4285714285714284,1,Karir Linear
1.0,1.0,4.0,Pilihan,,4,3.0,,4.0,5,3,,Teknik Industri S1,4.0,,,,,1.0,,3.0,,,0,3,4,,3.0,3.0,5.0,,,Pilihan,4.0,1.0,4.0,3.4285714285714284,0,Karir Lintas Jalur
1.0,1.0,3.0,,,4,3.0,,3.0,3,4,,Teknik Informatika S1,4.0,,,,,1.0,,3.0,,,Microsoft Certified Professional,4,4,,3.0,3.0,4.0,,,,3.0,0.0,3.857142857142857,3.0,3,Karir Elit
0.0,0.0,4.0,,,4,4.0,,4.0,4,4,,Teknik Mesin S1,4.0,,,,,0.0,,4.0,,,sertifikasi audit energi,4,3,,4.0,4.0,4.0,,,,4.0,0.0,3.857142857142857,4.0,0,Karir Lintas Jalur
60.0,6.0,5.0,,,5,4.0,,5.0,5,5,,Teknik Sipil S1,3.0,,,,,10.0,,5.0,,,Sertifikat Kompetensi Supervisor K3 Konstruksi Utama,5,3,Pilihan,5.0,5.0,5.0,,,,5.0,24.0,4.428571428571429,4.857142857142857,0,Karir Lintas Jalur
20.0,5.0,3.0,Pilihan,,5,3.0,,4.0,4,5,,Teknik Informatika S1,5.0,,,,,10.0,,2.0,,,0,5,4,,3.0,3.0,5.0,,,,3.0,-1.0,4.714285714285714,3.0,0,Karir Lintas Jalur
30.0,5.0,4.0,Pilihan,,2,4.0,,5.0,5,3,,Akuntansi S1,5.0,,,,,25.0,Pilihan,5.0,,,0,5,2,,2.0,5.0,2.0,,,Pilihan,5.0,12.0,3.4285714285714284,4.285714285714286,1,Karir Linear
20.0,5.0,5.0,Pilihan,,5,5.0,,5.0,5,5,,Teknik Sipil S1,5.0,Pilihan,,,Pilihan,5.0,,5.0,,,Manajer Lapangan Pelaksanaan Pekerjaan Gedung dari lembaga ataki konstruksi indonesia,5,5,Pilihan,5.0,5.0,5.0,,Pilihan,,5.0,12.0,5.0,5.0,1,Karir Linear
50.0,10.0,4.0,Pilihan,,4,4.0,,4.0,5,4,,Teknik Mesin S1,4.0,,,,,30.0,Pilihan,4.0,,,0,4,4,,4.0,4.0,4.0,,,,4.0,12.0,4.142857142857143,4.0,0,Karir Lintas Jalur
0.0,0.0,4.0,,Pilihan,3,3.0,,4.0,4,4,,Akuntansi S1,4.0,,,,,0.0,,3.0,,,0,4,4,,3.0,4.0,4.0,,,Pilihan,4.0,12.0,3.857142857142857,3.5714285714285716,1,Karir Linear
100.0,15.0,5.0,Pilihan,Pilihan,5,3.0,,5.0,5,5,,Teknik Industri S1,4.0,,,,,25.0,Pilihan,5.0,,,0,4,5,Pilihan,4.0,5.0,5.0,Pilihan,Pilihan,,5.0,3.0,4.714285714285714,4.571428571428571,3,Karir Elit
10.0,5.0,5.0,,,3,5.0,,5.0,4,5,,Teknik Elektro S1,3.0,Pilihan,,,,5.0,,5.0,,,Qualification in 6 Units of Industrial Automation,4,3,,5.0,5.0,4.0,,,,5.0,-1.0,3.7142857142857144,5.0,3,Karir Elit
30.0,10.0,5.0,,,5,4.0,,5.0,5,5,,Hubungan Masyarakat,5.0,,,,,25.0,,5.0,,,0,5,5,Pilihan,4.0,5.0,5.0,,,,5.0,-3.0,5.0,4.714285714285714,3,Karir Elit
100.0,30.0,4.0,,,5,4.0,,5.0,5,4,Pilihan,Manajemen S1,4.0,,,Pilihan,,50.0,,4.0,,,0,4,5,Pilihan,4.0,4.0,4.0,,,,4.0,1.0,4.428571428571429,4.142857142857143,0,Karir Lintas Jalur
20.0,5.0,5.0,,,4,3.0,,5.0,5,5,,Teknik Elektro S1,5.0,,,Pilihan,,10.0,,5.0,,,Sertfikasi LSP Automasi Industri,5,2,,5.0,5.0,2.0,,,,5.0,-1.0,4.0,4.714285714285714,1,Karir Linear
10.0,3.0,3.0,,,3,4.0,,4.0,4,4,,Teknik Elektro S1,5.0,,,,,3.0,,4.0,,,Sertifikat Kompetensi Asisten Manajer Pembangunan dan Pemasangan Distribusi Tenaga Listrik Tegangan Menengah,4,4,,3.0,4.0,4.0,,,,3.0,0.0,4.0,3.5714285714285716,3,Karir Elit
1.0,1.0,5.0,Pilihan,,4,5.0,,5.0,4,5,,Teknik Informatika S1,4.0,,,,,1.0,,4.0,,,0,4,4,,4.0,4.0,4.0,,Pilihan,,4.0,0.0,4.142857142857143,4.428571428571429,1,Karir Linear
5.0,3.0,5.0,,,2,3.0,,5.0,5,4,,Teknik Elektro S1,2.0,,,,Pilihan,5.0,,5.0,,,0,2,2,,4.0,4.0,4.0,,,,5.0,24.0,3.0,4.428571428571429,0,Karir Lintas Jalur
1.0,1.0,3.0,Pilihan,,5,4.0,,5.0,4,5,,Teknik Elektro S1,5.0,,,,,1.0,,5.0,,,0,5,5,,4.0,5.0,5.0,,,,5.0,12.0,4.857142857142857,4.428571428571429,3,Karir Elit
15.0,6.0,4.0,,,4,4.0,,5.0,4,4,,Hubungan Masyarakat,4.0,,,,,10.0,Pilihan,5.0,,,Sertifikat Kompetensi Public Relations,5,4,,4.0,4.0,5.0,,,,4.0,-5.0,4.285714285714286,4.285714285714286,3,Karir Elit
30.0,8.0,4.0,,,3,3.0,,4.0,3,4,,Periklanan,3.0,,,,,10.0,,4.0,,,0,3,3,Pilihan,3.0,4.0,3.0,,,,4.0,1.0,3.142857142857143,3.7142857142857144,0,Karir Lintas Jalur
35.0,8.0,5.0,,,4,5.0,,5.0,4,5,,Periklanan,3.0,,,,,15.0,,5.0,,,0,3,4,,4.0,4.0,3.0,,,,5.0,0.0,3.7142857142857144,4.714285714285714,3,Karir Elit
14.0,7.0,5.0,,,5,4.0,,5.0,5,5,,Teknik Industri S1,5.0,Pilihan,,,,10.0,Pilihan,5.0,,,"Perancangan Sistem Manufaktur, Otoritas Sertifikasi Profesi Indonesia No: M.384.00421, 2023

Perancangan Proses dan Produk Manufaktur, Otoritas Sertifikasi Profesi Indonesia No: M.384.00422, 2023",5,4,Pilihan,5.0,5.0,4.0,,Pilihan,,5.0,-2.0,4.714285714285714,4.857142857142857,1,Karir Linear
4.0,4.0,3.0,Pilihan,,1,3.0,,5.0,5,4,,Akuntansi S1,1.0,,,,,4.0,,5.0,,,"Skema Kualifikasi 3 Bidang Pengelolaan Zakat (Desember 2027), CAP (Juli 2028)",1,1,,3.0,5.0,2.0,,,,5.0,12.0,2.142857142857143,4.142857142857143,0,Karir Lintas Jalur
3.0,9.0,5.0,,Pilihan,3,5.0,,5.0,3,3,,Akuntansi S1,4.0,,,,,3.0,,5.0,,,Sertifikat CPA,4,3,,5.0,5.0,3.0,,,,5.0,36.0,3.2857142857142856,5.0,3,Karir Elit
1.0,1.0,5.0,,,4,4.0,,5.0,4,4,,Akuntansi S1,4.0,,,,,1.0,Pilihan,5.0,,,0,4,4,,5.0,5.0,4.0,,,,5.0,48.0,4.0,4.857142857142857,2,Karir Tertunda
2.0,4.0,5.0,Pilihan,,2,4.0,,5.0,3,3,,Manajemen S1,2.0,,,,,5.0,,5.0,,,Sertifikasi Brevet AB,2,2,Pilihan,4.0,5.0,2.0,,,,5.0,48.0,2.2857142857142856,4.714285714285714,0,Karir Lintas Jalur
5.0,3.0,3.0,,Pilihan,2,3.0,,5.0,4,4,,Penyiaran,5.0,,,,,4.0,Pilihan,5.0,,,-,2,2,Pilihan,4.0,5.0,3.0,,,,5.0,4.0,3.142857142857143,4.285714285714286,0,Karir Lintas Jalur
0.0,0.0,4.0,,,4,3.0,,4.0,4,4,,Teknik Sipil S1,3.0,,,,,0.0,,4.0,,," LPJK-Pengawas Pekerjaan Struktur Bangunan Gedung
 Utama
",3,3,,4.0,4.0,4.0,,,,4.0,0.0,3.5714285714285716,3.857142857142857,1,Karir Linear
5.0,1.0,5.0,,,5,4.0,,5.0,5,5,,Teknik Sipil S1,3.0,,,,,3.0,,4.0,,Pilihan,Sertifikasi Kompetensi Pelaksana Pemeliharaan Jembatan,3,4,Pilihan,5.0,5.0,4.0,Pilihan,,,5.0,-6.0,4.142857142857143,4.714285714285714,1,Karir Linear
0.0,0.0,4.0,,,4,4.0,,5.0,5,3,,Akuntansi S1,4.0,,,,,0.0,,4.0,,,0,3,3,,4.0,4.0,3.0,,,,4.0,0.0,3.5714285714285716,4.142857142857143,2,Karir Tertunda
10.0,3.0,5.0,Pilihan,Pilihan,2,5.0,,5.0,3,3,,Teknik Sipil S1,1.0,,,,,3.0,Pilihan,5.0,,,SKK Pelaksana Pemeliharaan Jalan,1,1,,4.0,5.0,1.0,,Pilihan,,5.0,3.0,1.7142857142857142,4.857142857142857,3,Karir Elit
20.0,3.0,4.0,Pilihan,,3,4.0,,4.0,3,3,,Akuntansi S1,5.0,,,,,3.0,,4.0,,,SERTIFIKASI BREVET A DAN B IAI,3,3,,4.0,5.0,3.0,,Pilihan,Pilihan,4.0,4.0,3.2857142857142856,4.142857142857143,1,Karir Linear
0.0,1.0,4.0,,Pilihan,4,3.0,,4.0,4,4,,Teknik Sipil S1,4.0,,,,,0.0,,5.0,,,"Pelaksana Lapangan Perkerasan Jalan Beton, sampai 24 September 2029",4,4,,4.0,5.0,4.0,,,,5.0,6.0,4.0,4.285714285714286,1,Karir Linear
0.0,0.0,4.0,,,3,3.0,,5.0,5,4,,Teknik Sipil S1,4.0,,,,,0.0,,5.0,,,Sertifikat Kompetensi Manajer Lapangan Pelaksanaan Pekerjaan Gedung No. 74321 1323.02 6 00002570 2024,5,3,,5.0,5.0,4.0,,,,5.0,0.0,4.0,4.571428571428571,1,Karir Linear
10.0,5.0,4.0,,,4,4.0,,4.0,5,4,,Teknik Sipil S1,5.0,,,Pilihan,,5.0,,4.0,,,SKK ahli muda K3 SKK manager lapangan,5,5,,5.0,4.0,5.0,,,,5.0,6.0,4.714285714285714,4.285714285714286,1,Karir Linear
11.0,4.0,4.0,,,4,4.0,,5.0,5,4,,Teknik Mesin S1,4.0,,,,Pilihan,11.0,,4.0,,,0,4,4,,4.0,5.0,5.0,,,,5.0,24.0,4.285714285714286,4.428571428571429,2,Karir Tertunda
76.0,38.0,5.0,,,5,4.0,,5.0,5,5,,Teknik Elektro S1,5.0,Pilihan,,,,60.0,,5.0,,,0,5,5,Pilihan,5.0,5.0,5.0,,,,5.0,-9.0,5.0,4.857142857142857,1,Karir Linear
10.0,10.0,5.0,Pilihan,Pilihan,5,5.0,,5.0,5,5,,Teknik Sipil S1,5.0,,,Pilihan,Pilihan,10.0,,5.0,,,0,5,5,Pilihan,5.0,5.0,5.0,,Pilihan,,5.0,36.0,5.0,5.0,3,Karir Elit
10.0,8.0,3.0,,,3,3.0,,3.0,3,3,,Komunikasi Digital,3.0,,,,,5.0,,3.0,,,0,3,3,Pilihan,3.0,4.0,3.0,,Pilihan,,3.0,6.0,3.0,3.142857142857143,1,Karir Linear
50.0,20.0,5.0,,,5,3.0,,5.0,5,5,,Psikologi S1,5.0,,,,,30.0,,5.0,,,Sertifikasi Supervisor Rekrutmen Seleksi Sumber Daya Manusia,5,5,Pilihan,5.0,4.0,5.0,,,,5.0,-1.0,5.0,4.571428571428571,1,Karir Linear
50.0,6.0,4.0,,,2,4.0,,4.0,3,4,,Teknik Mesin S1,2.0,,,,Pilihan,6.0,,2.0,,,0,4,4,Pilihan,3.0,3.0,4.0,,,,3.0,-4.0,3.2857142857142856,3.2857142857142856,1,Karir Linear
10.0,4.0,5.0,,,5,4.0,,5.0,5,5,,Manajemen S1,5.0,,,,Pilihan,4.0,,5.0,,,"Certificate of Completion IELTS Preparation Class, Grade Score : 6,5 (Flip English, 2024-2026)
• Certificate of Competence Human Resources Management (BNSP, 2022-2024).",5,5,Pilihan,5.0,5.0,5.0,,Pilihan,,5.0,36.0,5.0,4.857142857142857,2,Karir Tertunda
0.0,1.0,4.0,,Pilihan,3,4.0,,5.0,3,5,,Arsitektur S1,4.0,,,,,1.0,,4.0,,,0,4,4,,3.0,4.0,3.0,,,,4.0,4.0,3.7142857142857144,4.0,0,Karir Lintas Jalur
0.0,0.0,5.0,,,5,5.0,,5.0,5,5,,Teknik Informatika S1,4.0,,,,,0.0,,5.0,,,"BNSP, CCNAv7",5,5,,5.0,5.0,4.0,,,,5.0,0.0,4.714285714285714,5.0,1,Karir Linear
1.0,1.0,5.0,Pilihan,Pilihan,4,5.0,,5.0,4,4,,Psikologi S1,4.0,,,,Pilihan,1.0,,5.0,,,Sertifikasi Kompetensi Manajer Sumber Daya Manusia (BNSP),4,4,,5.0,5.0,4.0,,Pilihan,,5.0,0.0,4.0,5.0,3,Karir Elit
0.0,0.0,3.0,,,4,3.0,,4.0,4,4,,Psikologi S1,3.0,,,,,0.0,,4.0,,,-,3,4,,3.0,4.0,4.0,,,,4.0,0.0,3.7142857142857144,3.5714285714285716,0,Karir Lintas Jalur
40.0,10.0,5.0,,,5,5.0,,5.0,5,5,,Psikologi S1,5.0,,,,,20.0,,5.0,,,0,5,5,Pilihan,4.0,5.0,4.0,,,,5.0,3.0,4.857142857142857,4.857142857142857,1,Karir Linear
30.0,2.0,5.0,,,4,4.0,Pilihan,5.0,4,4,,Psikologi S1,3.0,Pilihan,,Pilihan,,4.0,,5.0,,,0,3,4,Pilihan,4.0,5.0,3.0,,,,5.0,6.0,3.5714285714285716,4.714285714285714,0,Karir Lintas Jalur
1.0,1.0,4.0,Pilihan,,4,4.0,,4.0,4,4,,Psikologi S1,4.0,,,,,1.0,,4.0,,,Supervisor Recruitment,4,4,Pilihan,4.0,4.0,4.0,,,,4.0,24.0,4.0,4.0,0,Karir Lintas Jalur
0.0,0.0,4.0,,,4,4.0,,4.0,5,5,,Akuntansi S1,4.0,,,,,0.0,,3.0,,,0,4,4,,4.0,3.0,4.0,,,,3.0,0.0,4.285714285714286,3.5714285714285716,1,Karir Linear
3.0,3.0,5.0,,Pilihan,5,5.0,Pilihan,5.0,5,5,,Sistem Informasi S1,4.0,,,,,3.0,,5.0,,,Sertifikasi BNSP web development,4,5,Pilihan,4.0,5.0,4.0,,Pilihan,,5.0,12.0,4.571428571428571,4.857142857142857,3,Karir Elit
30.0,0.0,4.0,Pilihan,,5,3.0,,4.0,5,5,,Psikologi S1,5.0,,,,,10.0,Pilihan,4.0,,,Supervisor rekrutmen dan sumber daya manusia dari Lsp,5,4,Pilihan,4.0,4.0,5.0,Pilihan,,Pilihan,4.0,-2.0,4.857142857142857,3.857142857142857,0,Karir Lintas Jalur
10.0,2.0,5.0,Pilihan,,3,4.0,,5.0,4,4,Pilihan,Psikologi S1,5.0,,,,,5.0,,5.0,,,"Merancang Rekomendasi Solusi, masa berlaku s.d 15 Januari 2027",3,3,,5.0,5.0,3.0,Pilihan,Pilihan,,5.0,-1.0,3.5714285714285716,4.857142857142857,1,Karir Linear
25.0,6.0,4.0,,,3,4.0,,4.0,5,4,,Psikologi S1,3.0,,,,,9.0,,4.0,,,Sertifikasi Supervisor Rekrutmen dan Seleksi Sumber Daya Manusia,3,3,Pilihan,4.0,4.0,3.0,,,,4.0,-2.0,3.4285714285714284,4.0,1,Karir Linear
0.0,0.0,4.0,Pilihan,,3,3.0,,3.0,3,3,,Teknik Sipil S1,3.0,,,,Pilihan,0.0,,4.0,,,"Manajer Lapangan Pelaksanaan Pekerjaan Gedung dari Lembaga Sertifikasi Profesi Ataki Konstruksi Indonesia, Masa Berlaku 5 Tahun Sejak Tahun 2024",4,3,,3.0,4.0,3.0,,Pilihan,Pilihan,4.0,1.0,3.142857142857143,3.5714285714285716,1,Karir Linear
0.0,0.0,3.0,,,4,3.0,,5.0,4,4,,Psikologi S1,4.0,,,,,0.0,,4.0,,,0,4,4,,4.0,4.0,4.0,,,,4.0,0.0,4.0,3.857142857142857,0,Karir Lintas Jalur
1.0,1.0,5.0,,,5,5.0,,5.0,5,5,,Psikologi S1,5.0,,,,,1.0,Pilihan,5.0,,,Pendidik Satpam Gada Pratama,5,5,,5.0,5.0,5.0,,,,5.0,60.0,5.0,5.0,0,Karir Lintas Jalur
40.0,15.0,4.0,,,5,3.0,,5.0,5,5,,Hubungan Masyarakat,5.0,,,Pilihan,,15.0,,5.0,,,0,5,5,Pilihan,5.0,5.0,5.0,,,,5.0,12.0,5.0,4.571428571428571,0,Karir Lintas Jalur
80.0,2.0,5.0,Pilihan,,4,5.0,,4.0,4,4,,Komunikasi Digital,5.0,,,,,5.0,,4.0,,,Sertifikasi profesi Komunikasi Digital dari Lembaga Sertifikasi Profesi,3,3,,4.0,4.0,2.0,,,,4.0,-6.0,3.5714285714285716,4.285714285714286,0,Karir Lintas Jalur
20.0,3.0,4.0,,,5,3.0,,5.0,4,5,,Manajemen S1,5.0,,,,,5.0,,4.0,,,0,5,4,Pilihan,4.0,4.0,5.0,,,,4.0,12.0,4.714285714285714,4.0,0,Karir Lintas Jalur
100.0,20.0,3.0,Pilihan,Pilihan,5,5.0,,5.0,5,2,,Psikologi S1,5.0,,,,,20.0,,2.0,,,Training saat Ujikom,5,5,Pilihan,3.0,2.0,4.0,,Pilihan,,3.0,12.0,4.428571428571429,3.2857142857142856,0,Karir Lintas Jalur
2.0,1.0,4.0,,Pilihan,5,4.0,,4.0,5,5,,Psikologi S1,5.0,,,,Pilihan,2.0,,4.0,,,Sertifikat Profesional Supervisor Rekrutmen dan Seleksi Sumber Daya Manusia oleh Lembaga Sertifikasi Profesi Universitas Mercu Buana,5,5,,4.0,4.0,5.0,,,,4.0,0.0,5.0,4.0,0,Karir Lintas Jalur
0.0,5.0,3.0,,,3,3.0,,3.0,3,3,,Psikologi S1,3.0,Pilihan,,,,5.0,,3.0,,,0,3,3,,3.0,3.0,3.0,,,,3.0,1.0,3.0,3.0,0,Karir Lintas Jalur
100.0,30.0,5.0,,,4,5.0,,5.0,4,3,,Teknik Industri S1,3.0,Pilihan,,,,30.0,Pilihan,5.0,,,Manufacture Process and Product Design -BNSP,3,3,Pilihan,5.0,5.0,3.0,,,,5.0,-1.0,3.2857142857142856,5.0,3,Karir Elit
10.0,5.0,4.0,,,4,2.0,,4.0,5,4,,Psikologi S1,5.0,,,,,5.0,,4.0,,,Sertifikasai Rekrutmen dan Seleksi Sumber Daya Manusia,5,2,Pilihan,4.0,4.0,5.0,,,,4.0,-2.0,4.285714285714286,3.7142857142857144,0,Karir Lintas Jalur
8.0,41.0,5.0,,Pilihan,5,5.0,,5.0,5,5,,Hubungan Masyarakat,4.0,,,,,6.0,,5.0,,,"• Public Relations Officer - 
Badan Nasional Sertifikasi Profesi (BNSP)
• Conducting Issue Management - Badan Nasional Sertifikasi Profesi (BNSP)",4,4,,5.0,5.0,4.0,,Pilihan,,5.0,12.0,4.428571428571429,5.0,0,Karir Lintas Jalur
1.0,1.0,5.0,,,4,3.0,,5.0,4,4,,Teknik Informatika S1,1.0,,,,,1.0,,4.0,,,0,1,4,,4.0,5.0,4.0,,,Pilihan,5.0,48.0,3.142857142857143,4.428571428571429,2,Karir Tertunda
10.0,4.0,4.0,Pilihan,Pilihan,3,4.0,,5.0,5,5,,Psikologi S1,3.0,,,,Pilihan,4.0,,5.0,,,0,2,3,,5.0,4.0,3.0,,,,5.0,7.0,3.4285714285714284,4.571428571428571,0,Karir Lintas Jalur
10.0,5.0,5.0,,,3,5.0,,5.0,3,3,,Akuntansi S1,3.0,,,,,6.0,,5.0,,,Accurate,3,3,Pilihan,5.0,5.0,3.0,,,,5.0,1.0,3.0,5.0,1,Karir Linear
10.0,5.0,4.0,Pilihan,,5,4.0,,5.0,5,5,,Manajemen S1,4.0,,,Pilihan,,5.0,,4.0,,,0,4,5,Pilihan,5.0,4.0,5.0,Pilihan,Pilihan,,5.0,-1.0,4.714285714285714,4.428571428571429,0,Karir Lintas Jalur
0.0,0.0,4.0,,,3,4.0,,4.0,3,3,,Teknik Elektro S1,3.0,,,,,0.0,,4.0,,,.,3,3,,4.0,4.0,3.0,,,,4.0,0.0,3.0,4.0,3,Karir Elit
10.0,5.0,5.0,,,5,3.0,,5.0,5,5,,Manajemen S1,5.0,,,,,10.0,,5.0,,,"Finance Management Certification, Human Capital Professional Career at Insurance And Sharia Bank Industries Certification, Managerial Skill & Leadership Character Building Certification, Sertifikat Pelatihan Program Kreativitas Mahasiswa (PKM).",5,5,Pilihan,5.0,5.0,5.0,,,,5.0,48.0,5.0,4.714285714285714,0,Karir Lintas Jalur
10.0,5.0,4.0,,,4,4.0,,5.0,5,4,,Psikologi S1,3.0,,,,,7.0,,4.0,Pilihan,,"Fundamentals of Corporate Banking: Credit, Risk & Analysis",3,4,Pilihan,4.0,4.0,4.0,,,,4.0,-1.0,3.857142857142857,4.142857142857143,0,Karir Lintas Jalur
12.0,12.0,4.0,Pilihan,,3,3.0,Pilihan,5.0,3,4,Pilihan,Manajemen S1,3.0,,,Pilihan,,5.0,,4.0,,,0,3,3,Pilihan,4.0,4.0,3.0,,,,4.0,-3.0,3.142857142857143,4.0,0,Karir Lintas Jalur
10.0,10.0,3.0,,,4,3.0,,3.0,4,4,,Sistem Informasi S1,4.0,Pilihan,,,,10.0,,3.0,,,Sertifikat Kompetensi BNSP Skema Software Engineer,4,4,Pilihan,3.0,3.0,4.0,,,,3.0,1.0,4.0,3.0,0,Karir Lintas Jalur
0.0,1.0,3.0,Pilihan,,5,3.0,,4.0,4,3,,Psikologi S1,5.0,,,,Pilihan,0.0,,5.0,,,"Sertifikasi supervisor rekrutmen dan sumber daya manusia (8 Juli 2024, 3 tahun)",3,3,,4.0,5.0,5.0,,,Pilihan,5.0,-3.0,4.0,4.142857142857143,1,Karir Linear
0.0,0.0,5.0,,,5,5.0,,5.0,5,5,,Akuntansi S1,5.0,,,,,0.0,,5.0,,,0,5,5,,5.0,5.0,5.0,,,,5.0,0.0,5.0,5.0,3,Karir Elit
1.0,1.0,5.0,,Pilihan,3,3.0,,5.0,5,5,,Psikologi S1,4.0,,,,Pilihan,1.0,,5.0,,,0,4,3,,3.0,5.0,4.0,,,,5.0,24.0,4.0,4.428571428571429,0,Karir Lintas Jalur
300.0,50.0,5.0,Pilihan,Pilihan,3,3.0,,5.0,4,5,,Manajemen S1,3.0,Pilihan,,Pilihan,,97.0,,5.0,,,Marketing Management_TUH RHEINLAND,3,3,Pilihan,5.0,5.0,3.0,,Pilihan,,5.0,3.0,3.4285714285714284,4.714285714285714,0,Karir Lintas Jalur
10.0,8.0,5.0,,Pilihan,3,4.0,,4.0,3,5,,Desain Produk S1,3.0,,,,,8.0,,3.0,,,0,3,3,,4.0,4.0,4.0,,,Pilihan,4.0,48.0,3.4285714285714284,4.0,0,Karir Lintas Jalur
30.0,3.0,4.0,,,4,3.0,,5.0,4,4,,Psikologi S1,4.0,,,,,5.0,,4.0,,,0,4,4,,4.0,5.0,4.0,,,,4.0,0.0,4.0,4.142857142857143,1,Karir Linear
1.0,1.0,4.0,Pilihan,,5,3.0,,5.0,5,4,,Psikologi S1,5.0,,,,Pilihan,1.0,,4.0,,,Rekrutmen dan Seleksi SDM,4,4,,4.0,4.0,4.0,,,,4.0,24.0,4.428571428571429,4.0,2,Karir Tertunda
16.0,3.0,5.0,,Pilihan,3,5.0,,4.0,2,4,,Akuntansi S1,4.0,Pilihan,,,,3.0,,5.0,,,Sekarang masih proses berkuliah di PPAk Universitas Tarumanagara dan masih mendaftar untuk sertifikasi CA dan CPA,3,4,,4.0,5.0,3.0,,,,5.0,6.0,3.2857142857142856,4.714285714285714,1,Karir Linear
1.0,30.0,4.0,,Pilihan,2,5.0,,4.0,2,2,Pilihan,Akuntansi S1,3.0,,,,,20.0,,5.0,,,"Accurate, Brevet A dan B",3,3,Pilihan,5.0,5.0,3.0,,,,5.0,72.0,2.5714285714285716,4.714285714285714,3,Karir Elit
30.0,3.0,5.0,Pilihan,,5,3.0,,5.0,5,5,,Hubungan Masyarakat,5.0,,,,Pilihan,5.0,,5.0,,,Sertifikat webinar & seminar,5,5,Pilihan,4.0,5.0,5.0,,,,5.0,1.0,5.0,4.571428571428571,0,Karir Lintas Jalur
30.0,12.0,4.0,Pilihan,,4,4.0,,4.0,4,4,,Desain Interior S1,4.0,,,,,20.0,,4.0,,,0,4,4,Pilihan,4.0,4.0,4.0,Pilihan,Pilihan,,4.0,-2.0,4.0,4.0,1,Karir Linear
8.0,4.0,5.0,,,4,5.0,,5.0,4,5,,Desain Komunikasi Visual S1,4.0,,,,,5.0,,5.0,,,0,5,4,,5.0,5.0,4.0,,Pilihan,,5.0,12.0,4.285714285714286,5.0,1,Karir Linear
10.0,2.0,5.0,,,3,4.0,,5.0,4,4,,Teknik Mesin S1,3.0,,,,,2.0,,5.0,Pilihan,,0,3,3,Pilihan,5.0,5.0,4.0,,,,5.0,2.0,3.4285714285714284,4.857142857142857,3,Karir Elit
5.0,4.0,4.0,,,3,4.0,,5.0,5,5,,Psikologi S1,4.0,,,,,4.0,,4.0,,,0,3,4,Pilihan,4.0,4.0,3.0,,,,5.0,6.0,3.857142857142857,4.285714285714286,1,Karir Linear
1.0,1.0,4.0,Pilihan,,4,3.0,,4.0,4,4,,Sistem Informasi S1,4.0,,,,,1.0,,4.0,,,CCNA,4,4,,3.0,4.0,4.0,,,,3.0,24.0,4.0,3.5714285714285716,2,Karir Tertunda
5.0,2.0,4.0,Pilihan,,3,3.0,,5.0,4,3,,Teknik Mesin S1,3.0,,,Pilihan,,3.0,,3.0,,,"Sertifikasi Ahli K3 UMUM Kemnaker, masa berlaku 3 tahun sampai 16 Desember 2027",3,3,Pilihan,4.0,4.0,3.0,,Pilihan,,4.0,2.0,3.142857142857143,3.857142857142857,1,Karir Linear
10.0,0.0,4.0,,,4,2.0,Pilihan,5.0,4,4,,Psikologi S1,4.0,,,,,0.0,,4.0,,,0,3,4,Pilihan,3.0,4.0,4.0,,,,4.0,12.0,3.857142857142857,3.7142857142857144,0,Karir Lintas Jalur
0.0,0.0,5.0,,,3,4.0,,5.0,4,5,,Akuntansi S1,1.0,,,,,0.0,,5.0,,,0,1,1,,3.0,4.0,3.0,,,,4.0,0.0,2.5714285714285716,4.285714285714286,3,Karir Elit
0.0,0.0,5.0,,,5,5.0,,5.0,5,5,,Sistem Informasi S1,5.0,Pilihan,,,,0.0,,4.0,,,0,5,5,,5.0,5.0,5.0,,,,5.0,48.0,5.0,4.857142857142857,1,Karir Linear
20.0,14.0,4.0,,,2,4.0,,4.0,2,2,,Sistem Informasi S1,2.0,,,,,15.0,,4.0,,,"CASF dari skillfront, DATABASE JUNIOR dari BNSP, OCI dari Oracle",2,3,Pilihan,4.0,4.0,2.0,,,,4.0,0.0,2.142857142857143,4.0,3,Karir Elit
4.0,2.0,4.0,Pilihan,,3,4.0,,4.0,4,5,,Teknik Industri S1,5.0,,,,,4.0,,4.0,,,"- Dante Level 1 (2nd Edition) dari Audinate Juli 2025 - Juli 2028
- Foundation of Crestron Programming (CTI-P101) dari Crestron Electronics Mei 2025",5,3,,4.0,4.0,5.0,,,,4.0,6.0,4.285714285714286,4.0,0,Karir Lintas Jalur
0.0,0.0,5.0,,,5,5.0,,5.0,5,5,,Psikologi S1,5.0,,,,,0.0,,5.0,,,BNSP,5,5,,5.0,5.0,5.0,,,,5.0,0.0,5.0,5.0,1,Karir Linear
56.0,6.0,5.0,,Pilihan,3,5.0,,5.0,4,3,,Desain Komunikasi Visual S1,4.0,,,,,13.0,,4.0,,,Sertifikasi Kompetensi Profesi Desainer Grafis Junior dari Badan Nasional Sertifikasi Profesi (BNSP) yang berlaku sejak Juni 2024 hingga Juni 2027,4,4,Pilihan,5.0,4.0,3.0,,,,4.0,7.0,3.5714285714285716,4.571428571428571,1,Karir Linear
100.0,15.0,5.0,Pilihan,,4,4.0,,4.0,3,3,,Periklanan,4.0,,,Pilihan,,20.0,Pilihan,5.0,,,0,2,4,Pilihan,4.0,5.0,4.0,,,,5.0,1.0,3.4285714285714284,4.571428571428571,3,Karir Elit
10.0,5.0,4.0,Pilihan,,4,3.0,,4.0,4,4,,Periklanan,3.0,,,,,3.0,,4.0,,,Lembaga Sertifikat Profesi Universitas Mercu Buana dari Badan Nasional Sertifikasi Profesi (BNSP). masa berlaku 3 tahun,3,4,,4.0,5.0,4.0,,,,5.0,3.0,3.7142857142857144,4.142857142857143,0,Karir Lintas Jalur
10.0,10.0,3.0,,,4,4.0,,4.0,4,4,,Teknik Mesin S1,3.0,,,,,10.0,,3.0,,,0,3,3,Pilihan,4.0,3.0,3.0,Pilihan,,,3.0,-1.0,3.4285714285714284,3.4285714285714284,1,Karir Linear
10.0,8.0,5.0,,,4,4.0,,5.0,5,4,,Manajemen S1,3.0,Pilihan,,,,10.0,,5.0,,,"LSP Finance Management certificate
",4,4,Pilihan,4.0,5.0,4.0,,,,5.0,36.0,4.0,4.714285714285714,0,Karir Lintas Jalur
28.0,6.0,3.0,Pilihan,Pilihan,5,4.0,,5.0,5,5,Pilihan,Teknik Mesin S1,5.0,,,,,13.0,,4.0,,,0,5,5,Pilihan,4.0,5.0,4.0,,Pilihan,,5.0,2.0,4.857142857142857,4.285714285714286,1,Karir Linear
5.0,3.0,4.0,,,5,4.0,,4.0,5,5,,Teknik Sipil S1,5.0,,,,,3.0,,4.0,,,Sertifikasi Pengawas Pekerjaan Bangunan Gedung Utama,5,5,Pilihan,4.0,4.0,5.0,,Pilihan,Pilihan,4.0,-1.0,5.0,4.0,3,Karir Elit
5.0,4.0,5.0,Pilihan,Pilihan,5,5.0,,5.0,5,4,,Teknik Sipil S1,4.0,,,,Pilihan,5.0,,5.0,,,0,5,5,,5.0,5.0,4.0,,,Pilihan,5.0,12.0,4.571428571428571,5.0,3,Karir Elit
1.0,1.0,4.0,,,4,3.0,,4.0,4,5,,Teknik Sipil S1,3.0,,,,,1.0,,4.0,,,Sertifikasi Profesi Pelaksana Lapangan Pekerjaan Jembatan Rangka Baja Madya,3,4,Pilihan,4.0,4.0,3.0,,,,4.0,-2.0,3.7142857142857144,3.857142857142857,1,Karir Linear
10.0,10.0,5.0,,,5,5.0,,5.0,5,5,,Psikologi S1,3.0,Pilihan,,,,10.0,Pilihan,5.0,,,0,1,3,Pilihan,5.0,5.0,4.0,,,,5.0,-6.0,3.7142857142857144,5.0,3,Karir Elit
10.0,3.0,4.0,,Pilihan,3,3.0,,4.0,4,3,,Hubungan Masyarakat,4.0,,,,,3.0,,4.0,,,Produksi Konten Kehumasan,5,4,,5.0,4.0,4.0,,,,4.0,6.0,3.857142857142857,4.0,3,Karir Elit
0.0,0.0,5.0,,,5,5.0,,5.0,5,5,,Psikologi S1,5.0,,,,,0.0,,5.0,,,0,5,5,,5.0,5.0,5.0,,,,5.0,0.0,5.0,5.0,0,Karir Lintas Jalur
5.0,2.0,4.0,,,2,4.0,,4.0,4,3,,Manajemen S1,4.0,Pilihan,,,,2.0,,4.0,,,0,3,2,,4.0,4.0,2.0,,,,4.0,3.0,2.857142857142857,4.0,3,Karir Elit
0.0,0.0,4.0,,,3,3.0,,5.0,4,4,,Teknik Sipil S1,3.0,,,,,0.0,,5.0,,,0,3,3,,4.0,5.0,3.0,,Pilihan,,5.0,0.0,3.2857142857142856,4.428571428571429,0,Karir Lintas Jalur
20.0,3.0,5.0,Pilihan,,3,3.0,Pilihan,5.0,4,3,,Manajemen S1,1.0,,,Pilihan,,3.0,,5.0,,,0,1,3,,3.0,5.0,1.0,,,,5.0,12.0,2.2857142857142856,4.428571428571429,1,Karir Linear
15.0,2.0,3.0,,,3,3.0,,5.0,4,4,,Teknik Sipil S1,3.0,,,,Pilihan,2.0,,4.0,,,Superintendent of Main Building Structural Works,3,3,,3.0,4.0,3.0,,,,4.0,5.0,3.2857142857142856,3.7142857142857144,3,Karir Elit
1.0,1.0,4.0,Pilihan,Pilihan,4,4.0,,5.0,4,4,,Akuntansi S1,4.0,,,,,1.0,,5.0,,,0,4,4,Pilihan,4.0,4.0,4.0,,,,5.0,3.0,4.0,4.428571428571429,3,Karir Elit
0.0,0.0,4.0,,,5,3.0,,4.0,5,5,,Teknik Elektro S1,5.0,,,,,0.0,,4.0,,,Asisten Manajer Pembangunan dan Pemasangan Distribusi Tenaga Listrik Tegangan Rendah,5,5,,4.0,4.0,5.0,,,,4.0,0.0,5.0,3.857142857142857,1,Karir Linear
0.0,0.0,4.0,,,4,4.0,,4.0,4,4,,Teknik Sipil S1,4.0,,,,,0.0,,4.0,,,0,4,4,,4.0,4.0,4.0,,,,4.0,0.0,4.0,4.0,1,Karir Linear
4.0,4.0,5.0,,,5,4.0,,4.0,5,5,,Hubungan Masyarakat,5.0,,,,,4.0,,5.0,,,0,5,5,Pilihan,4.0,5.0,5.0,,,,4.0,6.0,5.0,4.428571428571429,0,Karir Lintas Jalur
1.0,1.0,5.0,,,4,5.0,,5.0,5,5,,Manajemen S1,5.0,,,,,1.0,,5.0,,Pilihan,0,5,5,,5.0,5.0,4.0,,,,5.0,1.0,4.714285714285714,5.0,1,Karir Linear
3.0,3.0,5.0,,,3,4.0,,4.0,3,3,,Teknik Sipil S1,3.0,,,,,3.0,,5.0,,,0,3,2,,4.0,4.0,3.0,,Pilihan,,5.0,24.0,2.857142857142857,4.428571428571429,2,Karir Tertunda
15.0,5.0,5.0,Pilihan,,5,4.0,,5.0,5,5,,Akuntansi S1,5.0,,,,,5.0,,5.0,,,Sertifikat profesi Elementary Levels dari Lembaga Bahasa LIA  Sertifikat profesi Certified Accurate Professional (CAP) dari PT. Ultima Tekno Solusindo,5,5,,5.0,5.0,5.0,,Pilihan,,5.0,9.0,5.0,4.857142857142857,1,Karir Linear
2.0,2.0,4.0,,,2,4.0,,4.0,4,4,,Manajemen S1,2.0,,,,,2.0,,4.0,,,Sertifikat Profesi Staff (Administrasi) SDM (LSP),2,2,,3.0,5.0,2.0,,,,5.0,0.0,2.5714285714285716,4.142857142857143,2,Karir Tertunda
10.0,2.0,4.0,Pilihan,,5,3.0,,5.0,5,5,,Manajemen S1,5.0,,,,Pilihan,3.0,,5.0,,,Toiec,5,5,Pilihan,5.0,5.0,5.0,,,,5.0,6.0,5.0,4.571428571428571,0,Karir Lintas Jalur
2.0,1.0,5.0,Pilihan,,5,5.0,,5.0,5,4,,Penyiaran,4.0,,,,,1.0,,5.0,,,0,4,5,,5.0,5.0,4.0,,,,5.0,4.0,4.428571428571429,5.0,1,Karir Linear
1.0,1.0,4.0,Pilihan,,4,3.0,,4.0,5,4,,Sistem Informasi S1,4.0,,,,,1.0,,4.0,,,ertifikat BNSP Pemrogram Database Yunior,3,4,,4.0,4.0,4.0,,,,4.0,12.0,4.0,3.857142857142857,1,Karir Linear
2.0,2.0,4.0,,,3,4.0,,4.0,3,3,,Teknik Elektro S1,3.0,,,,Pilihan,2.0,,4.0,,,0,3,3,,4.0,4.0,3.0,,,,4.0,3.0,3.0,4.0,1,Karir Linear
2.0,1.0,5.0,,Pilihan,4,4.0,,4.0,4,4,,Teknik Sipil S1,5.0,,,,,1.0,,5.0,,,0,5,4,,4.0,5.0,4.0,,,,5.0,48.0,4.285714285714286,4.571428571428571,1,Karir Linear
7.0,1.0,4.0,,,5,3.0,,5.0,4,4,,Teknik Informatika S1,5.0,,,,,2.0,,5.0,,,"CCNA, SQL Oracle, Junior Network Administrator BNSP (3 Tahun)",4,4,Pilihan,4.0,4.0,5.0,,,,5.0,3.0,4.428571428571429,4.285714285714286,1,Karir Linear
1.0,1.0,3.0,,,3,3.0,,5.0,4,3,,Teknik Mesin S1,3.0,,,,,1.0,,4.0,,,0,3,4,,4.0,4.0,4.0,,,,4.0,0.0,3.4285714285714284,3.857142857142857,3,Karir Elit
5.0,2.0,5.0,,,4,4.0,,5.0,4,4,,Penyiaran,4.0,,,,,2.0,Pilihan,5.0,,,Sertifikat Profesi Asisten Produser dari LSP,4,4,,5.0,5.0,4.0,,Pilihan,Pilihan,5.0,2.0,4.0,4.857142857142857,1,Karir Linear
100.0,5.0,5.0,,,5,5.0,,5.0,5,5,,Teknik Sipil S1,5.0,,,,,10.0,,5.0,,,"Sertifikasi profesi Pelaksana Lapangan Pekerjaan Gedung Madya, Masa berlaku 5 Tahun",5,5,Pilihan,5.0,5.0,5.0,,,,5.0,18.0,5.0,5.0,1,Karir Linear
3.0,3.0,4.0,Pilihan,Pilihan,3,3.0,,5.0,4,3,Pilihan,Manajemen S1,3.0,Pilihan,,Pilihan,,3.0,Pilihan,5.0,,,"Sertifikasi Profesi eserta / Certificate Of Achievement : English For Adults : Elementary Levels, Certirficate Human Resource Management : BNSP berlaku hingga 09 Desember 2025",3,3,Pilihan,4.0,5.0,3.0,,,,5.0,2.0,3.142857142857143,4.428571428571429,1,Karir Linear
2.0,1.0,4.0,,,4,3.0,,5.0,5,4,,Teknik Sipil S1,5.0,,,,,2.0,,5.0,,,"Belum ada ,sedang menunggu jadwal uji kompetensi",5,4,,4.0,5.0,4.0,,,,5.0,0.0,4.428571428571429,4.428571428571429,1,Karir Linear
7.0,7.0,5.0,Pilihan,,5,5.0,,5.0,5,5,,Manajemen S1,5.0,,,,Pilihan,7.0,,5.0,,,"Sertifikasi Kompetensi Manajemen Keuangan dari TUV Rheinland Pada Tanggal 15-16 Mei, 2023",5,5,Pilihan,5.0,5.0,5.0,,,,5.0,60.0,5.0,5.0,1,Karir Linear
50.0,10.0,4.0,,,4,3.0,,5.0,5,5,,Manajemen S1,5.0,,,,Pilihan,20.0,,4.0,,,"Sertifikat Profesi Finance Management dari TUV Rheinland Indonesia (Tidak ada masa berlaku).   Sertifikat Profesi TOEIC LEMBAGA BAHASA LIA SCORES TOEIC 615 (1 Tahun, masa berlaku sampai 09 Maret 2025)",5,5,Pilihan,4.0,4.0,4.0,,,,4.0,12.0,4.714285714285714,4.0,3,Karir Elit
3.0,2.0,4.0,Pilihan,Pilihan,3,3.0,,4.0,4,4,,Teknik Sipil S1,4.0,,,,Pilihan,3.0,Pilihan,4.0,,,"SKK K3 UMUM (2024 - 2027), SK Manajer Lapangan Pelaksanaaan Pekerjaan Gedung (2024 - 2029)",4,4,,4.0,4.0,4.0,,Pilihan,Pilihan,4.0,-1.0,3.857142857142857,3.857142857142857,1,Karir Linear
2.0,1.0,5.0,,,5,4.0,,5.0,5,5,,Manajemen S1,5.0,,,,,1.0,,5.0,,,0,5,5,,5.0,5.0,5.0,,Pilihan,,5.0,3.0,5.0,4.857142857142857,1,Karir Linear
1.0,1.0,4.0,,Pilihan,5,4.0,,5.0,5,5,,Manajemen S1,5.0,,,,,1.0,,5.0,,,0,5,5,Pilihan,5.0,5.0,5.0,,,,4.0,3.0,5.0,4.571428571428571,1,Karir Linear
5.0,3.0,4.0,,,4,4.0,,4.0,4,4,,Sistem Informasi S1,4.0,,,,,3.0,,4.0,,,BNSP Software Engineer (Masa Berlaku 3 Tahun dari 12 Januari 2024),3,3,Pilihan,4.0,4.0,4.0,,,,4.0,12.0,3.7142857142857144,4.0,3,Karir Elit
2.0,1.0,4.0,,Pilihan,4,4.0,,4.0,4,4,,Sistem Informasi S1,4.0,,,,,2.0,,4.0,,,"Responsive Web Design dari FreeCodeCamp (2 Tahun), JavaScript Algorithms and Data Structures dari FreeCodeCamp (2 Tahun), Front End Development Libraries dari FreeCodeCamp (2 Tahun), Database Design dari Oracle (2 Tahun), Database Programming with SQL dari Oracle (2 Tahun)",4,4,,4.0,4.0,4.0,,,,4.0,21.0,4.0,4.0,2,Karir Tertunda
1.0,1.0,5.0,,,5,4.0,,5.0,5,5,,Sistem Informasi S1,5.0,,,,,1.0,,5.0,,,0,5,5,,4.0,5.0,5.0,,,,4.0,0.0,5.0,4.571428571428571,1,Karir Linear
2.0,2.0,4.0,,,3,3.0,,4.0,3,3,,Sistem Informasi S1,3.0,,,,,2.0,,4.0,,,"Sertifikasi profesi Software Engineer dari LSP Mercu Buana berlaku 3 tahun sampai 29 Mei 2027, CCNAv7: Introduction to Networks dari Cisco Networking Academy, Database Programming with SQL dari Oracle Academy",3,3,,3.0,4.0,3.0,,,,4.0,0.0,3.0,3.7142857142857144,0,Karir Lintas Jalur
1.0,1.0,4.0,,,4,4.0,,5.0,4,4,,Teknik Sipil S1,4.0,,,,,1.0,,5.0,Pilihan,,Sertifikasi Pelaksana Pemelihara Jalan,4,4,,4.0,4.0,4.0,Pilihan,,Pilihan,5.0,0.0,4.0,4.428571428571429,1,Karir Linear
1.0,1.0,4.0,,Pilihan,5,3.0,,5.0,5,5,,Sistem Informasi S1,5.0,,,,,1.0,,5.0,,,Sertifikasi Software Engineer,4,2,,4.0,5.0,4.0,,,Pilihan,5.0,1.0,4.285714285714286,4.428571428571429,0,Karir Lintas Jalur
30.0,4.0,4.0,,,4,3.0,Pilihan,4.0,5,4,,Akuntansi S1,4.0,,,Pilihan,,10.0,,4.0,,,Sertifikasi Pelatihan Konsultan Pajak Brevet A & B dari Tax Center FEB Universitas Mercu Buana,4,4,Pilihan,4.0,4.0,4.0,,,,4.0,48.0,4.142857142857143,3.857142857142857,2,Karir Tertunda
2.0,2.0,4.0,Pilihan,,4,4.0,,4.0,4,4,,Manajemen S1,4.0,,,,,2.0,,4.0,,,Business English,4,4,,4.0,4.0,4.0,,,,4.0,36.0,4.0,4.0,2,Karir Tertunda
10.0,2.0,5.0,Pilihan,,3,4.0,,5.0,4,3,Pilihan,Teknik Industri S1,3.0,,,,,5.0,,4.0,,,"Perancangan Sistem Manufaktur, Perancangan Produk dan Proses Manufaktur",4,3,Pilihan,4.0,5.0,4.0,,Pilihan,Pilihan,4.0,30.0,3.4285714285714284,4.428571428571429,2,Karir Tertunda
1.0,1.0,5.0,,,5,5.0,,5.0,5,5,,Hubungan Masyarakat,5.0,,,,,1.0,,5.0,,,0,5,5,,5.0,5.0,5.0,,,,5.0,0.0,5.0,5.0,1,Karir Linear
3.0,3.0,5.0,,Pilihan,5,4.0,,4.0,5,5,,Akuntansi S1,5.0,,,,Pilihan,3.0,,5.0,,,Sertifikasi Profesi Akuntansi (CAP),5,5,,4.0,5.0,5.0,,,,5.0,24.0,5.0,4.571428571428571,2,Karir Tertunda
5.0,4.0,5.0,Pilihan,,3,3.0,,4.0,4,4,,Manajemen S1,4.0,,,,,4.0,,4.0,,,0,4,3,,3.0,4.0,3.0,,,,4.0,48.0,3.5714285714285716,3.857142857142857,0,Karir Lintas Jalur
5.0,2.0,4.0,,,4,3.0,,5.0,4,5,,Manajemen S1,4.0,,,,,2.0,Pilihan,4.0,,,Sertifikasi profesi BNSP Digital Marketing dari Lembaga Sertifikasi Profesi Manajemen Bisnis Kewirausahaan Mandiri (LSP Manisku Mandiri),4,4,Pilihan,4.0,4.0,5.0,,,,4.0,0.0,4.285714285714286,4.0,0,Karir Lintas Jalur
20.0,5.0,4.0,Pilihan,,2,3.0,,4.0,3,2,,Sistem Informasi S1,2.0,,,,,15.0,,4.0,,,"Sertifikasi PL/SQL, ORACLE, BNSP",2,3,Pilihan,3.0,4.0,2.0,,,,4.0,12.0,2.2857142857142856,3.7142857142857144,0,Karir Lintas Jalur
2.0,1.0,5.0,,,4,3.0,,4.0,5,5,,Akuntansi S1,4.0,,,,,1.0,,4.0,,,Certified ACCURATE Professional (CAP) for ACCURATE version 5,5,5,,5.0,4.0,5.0,,,Pilihan,5.0,3.0,4.714285714285714,4.285714285714286,1,Karir Linear
1.0,1.0,5.0,,,4,3.0,,5.0,4,4,,Teknik Elektro S1,4.0,,,,Pilihan,1.0,,5.0,,,0,4,4,,5.0,5.0,4.0,,,,5.0,3.0,4.0,4.714285714285714,3,Karir Elit
5.0,3.0,5.0,Pilihan,Pilihan,5,4.0,Pilihan,4.0,5,5,,Teknik Elektro S1,4.0,Pilihan,,,Pilihan,3.0,Pilihan,5.0,,,0,5,5,Pilihan,5.0,5.0,5.0,Pilihan,Pilihan,Pilihan,5.0,3.0,4.857142857142857,4.714285714285714,1,Karir Linear
1.0,1.0,5.0,,,3,5.0,,5.0,5,5,,Sistem Informasi S1,3.0,,,,Pilihan,1.0,,5.0,,,"PL/SQL Oracle, ToT Akademi keamanan dan ketahanan siber, ToT Digital Resilience and cyber security for goverment officials",3,3,,5.0,5.0,3.0,,,,5.0,0.0,3.5714285714285716,5.0,0,Karir Lintas Jalur
50.0,5.0,5.0,,,5,5.0,,5.0,5,5,,Teknik Sipil S1,5.0,,,,,5.0,,5.0,,,0,5,5,,5.0,5.0,5.0,,,,5.0,0.0,5.0,5.0,1,Karir Linear
6.0,4.0,3.0,,Pilihan,3,3.0,,4.0,4,3,Pilihan,Manajemen S1,4.0,,,,Pilihan,4.0,,3.0,,,TUVRheinland Lembaga Bahasa LIA SIGMA Education,3,4,Pilihan,4.0,4.0,3.0,,Pilihan,,4.0,48.0,3.4285714285714284,3.5714285714285716,0,Karir Lintas Jalur
2.0,2.0,5.0,,,4,5.0,,5.0,4,4,,Akuntansi S1,4.0,,,,,2.0,,5.0,,,0,4,4,,5.0,5.0,4.0,,,,5.0,0.0,4.0,5.0,3,Karir Elit
2.0,1.0,5.0,,,5,4.0,,5.0,5,5,,Hubungan Masyarakat,5.0,,,,,2.0,,5.0,,,0,5,5,Pilihan,4.0,5.0,5.0,,,,5.0,1.0,5.0,4.714285714285714,1,Karir Linear
1.0,1.0,4.0,,,5,5.0,,4.0,5,5,,Akuntansi S1,5.0,,,,Pilihan,1.0,,5.0,,,0,5,4,,5.0,4.0,5.0,,,,5.0,12.0,4.857142857142857,4.571428571428571,3,Karir Elit
24.0,5.0,5.0,,Pilihan,4,5.0,,5.0,4,4,,Akuntansi S1,4.0,,,,,7.0,,5.0,,,0,4,4,,5.0,5.0,4.0,,,,5.0,1.0,4.0,5.0,0,Karir Lintas Jalur
1.0,1.0,3.0,,,3,3.0,,3.0,3,3,,Teknik Industri S1,3.0,,,,Pilihan,1.0,,3.0,,,0,3,3,,3.0,3.0,3.0,,,,3.0,0.0,3.0,3.0,3,Karir Elit
10.0,2.0,4.0,Pilihan,,4,3.0,,5.0,4,4,,Teknik Sipil S1,2.0,,,,,5.0,,4.0,,,Sertifikat Keterampilan Kerja untuk Pengawas Bangunan Gedung-Kelas I Masa berlaku 9 Agustus 2024,2,2,Pilihan,4.0,3.0,2.0,,,,3.0,32.0,2.857142857142857,3.7142857142857144,3,Karir Elit
5.0,5.0,4.0,,,4,3.0,,4.0,4,3,,Teknik Informatika S1,4.0,,,,,5.0,,4.0,,,"1. Sertifikat Profesi, Program Pelatihan Data Science & Machine Learning Dengan Python, 2020, LPK BABASTUDIO 2. Sertifikat Profesi, Agile Project Management : Agile, Scrum, Kanban & XP, 2021, Udemy 3. Sertifikat Profesi, Atlassian Confluence Masterclass for Projec Managers, 2021, Udemy 4. Sertifikat Profesi, Profesional Academy : NoSQL Database with MongoDB, 2021, Digitalent Kominfo x CodePolitan 5. Sertifikat Profesi, Software Design Course : SOLID, Design Patterns, Code Smells, 2021, Udemy 6. Sertifikat Profesi, The Complete Full-Stack JavaScript Course, 2021, Udemy 7. Sertifikat Profesi, Pelatihan Data Quality with Python for Beginner, 2022, DQLab 8. Sertifikat Profesi, Pelatihan Data Science in Telco : Data Cleansing, 2022, DQLab 9. Sertifikat Profesi, Profesional Academy : Data Engineer, 2022, Digitalent Kominfo x CodePolitan 10. Sertifikat Profesi, Alibaba Cloud NoSQL Specialty Certification, 2023, Alibaba Cloud",4,3,Pilihan,4.0,4.0,4.0,,,Pilihan,4.0,1.0,3.7142857142857144,3.857142857142857,3,Karir Elit
1.0,1.0,4.0,Pilihan,,4,3.0,,4.0,4,4,,Manajemen S1,4.0,,,,,1.0,,4.0,,,SERTIFIKAT TUV,5,4,,4.0,5.0,4.0,,,,4.0,6.0,4.142857142857143,4.0,3,Karir Elit
8.0,5.0,4.0,,,4,4.0,,4.0,4,4,,Teknik Sipil S1,3.0,,,,,5.0,,5.0,,,0,3,3,Pilihan,4.0,5.0,3.0,,Pilihan,,5.0,12.0,3.4285714285714284,4.428571428571429,1,Karir Linear
3.0,1.0,5.0,,,4,3.0,,5.0,4,4,,Manajemen S1,4.0,,,,,3.0,,4.0,,,0,4,4,Pilihan,5.0,5.0,4.0,,Pilihan,Pilihan,5.0,12.0,4.0,4.571428571428571,1,Karir Linear
2.0,2.0,3.0,,,3,3.0,,3.0,3,4,,Teknik Sipil S1,2.0,,,,,2.0,,3.0,,,0,2,3,,3.0,3.0,2.0,,Pilihan,,3.0,0.0,2.7142857142857144,3.0,1,Karir Linear
100.0,20.0,3.0,,Pilihan,3,3.0,,4.0,4,4,,Teknik Industri S1,3.0,Pilihan,,,,30.0,,3.0,,,0,3,3,Pilihan,3.0,4.0,3.0,,,,3.0,48.0,3.2857142857142856,3.2857142857142856,0,Karir Lintas Jalur
10.0,3.0,5.0,Pilihan,Pilihan,5,4.0,,5.0,5,5,,Manajemen S1,5.0,,,,Pilihan,3.0,Pilihan,5.0,,,Sertifikat Human Resource Management by TUV Reinland,5,5,Pilihan,5.0,5.0,5.0,Pilihan,Pilihan,Pilihan,5.0,0.0,5.0,4.857142857142857,3,Karir Elit
2.0,2.0,5.0,Pilihan,,5,4.0,,5.0,5,5,,Manajemen S1,5.0,Pilihan,,Pilihan,Pilihan,2.0,,5.0,Pilihan,Pilihan,Operation Management,5,5,Pilihan,5.0,5.0,4.0,Pilihan,Pilihan,Pilihan,5.0,2.0,4.857142857142857,4.857142857142857,3,Karir Elit
70.0,20.0,4.0,Pilihan,,3,2.0,,5.0,5,5,,Akuntansi S1,3.0,,,,Pilihan,50.0,Pilihan,4.0,,,Sertifikasi Accurate,4,3,Pilihan,3.0,4.0,4.0,,Pilihan,Pilihan,5.0,36.0,3.857142857142857,3.857142857142857,0,Karir Lintas Jalur
20.0,15.0,5.0,,,4,5.0,,5.0,5,4,,Sistem Informasi S1,3.0,,,,,15.0,,5.0,,,0,3,5,,4.0,5.0,3.0,,,,5.0,0.0,3.857142857142857,4.857142857142857,3,Karir Elit
10.0,4.0,5.0,,,4,3.0,,4.0,4,4,,Teknik Informatika S1,5.0,,,,,4.0,,4.0,,,"RHCSA, CCT, Sertifikasi BNSP",5,5,Pilihan,5.0,5.0,5.0,,,,5.0,10.0,4.571428571428571,4.428571428571429,3,Karir Elit
4.0,4.0,4.0,,,3,5.0,,5.0,4,4,,Hubungan Masyarakat,4.0,,,,,4.0,Pilihan,5.0,,,0,4,3,,4.0,5.0,3.0,,,,5.0,36.0,3.5714285714285716,4.714285714285714,3,Karir Elit
3.0,3.0,4.0,Pilihan,,4,3.0,,5.0,4,4,,Akuntansi S1,3.0,,,,,3.0,,4.0,,,Brevet,2,3,,4.0,4.0,2.0,,,,4.0,48.0,3.142857142857143,4.0,0,Karir Lintas Jalur
50.0,1.0,5.0,,,5,5.0,,5.0,5,5,,Akuntansi S1,5.0,,,,,1.0,,5.0,,,Serfifikasi Accurate Professional dari PT Ultima Tekno Solusindo dengan masa berlaku 3 tahun,5,5,Pilihan,5.0,5.0,5.0,,,,5.0,1.0,5.0,5.0,1,Karir Linear
5.0,3.0,4.0,Pilihan,,4,4.0,Pilihan,4.0,5,5,,Teknik Sipil S1,4.0,Pilihan,,,,4.0,,4.0,,,0,4,4,Pilihan,4.0,4.0,4.0,,Pilihan,Pilihan,4.0,6.0,4.285714285714286,4.0,1,Karir Linear
2.0,1.0,5.0,,,5,4.0,,5.0,5,5,,Teknik Industri S1,5.0,,,,,1.0,,5.0,,,0,5,5,,5.0,5.0,5.0,,,,5.0,0.0,5.0,4.857142857142857,1,Karir Linear
20.0,15.0,5.0,,Pilihan,3,4.0,,5.0,3,4,,Sistem Informasi S1,3.0,,,,,15.0,,5.0,,,Sertifikasi profesi Software Engineer dari BNSP,3,5,,4.0,5.0,4.0,,,,5.0,48.0,3.5714285714285716,4.714285714285714,2,Karir Tertunda
5.0,3.0,4.0,,,4,3.0,,4.0,4,3,,Teknik Sipil S1,4.0,Pilihan,,,,3.0,,4.0,,,Manajer Lapangan Pelaksanaan Pekerjaan Gedung Jenjang 6,3,4,,4.0,4.0,4.0,,,,4.0,0.0,3.7142857142857144,3.857142857142857,3,Karir Elit
2.0,2.0,5.0,Pilihan,Pilihan,4,5.0,,5.0,4,3,,Teknik Informatika S1,4.0,,,,,2.0,,5.0,,,"1. Kegiatan Ilmiah Nasional/Internasional Webinar Literasi ""Kenali Kampusmu, Kenali Perpustakaanmu"" - 2020 - Universitas Mercu Buana 2. Kegiatan Ilmiah Nasional/Internasional PESERTA di Acara PKM Series Internet Sehat dengan tema: "" Effective and Efficient Online Learning For High School In Indonesia"" - 2021 - Universitas Mercu Buana 3. Kegiatan Ilmiah Nasional/Internasional Webinar Nasional UI/UX Design, Mobile & Web Development - 2021 - Universitas Mercu Buana 4. Sertifikat Profesi Introduction to Cybersecurity - 2022 - CISCO Networking Academy 5. Sertifikat Profesi CCNAv7: Switching, Routing, and Wireless Essentials - 2022 - CISCO Networking Academy 6. Kegiatan Ilmiah Nasional/Internasional Mengembangkan StartUp Bidang Olahraga di Indonesia - 2022 - Universitas Mercu Buana 7. Kegiatan Ilmiah Nasional/Internasional Webinar Talk Bisnis - 2022 - Universitas Mercu Buana 8. Sertifikat Profesi Information Security Awarness - 2023 - FORTINET 9. Sertifikat Profesi Junior Network Administrator - 2024 -Badan Nasional Sertifikasi Profesi 10. Sertifikat Profesi TOEFL Test - 2024 - Brighten English",4,4,,4.0,5.0,4.0,,,,5.0,48.0,3.857142857142857,4.857142857142857,2,Karir Tertunda
5.0,3.0,3.0,,,4,3.0,,4.0,4,5,,Teknik Informatika S1,4.0,,,,,3.0,,3.0,,,0,4,3,,3.0,3.0,4.0,,,,3.0,0.0,4.0,3.142857142857143,1,Karir Linear
10.0,8.0,5.0,,,5,5.0,,5.0,5,5,,Teknik Informatika S1,5.0,,,,,8.0,Pilihan,5.0,,,"Sertifikasi Kompetensi Junior Web Developer dari lembaga badan nasional sertifikasi profesi (BNSP), (3 tahun)",5,5,Pilihan,5.0,5.0,5.0,,Pilihan,,5.0,2.0,5.0,5.0,1,Karir Linear
5.0,4.0,5.0,,,5,5.0,,5.0,5,5,,Manajemen S1,5.0,,,,Pilihan,4.0,,5.0,,,"Sertifikasi Profesi Skema Supervisor Rekrutmen dan Seleksi Sumber Daya Manusia, Training Transformasi Leadership in Vuca Era by AHS Manajemen.",5,5,Pilihan,5.0,5.0,5.0,,,,5.0,12.0,5.0,5.0,0,Karir Lintas Jalur
10.0,9.0,5.0,Pilihan,,4,4.0,,5.0,5,5,,Periklanan,5.0,,,,,9.0,,5.0,,,Social Media dan Content Creator,5,4,Pilihan,5.0,5.0,4.0,,Pilihan,,5.0,12.0,4.571428571428571,4.857142857142857,1,Karir Linear
4.0,4.0,4.0,Pilihan,,4,2.0,,5.0,4,4,,Teknik Informatika S1,4.0,,,,,4.0,,4.0,,,CCNA,4,4,,4.0,3.0,4.0,,,,4.0,10.0,4.0,3.7142857142857144,3,Karir Elit
1.0,1.0,4.0,,,3,4.0,,4.0,3,3,,Teknik Elektro S1,4.0,,,,,1.0,,4.0,,,0,3,2,Pilihan,4.0,4.0,4.0,Pilihan,,,4.0,-1.0,3.142857142857143,4.0,3,Karir Elit
1.0,1.0,4.0,,,3,4.0,,5.0,3,3,,Teknik Elektro S1,3.0,,,,,1.0,,4.0,,,Kualifikasi 6 Bidang Otomasi Industri,3,3,,5.0,4.0,3.0,,,,5.0,0.0,3.0,4.428571428571429,3,Karir Elit
1.0,1.0,4.0,,,3,4.0,,4.0,4,4,,Manajemen S1,4.0,,,,,1.0,,4.0,Pilihan,,"Leadership, Sertifikasi Manajemen Keuangan dan TOIEC",3,3,,4.0,4.0,4.0,,,,4.0,12.0,3.5714285714285716,4.0,0,Karir Lintas Jalur
1.0,1.0,4.0,,Pilihan,2,4.0,,4.0,4,4,,Desain Interior S1,4.0,,,,,1.0,,4.0,,,0,4,2,,4.0,4.0,4.0,,,Pilihan,4.0,6.0,3.4285714285714284,4.0,1,Karir Linear
3.0,1.0,4.0,,Pilihan,4,5.0,Pilihan,4.0,4,3,,Teknik Sipil S1,5.0,Pilihan,,,,1.0,,5.0,Pilihan,,Manajer Lapangan Pelaksanaan Pekerjaan Bangunan Gedung,5,3,Pilihan,4.0,5.0,5.0,,,,5.0,0.0,4.142857142857143,4.571428571428571,3,Karir Elit
18.0,7.0,5.0,,,5,4.0,,5.0,5,4,,Akuntansi S1,4.0,,,,,13.0,,4.0,,,0,3,3,Pilihan,5.0,5.0,2.0,,,Pilihan,5.0,33.0,3.7142857142857144,4.714285714285714,2,Karir Tertunda
12.0,3.0,4.0,,,3,4.0,,4.0,3,3,,Teknik Elektro S1,3.0,,,,,4.0,,4.0,,,Kualifikasi 6 Bidang Otomasi Industri,3,3,,3.0,4.0,3.0,,,,4.0,0.0,3.0,3.857142857142857,0,Karir Lintas Jalur
1.0,1.0,4.0,,Pilihan,4,4.0,,5.0,4,4,,Teknik Sipil S1,4.0,,Pilihan,Pilihan,Pilihan,1.0,,5.0,,,Pelaksana Lapangan Perkerasan Jalan Beton,4,4,Pilihan,4.0,5.0,4.0,Pilihan,Pilihan,,5.0,-1.0,4.0,4.571428571428571,3,Karir Elit
1.0,1.0,5.0,,,4,4.0,,5.0,4,4,,Teknik Informatika S1,4.0,,,,,1.0,,5.0,Pilihan,,"BNSP(Software Engineer), TOEFL",4,4,,5.0,5.0,4.0,,,,5.0,12.0,4.0,4.857142857142857,2,Karir Tertunda
5.0,4.0,4.0,,,4,4.0,,4.0,4,4,,Teknik Elektro S1,4.0,Pilihan,,,Pilihan,5.0,,4.0,,,Assisten Manajer Pembangunan Dan Pemasangan Distribusi  Tenaga Listrik Tegangan Menengah ( 3 Tahun ),4,4,Pilihan,4.0,3.0,4.0,Pilihan,,,4.0,3.0,4.0,3.857142857142857,1,Karir Linear
3.0,1.0,5.0,Pilihan,,5,3.0,,5.0,5,3,Pilihan,Periklanan,4.0,,,,,2.0,,5.0,,Pilihan,0,4,4,,4.0,4.0,5.0,Pilihan,Pilihan,,4.0,1.0,4.285714285714286,4.285714285714286,3,Karir Elit
3.0,3.0,4.0,Pilihan,Pilihan,4,4.0,,5.0,5,5,Pilihan,Teknik Industri S1,5.0,Pilihan,Pilihan,Pilihan,Pilihan,3.0,,4.0,,Pilihan,- Perancangan Produk dan Sistem Manufaktur - Perancangan Sistem Manufaktur,5,4,Pilihan,4.0,5.0,5.0,Pilihan,Pilihan,Pilihan,5.0,6.0,4.714285714285714,4.428571428571429,3,Karir Elit
5.0,3.0,5.0,,,3,4.0,Pilihan,5.0,4,4,,Teknik Mesin S1,3.0,,,Pilihan,,3.0,,4.0,,,"Melakukan Analisis Secara Sistematis Terhadap  Penggunaan Energi, Dan Konsumsi Energi Dalam Ruang  Lingkup Audit Yang Ditetapkan.",4,4,Pilihan,5.0,5.0,4.0,,Pilihan,,5.0,-1.0,3.7142857142857144,4.714285714285714,3,Karir Elit
1.0,1.0,4.0,,,3,4.0,,4.0,4,4,,Teknik Industri S1,3.0,,,,,1.0,,4.0,,,Perancangan Sistem manufaktur & Perancangan Produk dan Proses Manufaktur,4,4,,4.0,5.0,4.0,,,,4.0,0.0,3.7142857142857144,4.142857142857143,3,Karir Elit
3.0,2.0,4.0,,,4,2.0,,4.0,4,4,,Teknik Sipil S1,4.0,Pilihan,,Pilihan,,2.0,,4.0,,,ATAKI,4,4,Pilihan,4.0,4.0,4.0,,,,4.0,-6.0,4.0,3.7142857142857144,0,Karir Lintas Jalur
1.0,1.0,5.0,,,5,5.0,,5.0,5,5,,Teknik Industri S1,5.0,,,,,1.0,,5.0,,,"Sertifikasi profesi Teknik Industri dari Lembaga Seetifikasi Profesi, Perancangan Produk dan Proses Manufaktur, Perancangan Sistem Manufaktur. (3 Tahun)",5,5,,5.0,5.0,5.0,,,,5.0,0.0,5.0,5.0,2,Karir Tertunda
2.0,1.0,5.0,,,5,4.0,,4.0,5,5,,Teknik Industri S1,5.0,Pilihan,,,,1.0,,5.0,,,-,5,5,,4.0,5.0,5.0,,,,5.0,1.0,5.0,4.571428571428571,0,Karir Lintas Jalur
1.0,1.0,4.0,,,4,4.0,,4.0,5,4,,Teknik Elektro S1,1.0,,,,,1.0,,4.0,,,0,1,5,,4.0,4.0,1.0,,,,4.0,0.0,3.0,4.0,3,Karir Elit
3.0,2.0,5.0,,,5,5.0,,5.0,5,5,,Teknik Elektro S1,5.0,,,Pilihan,,3.0,Pilihan,5.0,,,0,5,5,Pilihan,5.0,5.0,5.0,Pilihan,,,5.0,4.0,5.0,5.0,3,Karir Elit
15.0,8.0,5.0,,,5,4.0,,5.0,5,5,,Teknik Elektro S1,5.0,,,,,8.0,,5.0,,,6 Bidang Otomasi Industri,5,5,Pilihan,5.0,5.0,5.0,,Pilihan,,5.0,12.0,5.0,4.857142857142857,3,Karir Elit
50.0,35.0,4.0,Pilihan,,4,4.0,,4.0,4,3,,Teknik Informatika S1,4.0,,,,,45.0,,4.0,,,0,3,4,Pilihan,4.0,4.0,3.0,,,,4.0,48.0,3.5714285714285716,4.0,1,Karir Linear
500.0,10.0,4.0,,,4,3.0,,4.0,4,4,,Teknik Elektro S1,4.0,,,Pilihan,,20.0,,3.0,,,Sertifikasi profesi Asisten Manager Pembangunan dan Pemasangan Distribusi Tenaga Listrik Tegangan Rendah,4,4,Pilihan,4.0,4.0,4.0,,,,4.0,24.0,4.0,3.7142857142857144,3,Karir Elit
20.0,6.0,5.0,Pilihan,,4,5.0,,5.0,4,4,,Akuntansi S1,4.0,Pilihan,,,,6.0,Pilihan,5.0,,,0,4,4,Pilihan,5.0,5.0,4.0,,,,5.0,-6.0,4.0,5.0,1,Karir Linear
20.0,5.0,4.0,,,4,4.0,,4.0,4,5,,Teknik Elektro S1,4.0,,,,,10.0,,5.0,,,0,5,4,Pilihan,4.0,5.0,5.0,Pilihan,Pilihan,Pilihan,5.0,12.0,4.428571428571429,4.428571428571429,1,Karir Linear
10.0,6.0,5.0,,,5,5.0,,5.0,5,5,,Teknik Industri S1,5.0,,,,,8.0,Pilihan,5.0,,,Sertfikat Profesi Perancangan Sistem Manufaktur & Perancangan Produk dan Proses Manufaktur,5,5,,5.0,5.0,5.0,,,,5.0,1.0,5.0,5.0,1,Karir Linear
10.0,4.0,4.0,Pilihan,,3,4.0,,5.0,4,4,,Teknik Sipil S1,2.0,,,,,7.0,,4.0,,,0,2,3,Pilihan,4.0,4.0,2.0,,Pilihan,,4.0,-1.0,2.857142857142857,4.142857142857143,1,Karir Linear
1.0,1.0,5.0,,,4,5.0,,5.0,4,4,,Teknik Elektro S1,4.0,,,,,1.0,,5.0,,,0,4,4,,5.0,5.0,4.0,,,,5.0,0.0,4.0,5.0,1,Karir Linear
1.0,1.0,4.0,Pilihan,,4,3.0,,4.0,4,4,,Teknik Industri S1,4.0,,,,Pilihan,1.0,,4.0,,,0,4,4,,4.0,4.0,4.0,,,,4.0,-12.0,4.0,3.857142857142857,3,Karir Elit
1.0,1.0,5.0,Pilihan,Pilihan,5,5.0,Pilihan,5.0,5,5,Pilihan,Teknik Mesin S1,5.0,Pilihan,Pilihan,Pilihan,Pilihan,1.0,Pilihan,5.0,Pilihan,Pilihan,Tidak ada,5,5,Pilihan,5.0,5.0,5.0,Pilihan,Pilihan,Pilihan,5.0,-1.0,5.0,5.0,3,Karir Elit
1.0,1.0,3.0,,,3,3.0,,3.0,4,3,,Teknik Elektro S1,3.0,,,,,1.0,,3.0,,,0,4,3,,3.0,4.0,3.0,,,,4.0,0.0,3.2857142857142856,3.2857142857142856,1,Karir Linear
3.0,4.0,5.0,,Pilihan,5,4.0,,5.0,5,5,,Periklanan,2.0,,,,,3.0,,5.0,,,-,4,4,,4.0,5.0,4.0,,,,5.0,1.0,4.142857142857143,4.714285714285714,3,Karir Elit
3.0,2.0,5.0,,,2,5.0,,5.0,3,3,,Teknik Elektro S1,3.0,Pilihan,,Pilihan,,3.0,,5.0,,,Asisten Manager Pembangunan dan Pemasangan Distribusi Tenaga Listrik Tegangan Menengah,3,3,Pilihan,5.0,5.0,3.0,Pilihan,Pilihan,Pilihan,5.0,3.0,2.857142857142857,5.0,3,Karir Elit
10.0,1.0,4.0,Pilihan,,4,3.0,,3.0,4,5,,Teknik Informatika S1,5.0,,,,,1.0,,4.0,,,Sertifikat Kompetensi Pemasaran Digital dari Lembaga BNSP masa berlaku 3 Tahun,5,5,,4.0,4.0,5.0,,Pilihan,Pilihan,4.0,24.0,4.714285714285714,3.7142857142857144,2,Karir Tertunda
200.0,25.0,5.0,,,4,5.0,,5.0,4,4,,Periklanan,4.0,,,,,50.0,,5.0,Pilihan,,Tidak ada,4,4,Pilihan,5.0,5.0,4.0,,,,5.0,6.0,4.0,5.0,1,Karir Linear
1.0,5.0,4.0,,,4,3.0,,4.0,4,4,,Akuntansi S1,4.0,,,,,10.0,,4.0,,,Sertifikat Brevet A & B Sertifikat Accurate,4,4,Pilihan,4.0,4.0,4.0,,Pilihan,,4.0,1.0,4.0,3.857142857142857,1,Karir Linear
3.0,15.0,5.0,,,3,4.0,,5.0,4,5,,Teknik Elektro S1,4.0,,,,,25.0,,5.0,,,Asisten manajer Pembangunan Dan Pemasangan Distribusi Tenaga Listrik Tegangan Rendah,3,4,,4.0,5.0,4.0,,,,5.0,0.0,3.857142857142857,4.714285714285714,1,Karir Linear
1.0,1.0,4.0,Pilihan,,3,3.0,,4.0,3,3,,Manajemen S1,3.0,,,,,1.0,,5.0,,,0,3,3,,4.0,5.0,3.0,,,,5.0,9.0,3.0,4.285714285714286,1,Karir Linear
1.0,10.0,3.0,,,3,3.0,,4.0,3,4,,Hubungan Masyarakat,3.0,,,,,10.0,,5.0,,,Sertifikasi management issue,3,3,,4.0,5.0,3.0,,,,5.0,0.0,3.142857142857143,4.142857142857143,3,Karir Elit
1.0,1.0,5.0,Pilihan,,5,5.0,,5.0,5,5,,Hubungan Masyarakat,5.0,,,,,1.0,,5.0,,,0,5,5,,4.0,4.0,5.0,,,,5.0,1.0,5.0,4.714285714285714,1,Karir Linear
10.0,5.0,4.0,Pilihan,,4,4.0,,4.0,3,2,,Sistem Informasi S1,3.0,,,,,7.0,Pilihan,3.0,,,CCNAv7 Introduction to Networks,3,3,,3.0,4.0,2.0,,,,4.0,12.0,2.857142857142857,3.7142857142857144,0,Karir Lintas Jalur
1.0,1.0,5.0,Pilihan,,5,4.0,,5.0,5,5,,Hubungan Masyarakat,5.0,,,,,1.0,,5.0,,,0,5,5,,5.0,5.0,5.0,,Pilihan,,5.0,-1.0,5.0,4.857142857142857,3,Karir Elit
3.0,2.0,3.0,,,3,3.0,,3.0,3,3,,Teknik Industri S1,3.0,,,,,2.0,Pilihan,3.0,Pilihan,,Perancangan Sistem Manufaktur & Perancangan Produk  dan Proses Manufaktur.,3,3,,3.0,3.0,3.0,,,,3.0,1.0,3.0,3.0,0,Karir Lintas Jalur
10.0,5.0,5.0,,,4,4.0,,5.0,5,4,,Teknik Mesin S1,4.0,,,,,5.0,,5.0,,,Mechanical Junior Enginer Maintenance,4,4,Pilihan,5.0,5.0,4.0,,,,5.0,36.0,4.142857142857143,4.857142857142857,0,Karir Lintas Jalur
5.0,3.0,5.0,Pilihan,,5,4.0,,5.0,5,5,,Manajemen S1,5.0,Pilihan,,,Pilihan,3.0,Pilihan,5.0,,,Human Resource Management by TuvRheiland/Lembaga Bahasa LIA,5,5,Pilihan,5.0,5.0,5.0,,Pilihan,,5.0,32.0,5.0,4.857142857142857,0,Karir Lintas Jalur
5.0,5.0,5.0,Pilihan,,5,5.0,,5.0,5,5,,Teknik Elektro S1,5.0,,,,,5.0,,5.0,,,Sertifikat LSP-P1,5,5,,5.0,5.0,5.0,,,,5.0,24.0,5.0,5.0,1,Karir Linear
1.0,1.0,3.0,,,3,3.0,,3.0,3,3,Pilihan,Teknik Elektro S1,3.0,,,,,1.0,,3.0,,,Asisten Manager Pembangunan dan Pemasangan Jaringan Distribusi Tegangan Menengah,3,3,,3.0,3.0,3.0,,,,3.0,24.0,3.0,3.0,2,Karir Tertunda
1.0,1.0,4.0,Pilihan,Pilihan,4,4.0,Pilihan,4.0,4,4,,Teknik Sipil S1,3.0,Pilihan,,,Pilihan,1.0,,4.0,,,Sertifikat Kompetensi Pengawas Pekerjaan Struktur Bangunan Gedung Utama,3,4,Pilihan,4.0,4.0,3.0,Pilihan,Pilihan,Pilihan,4.0,6.0,3.5714285714285716,4.0,1,Karir Linear
1.0,1.0,5.0,,,5,5.0,,5.0,5,4,,Teknik Informatika S1,5.0,,,,,1.0,,5.0,Pilihan,,"1. Sertifikasi Software Engineer  dari LSP Universitras Mercubuana (11 Juli 2024) (4 tahun dari rilis Sertifikat) 2. DevCoach 133 : Front-End | Kelola Paketmu dengan NPM - 20 Februari 2024 - Dicoding (0) 3. As Participant On National Webinar “Webinar Data Science with Python” - 30 Agustus 2022 - dilatih.co (0) 4. sebagai PESERTA di Acara PKM Series Internet Sehat dengan tema:"" Effective and Efficient Online Learning For High School In Indonesia "" - 12 Januari 2021 - Universitas Mercubuana Fasilkom (0) 5. Pekan Ristek Universitas Mercubuana Peningkatan Kolaborasi Antara Perguruan Tinggi, Pemerintah, Industri dan Masyarakat Untuk Peningkatan IPTEK di Masa Pandemi Covid 19 di Indonesia) - 28 Agustus 2020 - Universitas Mercubuana  (0) 6. As Participant in Sharia Learning Time by Financial Market - 6 Agustus 2022 - Universitas Padjadjaran (0) 7. Dicoding Developer Coaching #75 : Machine Learning | Pengenalan Bahasa Pemograman Python - 2 Desember 2022 - Dicoding (0) 8. Peserta Dosen Tamu Kapita Selekta Wireless Network - 21 Juni 2022 - Universitas Mercubuana (0) 9. Kegiatan Webinar Diseminasi Hasil Kegiatan Pengabdian Kepada Masyarakat Pusat Pengabdian Kepada Masyarakat, Universitas Mercubuana - 25 sampai 26 Agustus 2020 - Universitas Mercubuana (0) 10. Menjadi Programer Mobile Yang Mobile - Tugas 01 (Tuntung Gawi Santai), Komunitas Android Developer Kalimantan Selatan - 28 Februari 2023 - Dicoding (0) 11. Intermediate JavaScript : Enchancing Your Coding Skills - 23 Maret 2024 - Dicoding (0) 12. JavaScript Basics : A Beginner's Guide to Web Development - 20 Februari 2024 - Dicoding (0) 13. Devcoach 134 : Back=End | Meningkatkan performa REST API dengan Cache - 22 Februari 2024 - Dicoding (0) 14. Devcoach 136 : Back-End | Mengenal Automation Testing dan TDD - 29 Februari 2024 - Dicoding (0) 15. Devcoach 135 : Font-End | Bundel Kode dengan Module Bundler - 27 Februari 2024 - Dicoding (0) 16. as Participant at ""Development Journey : Optimize the CRUD Aplication Using Laravel Filament - 2024 -  Google Developer Student Clubs, Ciputra University (0) 17. Certicate Of Achievement Toefl Prediction Test- 27 Maret 2023 - ELSKILL  (0)",5,4,,5.0,5.0,5.0,,,,5.0,3.0,4.714285714285714,5.0,1,Karir Linear
1.0,1.0,5.0,,,5,3.0,,5.0,5,5,,Sistem Informasi S1,4.0,,,,,1.0,,5.0,,,"Sertifikasi Profesi Software Engineer dari Lembaga Profesi, CCNAv7",4,5,,5.0,5.0,4.0,,,,5.0,0.0,4.571428571428571,4.714285714285714,0,Karir Lintas Jalur
1.0,1.0,4.0,,,5,4.0,,4.0,4,4,,Teknik Elektro S1,5.0,,,,,1.0,,5.0,,,Sertifikasi 6 Bidang Otomasi Industri,4,5,,4.0,4.0,4.0,,,Pilihan,5.0,6.0,4.428571428571429,4.285714285714286,1,Karir Linear
1.0,1.0,4.0,,,4,3.0,,4.0,5,5,,Sistem Informasi S1,4.0,,,,,1.0,,5.0,,,"Software Engineer  dari LSP (3 Tahun), CCNA, PL/SQL, TOEIC",5,4,,3.0,5.0,4.0,,,,5.0,0.0,4.428571428571429,4.142857142857143,0,Karir Lintas Jalur
10.0,4.0,5.0,,,5,3.0,,5.0,5,5,,Desain Komunikasi Visual S1,5.0,,,,,8.0,,5.0,,,Sertifikasi desain grafis junior (3 Tahun),5,5,Pilihan,5.0,5.0,5.0,,,,5.0,54.0,5.0,4.714285714285714,1,Karir Linear
3.0,2.0,4.0,,,4,3.0,,4.0,4,4,,Hubungan Masyarakat,3.0,,,,,2.0,,5.0,,,0,4,3,Pilihan,4.0,4.0,3.0,,,,4.0,36.0,3.5714285714285716,4.0,2,Karir Tertunda
4.0,5.0,4.0,Pilihan,Pilihan,3,4.0,,5.0,4,4,,Teknik Sipil S1,2.0,Pilihan,,Pilihan,Pilihan,5.0,Pilihan,4.0,,Pilihan,Sertifikat Pengawas Pekerjaan Struktur Bangunan Gedung Utama,2,3,Pilihan,4.0,4.0,2.0,Pilihan,Pilihan,Pilihan,4.0,0.0,2.857142857142857,4.142857142857143,3,Karir Elit
1.0,1.0,4.0,,Pilihan,4,3.0,,4.0,4,4,,Teknik Sipil S1,4.0,,,,,1.0,,4.0,,,Sertifikasi Profesi Pengawas Pekerjaan Struktur Bangunan Gedung Utama,4,4,,4.0,4.0,4.0,,,,4.0,84.0,4.0,3.857142857142857,1,Karir Linear
2.0,2.0,4.0,,,3,3.0,,3.0,4,3,,Teknik Informatika S1,4.0,,,,,2.0,,4.0,,,0,4,3,Pilihan,4.0,4.0,3.0,,,,4.0,24.0,3.4285714285714284,3.7142857142857144,1,Karir Linear
2.0,2.0,5.0,,,4,5.0,,5.0,5,4,,Akuntansi S1,5.0,,,,,2.0,,5.0,,,Accurate Version 5,5,3,,5.0,5.0,5.0,,,,5.0,0.0,4.428571428571429,5.0,1,Karir Linear
5.0,4.0,4.0,,,5,4.0,,4.0,4,4,,Hubungan Masyarakat,5.0,,,,,4.0,,4.0,,,0,4,4,,4.0,5.0,4.0,,,,5.0,0.0,4.285714285714286,4.285714285714286,0,Karir Lintas Jalur
3.0,3.0,4.0,Pilihan,Pilihan,4,4.0,Pilihan,4.0,4,4,Pilihan,Teknik Industri S1,4.0,Pilihan,Pilihan,Pilihan,Pilihan,3.0,Pilihan,3.0,,,Sertifikasi kompetensi Perancangan Produk & Proses  Manufakturdan Perancangan Sisten Manufakturdari LSP Universitas Mercubuana,4,4,Pilihan,4.0,4.0,4.0,Pilihan,Pilihan,Pilihan,4.0,-1.0,4.0,3.857142857142857,3,Karir Elit
2.0,8.0,5.0,,Pilihan,4,5.0,,5.0,5,5,,Teknik Industri S1,5.0,,,,,4.0,,5.0,,,Sertifikat Kompetensi BNSP,5,5,,4.0,5.0,4.0,,,,5.0,48.0,4.714285714285714,4.857142857142857,0,Karir Lintas Jalur
1.0,1.0,5.0,,,5,3.0,,5.0,5,5,,Teknik Industri S1,5.0,,,Pilihan,Pilihan,1.0,,5.0,,,0,5,5,,5.0,5.0,5.0,Pilihan,Pilihan,,5.0,1.0,5.0,4.714285714285714,0,Karir Lintas Jalur
2.0,1.0,4.0,Pilihan,,3,3.0,,4.0,3,3,,Akuntansi S1,3.0,,,,,1.0,,4.0,,,Sertifikat Brever Pajak AB (Politeknik Keuangan Negara STAN),3,3,,4.0,4.0,3.0,,,Pilihan,4.0,7.0,3.0,3.857142857142857,1,Karir Linear
10.0,8.0,4.0,,Pilihan,4,4.0,,4.0,4,3,,Periklanan,4.0,,,,,10.0,,5.0,,,Lembaga Sertifikasi Profesi (UJIKOM),4,3,,5.0,5.0,3.0,,,,5.0,60.0,3.5714285714285716,4.571428571428571,3,Karir Elit
10.0,3.0,4.0,Pilihan,Pilihan,4,4.0,,4.0,4,4,,Teknik Mesin S1,4.0,Pilihan,,Pilihan,,3.0,,4.0,,,0,4,4,Pilihan,4.0,4.0,4.0,Pilihan,,Pilihan,4.0,-6.0,4.0,4.0,0,Karir Lintas Jalur
100.0,5.0,4.0,,,4,5.0,,5.0,4,5,,Teknik Sipil S1,5.0,,,,,20.0,,4.0,,,0,4,4,,4.0,4.0,4.0,,Pilihan,,4.0,-3.0,4.285714285714286,4.285714285714286,1,Karir Linear
3.0,1.0,5.0,Pilihan,,3,3.0,,5.0,4,3,,Desain Komunikasi Visual S1,4.0,,,,,1.0,,4.0,,,0,4,3,,5.0,4.0,4.0,,,,4.0,36.0,3.5714285714285716,4.285714285714286,2,Karir Tertunda
1.0,1.0,4.0,,,4,4.0,,4.0,3,4,,Teknik Industri S1,3.0,,,,,1.0,,4.0,,,0,3,3,,4.0,4.0,4.0,,,,4.0,0.0,3.4285714285714284,4.0,0,Karir Lintas Jalur
3.0,3.0,5.0,,,4,5.0,,5.0,4,4,,Teknik Mesin S1,4.0,,,,,3.0,Pilihan,5.0,,,Seni,4,4,,5.0,5.0,4.0,,,,5.0,1.0,4.0,5.0,1,Karir Linear
3.0,3.0,4.0,,Pilihan,5,3.0,,5.0,5,5,,Manajemen S1,5.0,,,,,3.0,,4.0,,,"Sertifikasi system SAP, TOEIC, Sertifkasi Supply Chain",5,4,,5.0,5.0,5.0,,,,5.0,12.0,4.857142857142857,4.428571428571429,3,Karir Elit
20.0,1.0,5.0,Pilihan,,5,4.0,,4.0,5,5,,Psikologi S1,5.0,,,,,2.0,,5.0,,,Sertifikasi BNSP LSP universitas Mercu Buana,5,5,,4.0,5.0,5.0,,,,5.0,1.0,5.0,4.571428571428571,0,Karir Lintas Jalur
15.0,3.0,4.0,Pilihan,,3,3.0,,4.0,5,3,,Teknik Sipil S1,2.0,,,,,5.0,,4.0,,,Perbaikan Jalan,2,2,,3.0,4.0,4.0,,,,4.0,49.0,3.0,3.7142857142857144,0,Karir Lintas Jalur
20.0,5.0,4.0,Pilihan,,5,3.0,,5.0,5,5,,Teknik Sipil S1,5.0,,,,,5.0,,4.0,,,0,5,5,,4.0,4.0,5.0,,,,4.0,-1.0,5.0,4.0,1,Karir Linear
30.0,4.0,4.0,,,5,4.0,,4.0,4,4,,Teknik Mesin S1,4.0,,,,,10.0,Pilihan,4.0,,,0,4,3,Pilihan,4.0,3.0,4.0,,,,3.0,3.0,4.0,3.7142857142857144,3,Karir Elit
1.0,2.0,3.0,Pilihan,,4,3.0,,4.0,4,4,,Sistem Informasi S1,4.0,,,Pilihan,,2.0,,4.0,,,0,4,4,Pilihan,3.0,4.0,4.0,,,,4.0,48.0,4.0,3.5714285714285716,2,Karir Tertunda
6.0,5.0,4.0,Pilihan,Pilihan,4,3.0,,4.0,4,3,,Teknik Sipil S1,4.0,Pilihan,,Pilihan,Pilihan,5.0,,4.0,,,Sertifikasi Kompetensi SDM Vokasional Bidang Kontruksi,3,3,Pilihan,4.0,4.0,3.0,,Pilihan,,4.0,6.0,3.4285714285714284,3.857142857142857,1,Karir Linear
2.0,2.0,5.0,Pilihan,,5,4.0,,5.0,5,5,,Arsitektur S1,5.0,,,,,2.0,,5.0,,,0,5,5,Pilihan,4.0,5.0,5.0,,,,5.0,12.0,5.0,4.714285714285714,0,Karir Lintas Jalur
50.0,29.0,5.0,Pilihan,Pilihan,4,4.0,,5.0,4,4,,Sistem Informasi S1,4.0,Pilihan,,,,35.0,,5.0,,,Software Engineer,4,4,,4.0,5.0,4.0,,,Pilihan,5.0,24.0,4.0,4.714285714285714,0,Karir Lintas Jalur
10.0,4.0,4.0,,,3,4.0,,4.0,3,3,,Teknik Industri S1,3.0,,,Pilihan,,6.0,,4.0,,,-,3,3,,4.0,4.0,3.0,,Pilihan,,4.0,-3.0,3.0,4.0,3,Karir Elit
6.0,5.0,5.0,Pilihan,,5,5.0,,5.0,5,5,,Teknik Mesin S1,5.0,Pilihan,,,,4.0,,5.0,,,Mechanical Maintenance Junior Engineer,5,5,Pilihan,5.0,5.0,5.0,,Pilihan,,5.0,5.0,5.0,5.0,3,Karir Elit
20.0,5.0,5.0,,,4,4.0,,5.0,5,5,,Hubungan Masyarakat,5.0,,,,,13.0,,5.0,,,0,4,4,Pilihan,5.0,5.0,5.0,,,,5.0,12.0,4.571428571428571,4.857142857142857,0,Karir Lintas Jalur
1.0,1.0,5.0,,,5,5.0,,5.0,5,5,,Teknik Elektro S1,5.0,Pilihan,,,,1.0,,5.0,,,0,5,5,,5.0,5.0,5.0,,,,5.0,0.0,5.0,5.0,3,Karir Elit
9.0,4.0,4.0,,,3,3.0,,4.0,2,3,,Akuntansi D3,3.0,Pilihan,,,,6.0,,4.0,,,0,3,2,Pilihan,3.0,4.0,2.0,,,Pilihan,4.0,3.0,2.5714285714285716,3.7142857142857144,1,Karir Linear
7.0,3.0,4.0,,,5,4.0,,5.0,5,5,,Teknik Elektro S1,5.0,,,Pilihan,,5.0,,5.0,,,0,5,5,,4.0,5.0,5.0,,,,5.0,0.0,5.0,4.571428571428571,1,Karir Linear
10.0,10.0,5.0,,,5,5.0,,5.0,5,5,,Akuntansi S1,5.0,,,,,5.0,,5.0,Pilihan,,0,5,5,,5.0,5.0,5.0,,,,5.0,0.0,5.0,5.0,3,Karir Elit
1.0,3.0,4.0,,,4,3.0,,4.0,4,4,,Sistem Informasi S1,4.0,Pilihan,,,,3.0,,4.0,,,BNSP,4,4,,4.0,4.0,4.0,,,,4.0,54.0,4.0,3.857142857142857,1,Karir Linear
1.0,1.0,4.0,Pilihan,,3,5.0,,5.0,5,4,,Periklanan,3.0,,,,,1.0,,4.0,,,-,3,2,,4.0,4.0,3.0,,,,4.0,108.0,3.2857142857142856,4.285714285714286,3,Karir Elit
10.0,3.0,4.0,Pilihan,,3,4.0,,5.0,5,4,,Teknik Informatika S1,4.0,,,,,5.0,,5.0,,,BNSP(Junior Database),4,3,,4.0,4.0,4.0,,,,5.0,12.0,3.857142857142857,4.428571428571429,1,Karir Linear
1.0,1.0,5.0,Pilihan,,5,4.0,,4.0,5,4,,Desain Komunikasi Visual S1,5.0,,,,,1.0,,4.0,,,0,5,5,,4.0,5.0,5.0,,,,5.0,24.0,4.857142857142857,4.428571428571429,1,Karir Linear
50.0,5.0,5.0,,,5,5.0,,5.0,5,5,,Psikologi S1,5.0,,,,,10.0,,5.0,Pilihan,,lsp sdm,5,5,,5.0,5.0,5.0,,Pilihan,,5.0,12.0,5.0,5.0,3,Karir Elit
15.0,3.0,3.0,,,3,3.0,,3.0,4,4,,Akuntansi S1,5.0,,,,,5.0,,4.0,,,0,4,3,Pilihan,5.0,5.0,4.0,,,,4.0,6.0,3.857142857142857,3.857142857142857,1,Karir Linear
1.0,3.0,5.0,Pilihan,Pilihan,5,5.0,,5.0,5,5,,Psikologi S1,5.0,Pilihan,,,,3.0,,5.0,,,0,5,5,Pilihan,5.0,5.0,5.0,Pilihan,,,5.0,12.0,5.0,5.0,1,Karir Linear
1.0,1.0,4.0,Pilihan,Pilihan,4,4.0,,5.0,5,4,Pilihan,Hubungan Masyarakat,5.0,Pilihan,,Pilihan,,1.0,,5.0,,,0,5,4,Pilihan,4.0,5.0,5.0,Pilihan,Pilihan,Pilihan,5.0,12.0,4.571428571428571,4.571428571428571,1,Karir Linear
15.0,3.0,4.0,,,4,3.0,,4.0,4,4,,Desain Komunikasi Visual S1,4.0,Pilihan,,,,10.0,Pilihan,3.0,,,Sertifikasi Design Graphic Junior dari Lembaga Sertifikasi Profesi  Selama 3 Tahun,4,4,Pilihan,5.0,4.0,4.0,,Pilihan,,4.0,-1.0,4.0,3.857142857142857,0,Karir Lintas Jalur
10.0,10.0,5.0,,,5,5.0,,5.0,5,5,,Periklanan,3.0,,,,,10.0,,5.0,,,Meta ads media planning,3,5,,5.0,5.0,5.0,,,,5.0,0.0,4.428571428571429,5.0,3,Karir Elit
30.0,20.0,5.0,,,5,4.0,,5.0,5,5,,Periklanan,5.0,,,,,20.0,,4.0,,,Sertifikasi SMR level 1 Perbankan,5,5,,5.0,4.0,5.0,,,,5.0,0.0,5.0,4.571428571428571,3,Karir Elit
10.0,7.0,5.0,Pilihan,Pilihan,5,5.0,Pilihan,5.0,5,5,Pilihan,Teknik Elektro S1,4.0,Pilihan,Pilihan,Pilihan,Pilihan,10.0,Pilihan,5.0,Pilihan,Pilihan,mechanical design,4,5,Pilihan,5.0,5.0,4.0,Pilihan,Pilihan,Pilihan,5.0,6.0,4.571428571428571,5.0,1,Karir Linear
3.0,1.0,5.0,,,5,5.0,,5.0,5,5,,Periklanan,5.0,,,,,1.0,,5.0,,,Ujikom Pembuatan Iklan,5,5,,5.0,5.0,5.0,,,,5.0,0.0,5.0,5.0,3,Karir Elit
10.0,5.0,5.0,,,5,4.0,,5.0,5,5,,Periklanan,5.0,,Pilihan,,,5.0,,5.0,,,0,5,5,,5.0,5.0,5.0,,,,5.0,0.0,5.0,4.857142857142857,1,Karir Linear
1.0,1.0,4.0,Pilihan,,3,3.0,,4.0,3,3,,Teknik Informatika S1,3.0,,,,Pilihan,1.0,,4.0,,,0,3,3,Pilihan,4.0,4.0,3.0,,Pilihan,,5.0,6.0,3.0,4.0,1,Karir Linear
5.0,2.0,4.0,Pilihan,,4,4.0,,4.0,4,4,,Hubungan Masyarakat,4.0,,,,,3.0,,4.0,,,Sertifikat Penghargaan mengikuti MSU,4,5,Pilihan,4.0,4.0,4.0,,Pilihan,Pilihan,4.0,1.0,4.142857142857143,4.0,0,Karir Lintas Jalur
10.0,3.0,5.0,,,5,5.0,,5.0,5,5,,Periklanan,5.0,,,,,6.0,,5.0,,,0,5,5,Pilihan,5.0,5.0,5.0,,,,5.0,0.0,5.0,5.0,1,Karir Linear
1.0,1.0,5.0,,,4,4.0,,5.0,4,4,,Sistem Informasi S1,4.0,,,,,1.0,,4.0,,,"CSCU, PL/SQL, Software Enginer(BNSP),",4,4,Pilihan,5.0,4.0,4.0,,,,5.0,36.0,4.0,4.571428571428571,2,Karir Tertunda
3.0,3.0,5.0,Pilihan,,5,5.0,,5.0,5,5,,Periklanan,5.0,,,,Pilihan,3.0,,5.0,,,0,5,5,Pilihan,5.0,5.0,5.0,,Pilihan,Pilihan,5.0,1.0,5.0,5.0,1,Karir Linear
1.0,1.0,5.0,,,5,5.0,,5.0,5,5,,Hubungan Masyarakat,5.0,,,,,1.0,,5.0,Pilihan,,0,5,5,,5.0,5.0,5.0,,,,5.0,1.0,5.0,5.0,3,Karir Elit
2.0,2.0,4.0,,Pilihan,3,4.0,,5.0,4,4,,Akuntansi S1,4.0,,,,Pilihan,2.0,,4.0,,,Accurate,4,3,Pilihan,4.0,4.0,4.0,,,,4.0,48.0,3.7142857142857144,4.142857142857143,1,Karir Linear
2.0,2.0,4.0,Pilihan,,5,3.0,,5.0,5,5,,Teknik Sipil S1,5.0,Pilihan,,Pilihan,,2.0,,4.0,,,0,5,5,Pilihan,3.0,4.0,5.0,,Pilihan,,5.0,6.0,5.0,4.0,1,Karir Linear
3.0,2.0,3.0,Pilihan,,5,3.0,,5.0,5,4,,Arsitektur S1,5.0,,,,,3.0,,4.0,,,0,5,5,,3.0,3.0,5.0,,,,3.0,72.0,4.857142857142857,3.4285714285714284,1,Karir Linear
100.0,35.0,5.0,Pilihan,,5,3.0,,5.0,4,5,,Psikologi S1,4.0,,,,,50.0,,5.0,,,0,5,4,Pilihan,5.0,5.0,5.0,,Pilihan,Pilihan,5.0,8.0,4.571428571428571,4.714285714285714,1,Karir Linear
1.0,1.0,3.0,Pilihan,Pilihan,2,2.0,,4.0,5,3,,Psikologi S1,3.0,,,,,1.0,,3.0,,,Sertifikasi Manajemen Sumber Daya Manusia (berlaku s/d November 2026),2,2,,4.0,4.0,4.0,,Pilihan,,4.0,-3.0,3.0,3.4285714285714284,0,Karir Lintas Jalur
30.0,15.0,5.0,,Pilihan,4,4.0,,4.0,4,5,,Psikologi S1,3.0,,,,,15.0,,5.0,,,0,3,4,Pilihan,4.0,3.0,5.0,,Pilihan,,3.0,4.0,4.0,4.0,3,Karir Elit
27.0,13.0,4.0,,,4,3.0,Pilihan,4.0,4,4,,Psikologi S1,3.0,,,Pilihan,,15.0,,4.0,,,0,4,4,Pilihan,4.0,4.0,4.0,Pilihan,Pilihan,,4.0,12.0,3.857142857142857,3.857142857142857,0,Karir Lintas Jalur
2.0,2.0,4.0,Pilihan,,4,4.0,,5.0,4,4,,Psikologi S1,2.0,,,,,2.0,,4.0,,,0,2,3,Pilihan,4.0,2.0,4.0,,Pilihan,,4.0,-2.0,3.2857142857142856,3.857142857142857,1,Karir Linear
100.0,4.0,4.0,,,3,3.0,,4.0,4,4,,Psikologi S1,4.0,,,,,10.0,,4.0,Pilihan,,BNSP Certified HR Staff,4,4,,4.0,4.0,4.0,,,,4.0,-1.0,3.857142857142857,3.857142857142857,1,Karir Linear
5.0,1.0,4.0,,,4,4.0,,5.0,4,4,,Akuntansi S1,4.0,,,,,1.0,,4.0,Pilihan,,Sertifikasi Pengadaan Barang Jasa Pemerintah Level 1,4,4,,4.0,5.0,4.0,,,,5.0,12.0,4.0,4.428571428571429,1,Karir Linear
10.0,5.0,5.0,,,4,3.0,,4.0,4,4,,Teknik Informatika S1,3.0,,,,,7.0,,4.0,,,"Nutanix Certified Associate 6, Red Hat Certified System Administrator (RHCSA), MikroTik Certified Network Associate, Linux System Administration dari Digitalent Kominfo
",4,3,Pilihan,5.0,4.0,3.0,,Pilihan,,4.0,-2.0,3.5714285714285716,4.142857142857143,1,Karir Linear
10.0,5.0,5.0,,,4,5.0,,5.0,5,5,,Psikologi S1,5.0,,,,,5.0,,5.0,,,0,5,5,Pilihan,5.0,5.0,5.0,,Pilihan,,5.0,0.0,4.857142857142857,5.0,1,Karir Linear
2.0,1.0,5.0,,,4,3.0,,5.0,4,4,,Psikologi S1,4.0,,,,,1.0,,4.0,,,Sertifikasi supervisor human capital,4,4,Pilihan,4.0,4.0,4.0,,,,5.0,4.0,4.0,4.285714285714286,2,Karir Tertunda
15.0,10.0,4.0,Pilihan,,4,3.0,,5.0,5,5,Pilihan,Psikologi S1,5.0,,,,,10.0,,4.0,,,0,5,5,,4.0,4.0,5.0,,Pilihan,,4.0,6.0,4.857142857142857,4.0,1,Karir Linear
1.0,1.0,4.0,,Pilihan,2,4.0,,4.0,4,3,,Psikologi S1,3.0,,,,Pilihan,1.0,,4.0,,,0,3,2,Pilihan,3.0,4.0,3.0,,,,4.0,4.0,2.857142857142857,3.857142857142857,0,Karir Lintas Jalur
5.0,1.0,4.0,,,3,3.0,,4.0,4,3,,Psikologi S1,3.0,,,,,1.0,,4.0,,,0,3,3,Pilihan,4.0,4.0,3.0,,,,4.0,-6.0,3.142857142857143,3.857142857142857,0,Karir Lintas Jalur
10.0,1.0,5.0,Pilihan,Pilihan,5,2.0,,5.0,5,5,,Psikologi S1,5.0,,,,,3.0,,5.0,,,0,4,5,,3.0,5.0,5.0,,,,5.0,0.0,4.857142857142857,4.285714285714286,0,Karir Lintas Jalur
1.0,1.0,4.0,Pilihan,,4,4.0,,5.0,4,4,,Psikologi S1,5.0,,,,,1.0,,4.0,,,0,3,4,,4.0,4.0,4.0,,,,4.0,3.0,4.0,4.142857142857143,0,Karir Lintas Jalur
1.0,2.0,4.0,Pilihan,,3,3.0,,5.0,4,3,,Psikologi S1,3.0,,,,,1.0,,5.0,,,0,5,1,,3.0,5.0,4.0,,,,5.0,3.0,3.2857142857142856,4.285714285714286,0,Karir Lintas Jalur
7.0,3.0,4.0,,,4,3.0,,4.0,4,5,,Psikologi S1,4.0,,,,,4.0,,4.0,,,belum,4,4,,4.0,3.0,4.0,,Pilihan,,4.0,12.0,4.142857142857143,3.7142857142857144,0,Karir Lintas Jalur
1.0,1.0,4.0,,,4,4.0,,4.0,4,4,,Psikologi S1,3.0,,,,Pilihan,1.0,,4.0,,,0,4,4,,4.0,4.0,4.0,,,,4.0,12.0,3.857142857142857,4.0,3,Karir Elit
10.0,5.0,5.0,,,4,4.0,,5.0,5,5,,Psikologi S1,5.0,Pilihan,,,,6.0,,5.0,,,0,5,4,Pilihan,4.0,4.0,5.0,,Pilihan,,5.0,72.0,4.714285714285714,4.571428571428571,0,Karir Lintas Jalur
50.0,4.0,4.0,Pilihan,,4,3.0,,4.0,4,4,,Psikologi S1,3.0,,,,,4.0,,4.0,,,0,3,2,Pilihan,3.0,4.0,3.0,,,,4.0,-1.0,3.2857142857142856,3.7142857142857144,1,Karir Linear
1.0,1.0,5.0,Pilihan,,5,5.0,,5.0,5,5,,Psikologi S1,5.0,,,,Pilihan,1.0,,5.0,,,0,5,5,,5.0,5.0,5.0,,Pilihan,Pilihan,5.0,6.0,5.0,5.0,0,Karir Lintas Jalur
5.0,3.0,4.0,,,4,3.0,,4.0,5,5,,Psikologi S1,3.0,,,,,3.0,,4.0,,,"Selagi masih kuliah, saya memperoleh Sertifikasi Pajak Brevet A - B",3,4,,4.0,4.0,5.0,,,,4.0,0.0,4.142857142857143,3.857142857142857,0,Karir Lintas Jalur
2.0,2.0,4.0,,,4,3.0,,4.0,4,4,,Psikologi S1,3.0,,,,,2.0,,4.0,,,0,3,3,,4.0,4.0,3.0,,,,4.0,0.0,3.4285714285714284,3.857142857142857,0,Karir Lintas Jalur
10.0,3.0,4.0,,,4,4.0,,4.0,4,4,,Psikologi S1,4.0,,,,,3.0,,4.0,,,0,4,4,Pilihan,4.0,5.0,4.0,,,,5.0,48.0,4.0,4.285714285714286,3,Karir Elit
7.0,3.0,4.0,,,5,3.0,,5.0,5,5,,Psikologi S1,4.0,,,,,5.0,,5.0,,,0,5,2,Pilihan,5.0,4.0,4.0,,Pilihan,,4.0,5.0,4.285714285714286,4.285714285714286,1,Karir Linear
1.0,10.0,5.0,,,5,4.0,,5.0,5,5,,Teknik Elektro S1,5.0,,,,,10.0,,4.0,,,0,5,5,,4.0,4.0,5.0,,,,4.0,0.0,5.0,4.285714285714286,3,Karir Elit
3.0,3.0,4.0,,,4,4.0,,4.0,4,5,,Teknik Elektro S1,3.0,,,,,3.0,,4.0,,,POP (pengawas operasional pertambangan),3,4,,4.0,4.0,4.0,,,,4.0,0.0,3.857142857142857,4.0,3,Karir Elit
1.0,4.0,4.0,,,4,3.0,,4.0,5,4,,Psikologi S1,3.0,,,,,4.0,,4.0,,,0,4,2,Pilihan,4.0,4.0,4.0,,,,4.0,60.0,3.7142857142857144,3.857142857142857,3,Karir Elit
20.0,2.0,5.0,,,3,3.0,,5.0,3,4,,Penyiaran,5.0,,,,,2.0,,3.0,Pilihan,,0,5,3,Pilihan,4.0,5.0,5.0,,,,5.0,-1.0,4.0,4.285714285714286,0,Karir Lintas Jalur
10.0,1.0,4.0,,,5,4.0,,4.0,4,5,,Periklanan,4.0,,,,,5.0,,4.0,,,0,5,5,Pilihan,4.0,4.0,5.0,,,,4.0,-9.0,4.714285714285714,4.0,1,Karir Linear
80.0,8.0,3.0,Pilihan,,2,3.0,,4.0,4,4,,Psikologi S1,3.0,,,,,10.0,Pilihan,3.0,,,0,2,2,Pilihan,3.0,3.0,2.0,,,Pilihan,3.0,1.0,2.7142857142857144,3.142857142857143,0,Karir Lintas Jalur
8.0,2.0,5.0,,,5,4.0,,5.0,4,3,,Komunikasi Digital,5.0,,,,,3.0,,5.0,,,0,5,4,Pilihan,5.0,4.0,5.0,,,,5.0,-2.0,4.428571428571429,4.714285714285714,1,Karir Linear
20.0,1.0,4.0,,,3,3.0,,4.0,3,3,,Psikologi S1,2.0,Pilihan,,,,1.0,Pilihan,4.0,,,0,2,2,Pilihan,3.0,4.0,2.0,,,,4.0,-8.0,2.4285714285714284,3.7142857142857144,0,Karir Lintas Jalur
4.0,3.0,5.0,,Pilihan,5,4.0,,4.0,5,5,,Psikologi S1,3.0,,,,,3.0,,5.0,,,0,3,5,,4.0,5.0,5.0,,,,5.0,48.0,4.428571428571429,4.571428571428571,0,Karir Lintas Jalur
5.0,2.0,5.0,,,4,5.0,,5.0,4,4,,Psikologi S1,4.0,Pilihan,,,,2.0,,5.0,,,0,4,4,,5.0,5.0,4.0,,,,5.0,6.0,4.0,5.0,0,Karir Lintas Jalur
3.0,1.0,4.0,,,4,3.0,,5.0,4,4,,Psikologi S1,2.0,,,,,2.0,,4.0,,,0,3,4,Pilihan,4.0,4.0,4.0,,,,4.0,-5.0,3.5714285714285716,4.0,3,Karir Elit
3.0,3.0,5.0,,,4,3.0,,4.0,5,5,,Manajemen S1,4.0,,,,,3.0,,3.0,,,Sertifikasi Profesi HR Supervisor dari BNSP berlaku s.d Nov 2026,3,5,,4.0,5.0,3.0,,,,4.0,0.0,4.142857142857143,4.0,0,Karir Lintas Jalur
50.0,10.0,3.0,,,4,3.0,,5.0,5,4,,Psikologi S1,4.0,,,,,10.0,,5.0,,,0,4,4,Pilihan,4.0,4.0,4.0,,,,5.0,-4.0,4.142857142857143,4.142857142857143,1,Karir Linear
155.0,65.0,4.0,,,3,3.0,Pilihan,4.0,4,5,Pilihan,Hubungan Masyarakat,3.0,,,,,70.0,,4.0,,,Junior Public Relations,5,4,Pilihan,3.0,4.0,5.0,Pilihan,,,5.0,1.0,4.142857142857143,3.857142857142857,1,Karir Linear
1.0,1.0,4.0,Pilihan,,4,4.0,,4.0,3,5,,Psikologi S1,4.0,,,,,1.0,,4.0,,,0,4,4,,3.0,4.0,4.0,,Pilihan,,4.0,24.0,4.0,3.857142857142857,0,Karir Lintas Jalur
10.0,5.0,5.0,,,3,4.0,,5.0,3,4,,Psikologi S1,3.0,,,,,5.0,,4.0,,,0,3,3,Pilihan,4.0,5.0,3.0,,,,5.0,0.0,3.142857142857143,4.571428571428571,1,Karir Linear
2.0,2.0,4.0,,,3,4.0,,4.0,3,4,,Psikologi S1,3.0,,,,,1.0,Pilihan,4.0,,,0,3,3,,4.0,4.0,3.0,,,,4.0,48.0,3.142857142857143,4.0,2,Karir Tertunda
100.0,50.0,5.0,Pilihan,,3,4.0,,5.0,4,4,,Psikologi S1,2.0,,,,,50.0,,5.0,,,0,2,2,Pilihan,5.0,5.0,4.0,,Pilihan,,5.0,-12.0,3.0,4.857142857142857,0,Karir Lintas Jalur
1.0,1.0,4.0,Pilihan,,4,4.0,,5.0,4,4,,Psikologi S1,4.0,,,,,1.0,,4.0,,,0,3,4,,5.0,4.0,4.0,,Pilihan,,4.0,-1.0,3.857142857142857,4.285714285714286,0,Karir Lintas Jalur
2.0,2.0,5.0,,Pilihan,4,3.0,,5.0,5,5,,Psikologi S1,5.0,,,,,2.0,,5.0,,,"HIPNOTIS, HIPNOTERAPY, SOSIAL MEDIA SPESIALIS",4,4,Pilihan,5.0,5.0,4.0,,,,5.0,24.0,4.428571428571429,4.714285714285714,3,Karir Elit
1.0,3.0,5.0,Pilihan,,5,4.0,,5.0,5,5,,Penyiaran,5.0,,,Pilihan,,1.0,,5.0,,,0,5,5,Pilihan,5.0,5.0,5.0,,Pilihan,Pilihan,5.0,3.0,5.0,4.857142857142857,1,Karir Linear
5.0,3.0,4.0,,,3,4.0,,5.0,5,5,,Teknik Sipil S1,3.0,,,,,5.0,,5.0,,,0,5,3,,5.0,5.0,3.0,,,,5.0,0.0,3.857142857142857,4.714285714285714,1,Karir Linear
5.0,2.0,5.0,,,5,4.0,,4.0,5,5,,Sistem Informasi S1,4.0,,,,,2.0,,5.0,,,0,4,4,Pilihan,5.0,4.0,4.0,,,,4.0,10.0,4.428571428571429,4.428571428571429,3,Karir Elit
2.0,2.0,3.0,Pilihan,,4,3.0,,,4,3,,S2 Akuntansi,3.0,,,,,2.0,,3.0,,,,4,4,,3.0,,3.0,,,,3.0,24.0,3.5714285714285716,3.0,1,Karir Linear
7.0,3.0,5.0,,Pilihan,3,3.0,,,3,3,,S2 Akuntansi,,Pilihan,,,,4.0,,4.0,,,,3,3,Pilihan,5.0,,3.0,,,,5.0,-12.0,3.0,4.4,3,Karir Elit
1.0,1.0,4.0,Pilihan,,2,3.0,,,4,4,,S2 Akuntansi,2.0,,,,,1.0,,4.0,,,,4,2,,4.0,,2.0,,,,4.0,36.0,2.857142857142857,3.8,3,Karir Elit
5.0,1.0,4.0,Pilihan,,2,2.0,,,4,3,,S2 Akuntansi,3.0,Pilihan,,,,5.0,,4.0,,Pilihan,,4,2,Pilihan,4.0,,3.0,,,,5.0,0.0,3.0,3.8,1,Karir Linear
5.0,3.0,4.0,,Pilihan,4,4.0,,,5,4,,S2 Akuntansi,3.0,,,,,3.0,,4.0,,,,5,4,,4.0,,4.0,,,,4.0,0.0,4.142857142857143,4.0,1,Karir Linear
10.0,3.0,4.0,Pilihan,,3,3.0,,,4,3,,S2 Akuntansi,3.0,,,,,3.0,,3.0,,,,4,3,Pilihan,3.0,,4.0,Pilihan,Pilihan,,4.0,-1.0,3.4285714285714284,3.4,1,Karir Linear
3.0,3.0,5.0,Pilihan,,4,4.0,,,5,3,,S2 Akuntansi,4.0,,,,,3.0,,5.0,,,,5,4,Pilihan,5.0,,4.0,,Pilihan,,4.0,12.0,4.142857142857143,4.6,1,Karir Linear
3.0,3.0,3.0,,,4,3.0,,,3,3,,S2 Teknik Elektro,3.0,,,,,3.0,,3.0,,,,3,4,,3.0,,3.0,,Pilihan,,3.0,-2.0,3.2857142857142856,3.0,0,Karir Lintas Jalur
3.0,2.0,5.0,,Pilihan,5,4.0,,,4,3,,S2 Ilmu Komunikasi,,,,,,2.0,,4.0,,,,4,5,,4.0,,,,,,5.0,24.0,4.2,4.4,3,Karir Elit
1.0,1.0,4.0,,Pilihan,3,3.0,,,2,3,,S2 Teknik Industri,2.0,,,,,1.0,,4.0,,,,2,3,,5.0,,2.0,,,,5.0,-1.0,2.4285714285714284,4.2,3,Karir Elit
10.0,10.0,4.0,,,4,4.0,,,4,3,,S2 Manajemen,4.0,,,,,10.0,,4.0,Pilihan,,,4,4,,4.0,,4.0,,,,4.0,24.0,3.857142857142857,4.0,3,Karir Elit
5.0,3.0,5.0,,,2,5.0,,,2,3,,S2 Manajemen,2.0,,,,,3.0,,5.0,,,,2,2,,4.0,,2.0,,,,5.0,0.0,2.142857142857143,4.8,3,Karir Elit
5.0,2.0,5.0,,Pilihan,4,5.0,,5.0,5,5,Pilihan,S2 Teknik Industri,4.0,Pilihan,,,,2.0,,5.0,,,"Welding Inspector dari BKI Ahli K3 Spesialis Pesawat Angkat dan Angkut dari Kemnaker Lead Auditor ISO 9001 dari TUV NORD (IRCA) Non Destructive Test (RT, MT, PT)",4,4,,5.0,5.0,4.0,,,,5.0,5.0,4.285714285714286,5.0,3,Karir Elit
12.0,2.0,4.0,,,4,4.0,,4.0,4,4,,S2 Manajemen,4.0,,,,,2.0,,4.0,,,0,4,4,Pilihan,4.0,4.0,4.0,,,,4.0,12.0,4.0,4.0,0,Karir Lintas Jalur
15.0,10.0,4.0,,,5,5.0,,5.0,5,5,,S2 Teknik Industri,3.0,,,,,10.0,,5.0,,,0,3,5,,5.0,5.0,3.0,,,,5.0,0.0,4.142857142857143,4.857142857142857,1,Karir Linear
1.0,1.0,4.0,,,4,4.0,,4.0,4,5,,S2 Teknik Sipil,4.0,,,,,1.0,,4.0,,,SKA Madya Teknik Lingkungan LPJK,4,4,,4.0,4.0,4.0,,Pilihan,,4.0,-1.0,4.142857142857143,4.0,3,Karir Elit
20.0,5.0,5.0,,,3,5.0,,5.0,4,5,,S2 Manajemen,2.0,,,,,5.0,,5.0,,,0,2,2,,5.0,4.0,2.0,,,,5.0,0.0,2.857142857142857,4.857142857142857,3,Karir Elit
3.0,3.0,4.0,Pilihan,,5,5.0,,5.0,4,5,,S2 Manajemen,1.0,,,Pilihan,,3.0,,4.0,,Pilihan,Sertifikasi Manager Supply Chain BNSP Accredited Supply Chain Analyst  Certified Supply Chain Manager,1,5,Pilihan,5.0,4.0,1.0,Pilihan,Pilihan,Pilihan,5.0,6.0,3.142857142857143,4.571428571428571,3,Karir Elit
5.0,1.0,5.0,Pilihan,,5,5.0,,5.0,5,5,,S2 Manajemen,5.0,,,,,2.0,,5.0,,,0,5,5,,5.0,5.0,5.0,,,,5.0,3.0,5.0,5.0,0,Karir Lintas Jalur
20.0,5.0,3.0,,Pilihan,4,4.0,,4.0,5,4,Pilihan,S2 Teknik Industri,3.0,,,,Pilihan,10.0,,4.0,,,"Lead Auditor (IRCA), Assessment Center Assessor Certification/ACAC (PPM), Business Analysis (Microsoft),",3,5,Pilihan,4.0,4.0,3.0,,,,4.0,3.0,3.857142857142857,3.857142857142857,3,Karir Elit
12.0,4.0,,,,5,,,,5,5,,S2 Akuntansi,5.0,,,,,3.0,,,,,0,5,5,,5.0,,5.0,,Pilihan,,,-3.0,5.0,5.0,0,Karir Lintas Jalur
2.0,2.0,5.0,Pilihan,,4,5.0,,5.0,5,4,,S2 Akuntansi,4.0,,,,,1.0,,5.0,,Pilihan,CA,4,4,,5.0,5.0,4.0,,Pilihan,,5.0,12.0,4.142857142857143,5.0,3,Karir Elit
5.0,5.0,5.0,,,5,5.0,,5.0,5,5,,S2 Teknik Industri,5.0,,,Pilihan,,5.0,,5.0,,,0,5,5,Pilihan,5.0,5.0,5.0,,,,5.0,24.0,5.0,5.0,2,Karir Tertunda
1.0,1.0,4.0,,,1,4.0,,5.0,2,1,,S2 Manajemen,2.0,,,,,1.0,Pilihan,4.0,,,0,2,1,,3.0,3.0,1.0,,,,4.0,2.0,1.4285714285714286,3.857142857142857,0,Karir Lintas Jalur
3.0,1.0,4.0,,,4,3.0,,4.0,5,5,,S2 Ilmu Komunikasi,3.0,,,,,8.0,,4.0,Pilihan,,Certified Trainer Statement Analysis dari Komunika Prima Indonesia,4,4,,4.0,4.0,4.0,,,,4.0,6.0,4.142857142857143,3.857142857142857,3,Karir Elit
1.0,1.0,4.0,,,4,4.0,,5.0,4,4,,S2 Teknik Sipil,3.0,,,,,1.0,,5.0,,,0,3,3,,5.0,4.0,3.0,,,,4.0,0.0,3.4285714285714284,4.428571428571429,3,Karir Elit
10.0,5.0,5.0,,,4,5.0,,5.0,4,4,,S2 Manajemen,4.0,,,,,5.0,,5.0,,,Sertifikasi Manajemen Risiko Bank Level 2,4,4,Pilihan,5.0,5.0,4.0,Pilihan,,,5.0,1.0,4.0,5.0,3,Karir Elit
1.0,3.0,5.0,,,4,3.0,,5.0,5,5,,S2 Manajemen,3.0,,,,,1.0,,5.0,,,0,3,4,,5.0,4.0,3.0,,,,5.0,0.0,3.857142857142857,4.571428571428571,1,Karir Linear
2.0,2.0,5.0,,,4,4.0,,5.0,4,4,,S2 Akuntansi,4.0,,,Pilihan,,2.0,,5.0,,,BKP,4,4,Pilihan,5.0,4.0,4.0,,,,5.0,2.0,4.0,4.714285714285714,3,Karir Elit
5.0,5.0,4.0,Pilihan,,3,4.0,,4.0,4,4,,S2 Manajemen,2.0,Pilihan,,Pilihan,,5.0,,4.0,,,0,2,3,Pilihan,4.0,4.0,2.0,,,,4.0,-3.0,2.857142857142857,4.0,1,Karir Linear
3.0,3.0,5.0,,Pilihan,3,4.0,,5.0,4,5,,S2 Akuntansi,1.0,,,,,3.0,,5.0,,,0,1,3,Pilihan,5.0,3.0,2.0,,,,4.0,3.0,2.7142857142857144,4.428571428571429,1,Karir Linear
2.0,2.0,5.0,,Pilihan,4,5.0,,5.0,4,4,,S2 Akuntansi,4.0,,,,,2.0,Pilihan,5.0,,,Brevet ABC,4,4,Pilihan,5.0,5.0,4.0,,,,5.0,204.0,4.0,5.0,3,Karir Elit
10.0,7.0,4.0,Pilihan,,4,4.0,Pilihan,4.0,4,4,,S2 Teknik Industri,4.0,,,,,10.0,,4.0,,,"Sertificate Insinyur Profesional, Sertificat ISO 9001 (Awareness dan auditor), Sertificate Kompetensi Metodology Pelatihan SKKNI3 BNSP, Sertificate Lean Six Sigma Green Belt",4,5,Pilihan,4.0,4.0,4.0,,Pilihan,,4.0,1.0,4.142857142857143,4.0,3,Karir Elit
1.0,1.0,,,,5,5.0,,5.0,5,5,,S2 Akuntansi,5.0,Pilihan,,,,1.0,,5.0,,,Memiliki Asesor,5,5,,5.0,5.0,5.0,,,,5.0,1.0,5.0,5.0,3,Karir Elit
1.0,1.0,4.0,,,5,4.0,,4.0,5,5,,S2 Ilmu Komunikasi,3.0,,,,,1.0,,4.0,,,0,3,3,,4.0,4.0,3.0,,,,4.0,0.0,3.857142857142857,4.0,0,Karir Lintas Jalur
4.0,4.0,4.0,,,5,4.0,,5.0,5,5,,S2 Ilmu Komunikasi,5.0,Pilihan,,,,4.0,,4.0,,,0,5,5,,4.0,4.0,5.0,,,,4.0,240.0,5.0,4.142857142857143,0,Karir Lintas Jalur
100.0,80.0,4.0,Pilihan,,4,4.0,,4.0,4,4,,S2 Ilmu Komunikasi,3.0,,,,,80.0,,4.0,,,0,4,3,Pilihan,4.0,4.0,3.0,,Pilihan,,4.0,-1.0,3.5714285714285716,4.0,1,Karir Linear
15.0,10.0,5.0,,Pilihan,4,3.0,,4.0,4,5,,S2 Ilmu Komunikasi,5.0,Pilihan,,,Pilihan,10.0,,4.0,,,Sertifikasi assesor P1 Multimedia dari Lembaga sertifikasi profesi P1 Jakarta Utara,5,5,Pilihan,4.0,4.0,5.0,,,,4.0,1.0,4.714285714285714,4.0,0,Karir Lintas Jalur
1.0,2.0,5.0,Pilihan,Pilihan,4,4.0,,5.0,3,5,,S2 Ilmu Komunikasi,3.0,,,,Pilihan,2.0,,5.0,,,Belum ada,3,4,,5.0,4.0,3.0,,,,5.0,12.0,3.5714285714285716,4.714285714285714,3,Karir Elit
15.0,5.0,4.0,Pilihan,,4,4.0,,4.0,4,4,,S2 Akuntansi,3.0,,,,,5.0,,4.0,,,0,3,4,Pilihan,3.0,4.0,3.0,Pilihan,,,4.0,6.0,3.5714285714285716,3.857142857142857,1,Karir Linear
10.0,5.0,4.0,,,4,4.0,,4.0,4,5,,S2 Ilmu Komunikasi,4.0,,,,,5.0,,4.0,,,Sertifikasi Uji Kompetensi Wartawan (Dewan Pers),4,4,,4.0,4.0,4.0,,,,4.0,0.0,4.142857142857143,4.0,3,Karir Elit
4.0,4.0,5.0,,Pilihan,5,4.0,,5.0,5,5,,S2 Teknik Sipil,3.0,,,,,4.0,,5.0,,,Belum ada,3,4,,5.0,5.0,4.0,,,,5.0,36.0,4.142857142857143,4.857142857142857,3,Karir Elit
7.0,2.0,5.0,Pilihan,Pilihan,5,5.0,Pilihan,5.0,5,5,Pilihan,S2 Manajemen,5.0,Pilihan,Pilihan,Pilihan,Pilihan,2.0,Pilihan,5.0,Pilihan,Pilihan,0,5,5,Pilihan,5.0,5.0,5.0,Pilihan,Pilihan,Pilihan,5.0,12.0,5.0,5.0,1,Karir Linear
10.0,7.0,3.0,Pilihan,,3,3.0,,3.0,4,4,,S2 Manajemen,3.0,Pilihan,,Pilihan,,7.0,,3.0,,,0,3,3,Pilihan,3.0,3.0,3.0,,Pilihan,,3.0,-8.0,3.2857142857142856,3.0,3,Karir Elit
5.0,4.0,3.0,,Pilihan,3,4.0,,4.0,4,3,Pilihan,S2 Ilmu Komunikasi,3.0,,,,Pilihan,4.0,,4.0,,,0,3,3,Pilihan,4.0,4.0,3.0,,,,4.0,24.0,3.142857142857143,3.857142857142857,1,Karir Linear
80.0,20.0,5.0,Pilihan,Pilihan,5,4.0,Pilihan,5.0,5,5,,S2 Teknik Sipil,5.0,,Pilihan,Pilihan,,32.0,,5.0,,Pilihan,Ahli Perencanaan Jaringan Irigasi,5,5,Pilihan,5.0,5.0,5.0,Pilihan,Pilihan,,5.0,12.0,5.0,4.857142857142857,3,Karir Elit
1.0,19.0,4.0,,Pilihan,3,4.0,,5.0,4,5,,S2 Akuntansi,1.0,,,,,1.0,,4.0,,,Sertifikat Perencana Anggaran,1,4,,5.0,5.0,1.0,Pilihan,,,4.0,6.0,2.7142857142857144,4.428571428571429,3,Karir Elit
1.0,1.0,4.0,,,3,3.0,,5.0,4,4,,S2 Manajemen,3.0,,,,,1.0,,4.0,,,Sertifikat Penilaian Properti dan Bisnis,3,3,,4.0,4.0,3.0,,,,4.0,0.0,3.2857142857142856,4.0,3,Karir Elit
15.0,3.0,5.0,Pilihan,,4,4.0,,4.0,4,4,,S2 Teknik Industri,3.0,,,,,5.0,,4.0,,,"Lean six sigma green belt,  Google project management,  Google data analytics,  Data science,  Quality Management ISO 90001:2008,  CCNA",3,5,,4.0,4.0,3.0,,,,4.0,3.0,3.7142857142857144,4.142857142857143,3,Karir Elit
1.0,1.0,5.0,,,5,4.0,,5.0,5,5,,S2 Ilmu Komunikasi,4.0,,,,,1.0,,5.0,,,Kompetensi Wartawan Tingkat Madya dari Dewan Pers,5,4,,5.0,5.0,5.0,,,,5.0,0.0,4.714285714285714,4.857142857142857,1,Karir Linear
1.0,1.0,4.0,,,3,4.0,,5.0,4,3,,S2 Manajemen,2.0,,,,,1.0,,5.0,,,"Kompetensi HR General Manager dari BNSP MSDM, Sertifikasi Ahli K3 Umum",3,3,,5.0,5.0,2.0,,,,5.0,0.0,2.857142857142857,4.714285714285714,3,Karir Elit
4.0,7.0,5.0,,,5,5.0,,5.0,5,5,,S2 Manajemen,5.0,,,,,5.0,,5.0,,,CHRA,5,5,,5.0,5.0,5.0,,,,5.0,0.0,5.0,5.0,3,Karir Elit
2.0,2.0,4.0,,,4,4.0,,5.0,5,4,,S2 Manajemen,4.0,,,,,2.0,,5.0,,,0,4,4,,5.0,5.0,4.0,,,,5.0,0.0,4.142857142857143,4.714285714285714,3,Karir Elit
2.0,2.0,4.0,,Pilihan,4,4.0,,4.0,4,4,,S2 Manajemen,4.0,,,,,2.0,,4.0,,,Digital Marketing dan Sertifikasi Guru (Gr),4,4,Pilihan,4.0,4.0,4.0,,,,4.0,1.0,4.0,4.0,1,Karir Linear
2.0,3.0,4.0,,Pilihan,5,4.0,,4.0,5,5,,S2 Akuntansi,5.0,,,,,3.0,,4.0,,,0,5,5,,4.0,4.0,5.0,,,,4.0,36.0,5.0,4.0,3,Karir Elit
5.0,3.0,5.0,,,4,5.0,,5.0,4,4,,S2 Ilmu Komunikasi,4.0,,,Pilihan,,3.0,,5.0,,,AAIK (General Insurance),4,4,Pilihan,5.0,5.0,4.0,,,,5.0,21.0,4.0,5.0,1,Karir Linear
7.0,5.0,4.0,Pilihan,,3,3.0,,4.0,5,5,,S2 Akuntansi,2.0,,,Pilihan,,5.0,,4.0,,,Sertifikasi Profesi Auditor Forensik dari Lembaga Sertifikasi Profesi (Asosiasi Auditor Forensik Indonesia),2,2,Pilihan,4.0,4.0,3.0,,,,4.0,-5.0,3.142857142857143,3.857142857142857,3,Karir Elit
1.0,1.0,4.0,Pilihan,Pilihan,4,4.0,,5.0,5,2,Pilihan,S2 Manajemen,4.0,Pilihan,,,,1.0,,5.0,,,Management Human Resource Business Partner,4,4,Pilihan,5.0,5.0,4.0,,,,4.0,-12.0,3.857142857142857,4.571428571428571,3,Karir Elit
1000.0,5.0,5.0,Pilihan,,5,5.0,,5.0,5,5,,S2 Teknik Industri,5.0,,,,,5.0,,5.0,,,0,5,4,,4.0,4.0,4.0,,,,4.0,120.0,4.714285714285714,4.571428571428571,1,Karir Linear
5.0,4.0,4.0,,,4,4.0,,5.0,4,4,,S2 Manajemen,4.0,,,,,4.0,,4.0,,,0,4,4,Pilihan,4.0,4.0,4.0,,,,4.0,1.0,4.0,4.142857142857143,0,Karir Lintas Jalur
5.0,3.0,5.0,,,5,,,,5,5,,S2 Manajemen,2.0,,,,,3.0,,5.0,,,Sertifikasi agile n scrum,2,5,,5.0,,2.0,,,,5.0,0.0,3.7142857142857144,5.0,3,Karir Elit
4.0,4.0,3.0,,Pilihan,4,3.0,,3.0,4,5,,S2 Akuntansi,3.0,,,,,2.0,,3.0,,,0,4,3,,3.0,3.0,4.0,,,,3.0,1.0,3.857142857142857,3.0,3,Karir Elit
5.0,5.0,4.0,Pilihan,,4,4.0,,4.0,4,4,,S2 Teknik Sipil,4.0,,,,,5.0,,4.0,,,Sertifikat Pengadaan Barang/Jasa Pemerintah,4,4,Pilihan,5.0,4.0,4.0,,,,4.0,12.0,4.0,4.142857142857143,3,Karir Elit
2.0,2.0,5.0,,,5,5.0,,5.0,5,5,,S2 Ilmu Komunikasi,5.0,,,,,2.0,,5.0,,,0,5,5,,5.0,5.0,5.0,,,,5.0,0.0,5.0,5.0,3,Karir Elit
2.0,2.0,4.0,,,4,4.0,,4.0,5,4,,S2 Teknik Industri,4.0,,,,,2.0,,4.0,,,"1. Sertifikate  Manajement Rantai Pasok, Kompetensi Pengelolaan produksi 2. Sertifikat Six Sigma Black Belt",3,4,,4.0,4.0,3.0,,,,4.0,0.0,3.857142857142857,4.0,3,Karir Elit
1.0,2.0,4.0,,,4,4.0,,4.0,4,4,,S2 Manajemen,4.0,,,,,2.0,,4.0,,,0,4,4,Pilihan,4.0,4.0,4.0,,,,4.0,6.0,4.0,4.0,3,Karir Elit
10.0,2.0,,Pilihan,,5,,Pilihan,5.0,5,5,Pilihan,S2 Manajemen,5.0,Pilihan,Pilihan,Pilihan,,2.0,,,,,0,5,5,Pilihan,,5.0,5.0,Pilihan,Pilihan,,5.0,3.0,5.0,5.0,0,Karir Lintas Jalur
1.0,1.0,4.0,,,5,4.0,,5.0,5,5,,S2 Akuntansi,5.0,,,,Pilihan,1.0,,4.0,Pilihan,,0,5,5,,5.0,5.0,5.0,,,,5.0,1.0,5.0,4.571428571428571,1,Karir Linear
10.0,7.0,5.0,,Pilihan,4,5.0,,4.0,4,5,,S2 Teknik Sipil,4.0,,,,,10.0,,5.0,,,Risk management officer Road specialist Building construction specialist Bridge construction specialist Safety certified,4,5,,5.0,4.0,4.0,,,,5.0,120.0,4.285714285714286,4.714285714285714,3,Karir Elit
2.0,2.0,4.0,,,4,4.0,,4.0,4,5,,S2 Manajemen,1.0,,,,Pilihan,2.0,,4.0,,,Badan Sertifikasi Manajemen Risiko Level 3,1,2,,4.0,4.0,1.0,,,,4.0,1.0,2.5714285714285716,4.0,3,Karir Elit
7.0,7.0,3.0,,Pilihan,4,3.0,,4.0,4,4,,S2 Manajemen,3.0,Pilihan,,,,7.0,,3.0,,,Pengadaan Barang dan Jasa,3,4,,4.0,3.0,3.0,Pilihan,,,4.0,-1.0,3.5714285714285716,3.4285714285714284,3,Karir Elit
8.0,6.0,5.0,,,2,3.0,,4.0,4,5,,S2 Akuntansi,2.0,,,,Pilihan,6.0,,4.0,,,0,3,3,Pilihan,2.0,3.0,3.0,,Pilihan,,2.0,10.0,3.142857142857143,3.2857142857142856,3,Karir Elit
5.0,5.0,5.0,,,5,5.0,,5.0,3,5,,S2 Manajemen,5.0,,,,,5.0,,5.0,,,IPM,5,5,,5.0,5.0,5.0,,,,5.0,0.0,4.714285714285714,5.0,3,Karir Elit
20.0,20.0,5.0,,Pilihan,3,5.0,,5.0,3,3,,S2 Manajemen,3.0,,,,,20.0,,5.0,,,Certified Human Resource Professional (CHRP),3,3,,5.0,5.0,3.0,,,,5.0,36.0,3.0,5.0,3,Karir Elit
2.0,3.0,4.0,,Pilihan,5,5.0,,5.0,5,5,,S2 Ilmu Komunikasi,1.0,,,,,3.0,,5.0,,,0,2,1,,4.0,5.0,1.0,,,,5.0,144.0,2.857142857142857,4.714285714285714,1,Karir Linear
1.0,1.0,4.0,,Pilihan,4,3.0,,4.0,4,4,,S2 Teknik Sipil,3.0,,,,,1.0,,4.0,,,PMI,4,4,,4.0,4.0,4.0,,,,4.0,10.0,3.857142857142857,3.857142857142857,0,Karir Lintas Jalur
7.0,3.0,3.0,,,3,3.0,,4.0,3,5,,S2 Akuntansi,2.0,Pilihan,,,,5.0,,3.0,,,0,2,4,Pilihan,4.0,4.0,4.0,,,,4.0,-1.0,3.2857142857142856,3.5714285714285716,3,Karir Elit
1.0,1.0,5.0,Pilihan,,5,5.0,,5.0,5,5,,S2 Akuntansi,5.0,,,,,1.0,,5.0,,,0,5,5,,5.0,5.0,5.0,,,,5.0,-6.0,5.0,5.0,1,Karir Linear
15.0,10.0,4.0,,Pilihan,4,4.0,,5.0,4,4,,S2 Manajemen,1.0,,,,,6.0,,4.0,,,0,2,4,Pilihan,4.0,4.0,2.0,,Pilihan,,4.0,-8.0,3.0,4.142857142857143,3,Karir Elit
20.0,10.0,4.0,Pilihan,Pilihan,5,4.0,,4.0,5,5,,S2 Akuntansi,5.0,,,,,10.0,,4.0,,,0,5,5,Pilihan,4.0,4.0,5.0,,Pilihan,,4.0,12.0,5.0,4.0,3,Karir Elit
20.0,10.0,5.0,Pilihan,Pilihan,3,5.0,,5.0,4,4,,S2 Manajemen,3.0,,,,,10.0,,5.0,,,-,3,3,Pilihan,5.0,5.0,3.0,,,,5.0,-1.0,3.2857142857142856,5.0,0,Karir Lintas Jalur
50.0,5.0,4.0,Pilihan,Pilihan,4,4.0,,4.0,4,4,,S2 Akuntansi,4.0,,,,,5.0,,4.0,,,tidak ada,4,4,Pilihan,4.0,4.0,4.0,,Pilihan,,4.0,-1.0,4.0,4.0,3,Karir Elit
1.0,7.0,4.0,,Pilihan,4,4.0,,4.0,4,4,,S2 Manajemen,4.0,,,Pilihan,,20.0,,4.0,,,0,4,4,,4.0,4.0,4.0,,,,4.0,48.0,4.0,4.0,0,Karir Lintas Jalur
20.0,15.0,4.0,,,5,3.0,,5.0,5,5,,S2 Akuntansi,5.0,,,,,15.0,,5.0,,,0,5,5,Pilihan,5.0,4.0,5.0,,,,5.0,50.0,5.0,4.428571428571429,3,Karir Elit
1.0,2.0,5.0,,Pilihan,5,5.0,,5.0,4,5,Pilihan,S2 Manajemen,3.0,,,,,1.0,,5.0,,,0,3,5,,5.0,5.0,3.0,,,,5.0,-3.0,4.0,5.0,3,Karir Elit
1.0,1.0,3.0,Pilihan,,4,3.0,,3.0,4,3,,S2 Akuntansi,3.0,,,,,1.0,,3.0,,,0,3,3,,3.0,4.0,3.0,,,,4.0,1.0,3.2857142857142856,3.2857142857142856,3,Karir Elit
10.0,8.0,2.0,,,2,2.0,,2.0,2,2,,S2 Ilmu Komunikasi,3.0,,,,,8.0,,2.0,,,0,3,3,Pilihan,2.0,2.0,3.0,,,,2.0,3.0,2.5714285714285716,2.0,3,Karir Elit
3.0,3.0,5.0,Pilihan,,1,5.0,,5.0,1,1,,S2 Akuntansi,2.0,,,,,2.0,,5.0,,,"Sertifikat Asesor LSP P1, Sertifikat pendidik",2,1,Pilihan,5.0,5.0,2.0,,,,5.0,3.0,1.4285714285714286,5.0,1,Karir Linear
12.0,6.0,1.0,,,3,3.0,,1.0,1,1,,S2 Akuntansi,3.0,,,,,7.0,,1.0,,,0,3,3,Pilihan,1.0,1.0,3.0,,,,1.0,24.0,2.4285714285714284,1.2857142857142858,2,Karir Tertunda
15.0,8.0,1.0,,,2,2.0,,1.0,1,1,,S2 Manajemen,3.0,,,,,15.0,Pilihan,1.0,,,0,3,2,Pilihan,2.0,2.0,3.0,,,,1.0,-6.0,2.142857142857143,1.4285714285714286,0,Karir Lintas Jalur
1.0,2.0,2.0,Pilihan,Pilihan,2,2.0,,1.0,1,2,,S2 Manajemen,2.0,Pilihan,,,,2.0,,2.0,,,0,2,2,,2.0,1.0,2.0,,,,2.0,1.0,1.8571428571428572,1.7142857142857142,3,Karir Elit
1.0,1.0,1.0,,,2,2.0,,1.0,1,1,,S2 Akuntansi,3.0,,,,,1.0,,1.0,,,0,3,2,,1.0,1.0,3.0,,,,1.0,0.0,2.142857142857143,1.1428571428571428,0,Karir Lintas Jalur
1.0,1.0,4.0,,,4,3.0,,4.0,4,4,,S2 Manajemen,3.0,,,,,1.0,,4.0,,,0,4,3,,4.0,4.0,3.0,,,,3.0,0.0,3.5714285714285716,3.7142857142857144,1,Karir Linear
20.0,10.0,4.0,Pilihan,Pilihan,5,4.0,,5.0,5,5,,S2 Akuntansi,5.0,,,,,10.0,,4.0,,,Brevet,5,5,,4.0,4.0,5.0,,Pilihan,Pilihan,4.0,6.0,5.0,4.142857142857143,1,Karir Linear
1.0,1.0,4.0,,,4,4.0,,4.0,4,4,,S2 Manajemen,4.0,,,,,1.0,,4.0,,,0,4,4,,4.0,4.0,4.0,,,,4.0,0.0,4.0,4.0,3,Karir Elit
5.0,3.0,5.0,,Pilihan,5,4.0,,5.0,5,5,,S2 Manajemen,4.0,,,Pilihan,,5.0,,5.0,,,Certified Human Resources Professional (CHRP) - AAPM Master Financial Planner (MFP) - AAFM Accredited Supply Chain Analyst (ASCA) - AAPM,3,3,Pilihan,4.0,5.0,3.0,,,,5.0,-4.0,4.0,4.714285714285714,3,Karir Elit
1.0,1.0,2.0,,,3,2.0,,2.0,3,3,,S2 Manajemen,3.0,,,,,1.0,,2.0,,,0,3,3,,2.0,2.0,3.0,,,,2.0,0.0,3.0,2.0,3,Karir Elit
10.0,3.0,2.0,,,4,2.0,,2.0,4,4,,S2 Akuntansi,3.0,,,,,5.0,,2.0,,,0,3,4,Pilihan,2.0,2.0,3.0,,,,2.0,6.0,3.5714285714285716,2.0,3,Karir Elit
5.0,3.0,1.0,,,1,1.0,,1.0,1,1,,S2 Teknik Industri,2.0,,,,,3.0,,1.0,,,0,1,2,,1.0,1.0,2.0,,,,1.0,0.0,1.4285714285714286,1.0,3,Karir Elit
5.0,5.0,1.0,,Pilihan,1,1.0,,1.0,1,1,,S2 Teknik Mesin,1.0,,,,,5.0,,1.0,,,Insinyur,1,1,,1.0,1.0,1.0,,,,1.0,48.0,1.0,1.0,3,Karir Elit
10.0,2.0,5.0,,,5,5.0,,5.0,5,5,,S2 Akuntansi,5.0,,,,,3.0,,5.0,,,0,5,5,Pilihan,5.0,5.0,5.0,,,,5.0,-1.0,5.0,5.0,3,Karir Elit
12.0,10.0,3.0,Pilihan,,5,3.0,,3.0,5,5,,S2 Teknik Mesin,5.0,,,,,2.0,Pilihan,3.0,,Pilihan,1. Sertifikat Tanda Registrasi Insinyur (STRI) dari PII 2. Sertifikat Kompetensi Kerja Jasa Konstruksi (SKK Konstruksi) dari LSP Petakindo (BNSP PUPR),5,5,,3.0,3.0,5.0,,Pilihan,,3.0,-1.0,5.0,3.0,3,Karir Elit
15.0,2.0,5.0,,Pilihan,4,4.0,,5.0,5,5,,S2 Teknik Elektro,4.0,,,,,5.0,Pilihan,4.0,Pilihan,,0,4,4,,4.0,5.0,4.0,,,,5.0,1.0,4.285714285714286,4.571428571428571,3,Karir Elit
5.0,5.0,5.0,,,4,5.0,,5.0,4,4,,S2 Ilmu Komunikasi,4.0,,,,,5.0,,5.0,,,0,4,4,Pilihan,4.0,5.0,4.0,,,,5.0,12.0,4.0,4.857142857142857,3,Karir Elit
10.0,7.0,5.0,,Pilihan,2,4.0,,5.0,4,4,,S2 Ilmu Komunikasi,2.0,,,,,8.0,,4.0,,,0,1,3,Pilihan,4.0,5.0,1.0,,,,5.0,6.0,2.4285714285714284,4.571428571428571,3,Karir Elit
20.0,10.0,3.0,,,5,3.0,,5.0,5,4,,S2 Ilmu Komunikasi,4.0,Pilihan,,,,10.0,,4.0,,,Sertifikasi Publik Relation,4,5,,3.0,4.0,4.0,,,,4.0,-3.0,4.428571428571429,3.7142857142857144,1,Karir Linear
15.0,10.0,4.0,,,4,4.0,,4.0,4,3,,S3 Manajemen,4.0,,,,,10.0,,4.0,,,0,3,3,,4.0,4.0,4.0,,,,5.0,0.0,3.5714285714285716,4.142857142857143,1,Karir Linear
4.0,2.0,5.0,,,4,4.0,,5.0,4,4,,S2 Ilmu Komunikasi,4.0,,,,,2.0,,5.0,,,0,4,3,,5.0,5.0,4.0,,,,5.0,0.0,3.857142857142857,4.857142857142857,1,Karir Linear
1.0,4.0,5.0,Pilihan,,5,5.0,,5.0,5,5,,S2 Teknik Elektro,4.0,,,,,2.0,,5.0,,,0,4,5,,5.0,5.0,4.0,,,,5.0,6.0,4.571428571428571,5.0,3,Karir Elit
4.0,4.0,4.0,,,5,4.0,,4.0,5,5,,S2 Teknik Elektro,4.0,,,,,4.0,,4.0,Pilihan,,Sertifikasi K3 Listrik,4,5,,4.0,4.0,4.0,,,,4.0,24.0,4.571428571428571,4.0,1,Karir Linear
20.0,10.0,4.0,,Pilihan,4,3.0,,5.0,3,3,,S2 Teknik Elektro,2.0,,,,,5.0,,5.0,,,-,2,4,,4.0,5.0,4.0,Pilihan,,,5.0,1.0,3.142857142857143,4.428571428571429,0,Karir Lintas Jalur
2.0,2.0,5.0,Pilihan,Pilihan,3,5.0,,5.0,4,4,,Magister Manajemen,1.0,,,,,2.0,,5.0,,,0,1,2,,5.0,5.0,1.0,,,,5.0,3.0,2.2857142857142856,5.0,3,Karir Elit
6.0,3.0,4.0,,,3,3.0,,4.0,2,4,,Magister Akuntansi,1.0,,,,,3.0,,4.0,,,0,1,2,Pilihan,3.0,4.0,1.0,,,,4.0,23.0,2.0,3.7142857142857144,3,Karir Elit
1.0,1.0,5.0,,Pilihan,5,5.0,,5.0,5,5,,Magister Akuntansi,5.0,,,,,1.0,,5.0,,,0,5,5,,5.0,5.0,5.0,,,,5.0,11.0,5.0,5.0,3,Karir Elit
10.0,8.0,5.0,,,4,4.0,,5.0,5,5,,Magister Teknik Sipil,4.0,,,,,8.0,,5.0,Pilihan,,0,4,4,,5.0,5.0,4.0,,,,5.0,-1.0,4.285714285714286,4.857142857142857,3,Karir Elit
3.0,2.0,4.0,,Pilihan,4,4.0,,5.0,4,4,,Magister Akuntansi,3.0,,,Pilihan,,2.0,,5.0,,,0,3,3,,4.0,5.0,3.0,,,,5.0,12.0,3.4285714285714284,4.571428571428571,3,Karir Elit
10.0,4.0,4.0,,,4,3.0,,5.0,5,5,,Magister Manajemen,4.0,,,Pilihan,,6.0,,4.0,Pilihan,,0,4,4,Pilihan,4.0,4.0,3.0,Pilihan,,,5.0,12.0,4.142857142857143,4.142857142857143,1,Karir Linear
10.0,3.0,2.0,,,5,3.0,,5.0,5,5,,Magister Ilmu Komunikasi,1.0,,,,,5.0,,5.0,,,0,1,5,Pilihan,5.0,5.0,3.0,,,,5.0,1.0,3.5714285714285716,4.285714285714286,1,Karir Linear
1.0,1.0,4.0,,,2,5.0,,5.0,4,4,,Magister Manajemen,1.0,,,,,1.0,,5.0,,,0,1,1,,4.0,4.0,1.0,,,,5.0,0.0,2.0,4.571428571428571,3,Karir Elit
2.0,2.0,4.0,,Pilihan,5,4.0,,5.0,5,5,,Magister Ilmu Komunikasi,1.0,,,,,2.0,,5.0,,,0,1,3,Pilihan,5.0,5.0,3.0,,,,5.0,6.0,3.2857142857142856,4.714285714285714,3,Karir Elit
5.0,3.0,4.0,Pilihan,,5,4.0,,5.0,5,5,,Magister Manajemen,4.0,,,Pilihan,,4.0,,5.0,,,0,5,5,,4.0,5.0,5.0,,Pilihan,,5.0,4.0,4.857142857142857,4.571428571428571,1,Karir Linear
3.0,2.0,5.0,,Pilihan,5,5.0,,5.0,5,5,,Magister Manajemen,5.0,,,,,2.0,,5.0,,,0,5,5,,5.0,5.0,5.0,,,,5.0,12.0,5.0,5.0,3,Karir Elit
5.0,3.0,4.0,,,4,3.0,,4.0,5,4,,Magister Akuntansi,4.0,,,,,3.0,,4.0,,,0,4,4,,4.0,4.0,4.0,,,,4.0,0.0,4.142857142857143,3.857142857142857,0,Karir Lintas Jalur
1.0,1.0,4.0,,,2,4.0,,4.0,4,1,,Magister Manajemen,1.0,,,,,1.0,,4.0,,,Assesor Kewirausahaan,1,1,,4.0,4.0,2.0,,,,4.0,0.0,1.7142857142857142,4.0,1,Karir Linear
70.0,5.0,5.0,Pilihan,,4,4.0,,4.0,5,5,,Magister Manajemen,4.0,,,,,15.0,,5.0,,,0,5,4,,4.0,5.0,4.0,,,,5.0,2.0,4.428571428571429,4.571428571428571,1,Karir Linear
2.0,2.0,4.0,,,4,3.0,,4.0,4,4,,Magister Akuntansi,3.0,Pilihan,,,,2.0,,4.0,,,0,4,4,Pilihan,4.0,4.0,3.0,,,,4.0,-9.0,3.7142857142857144,3.857142857142857,1,Karir Linear
10.0,5.0,4.0,,,4,4.0,,4.0,4,4,,Magister Akuntansi,2.0,,,,,5.0,,4.0,,,Sertifikat Data Management,2,2,,4.0,4.0,2.0,,,,4.0,0.0,2.857142857142857,4.0,0,Karir Lintas Jalur
5.0,4.0,4.0,,,4,3.0,,4.0,5,5,,Magister Ilmu Komunikasi,3.0,,,,,5.0,,4.0,,,0,4,4,Pilihan,4.0,4.0,4.0,,,,4.0,59.0,4.142857142857143,3.857142857142857,0,Karir Lintas Jalur
5.0,3.0,4.0,,,4,3.0,,4.0,4,4,,Magister Teknik Industri,3.0,,,,,3.0,Pilihan,4.0,,,CQI IRCA ISO 9001:2015 Lead Auditor,3,3,,4.0,4.0,3.0,,,,4.0,0.0,3.4285714285714284,3.857142857142857,3,Karir Elit
1.0,1.0,5.0,,,4,4.0,,5.0,5,5,,Magister Teknik Sipil,5.0,,,,,1.0,Pilihan,5.0,,,0,5,5,,4.0,4.0,5.0,,,,5.0,2.0,4.857142857142857,4.571428571428571,1,Karir Linear
1.0,1.0,4.0,,,4,4.0,,4.0,5,4,,Magister Manajemen,1.0,,,,,1.0,,5.0,Pilihan,,0,1,4,,4.0,4.0,1.0,,,,5.0,0.0,2.857142857142857,4.285714285714286,0,Karir Lintas Jalur
10.0,10.0,5.0,,,5,5.0,,5.0,5,5,,Magister Akuntansi,1.0,,,,,10.0,,5.0,,,belum ada,5,5,,5.0,5.0,5.0,,,,5.0,0.0,4.428571428571429,5.0,1,Karir Linear
5.0,1.0,5.0,,,5,3.0,,5.0,5,5,,Magister Teknik Mesin,2.0,,,,Pilihan,1.0,,5.0,,,0,2,3,,5.0,5.0,2.0,,,,5.0,12.0,3.4285714285714284,4.714285714285714,1,Karir Linear
3.0,2.0,4.0,Pilihan,,3,4.0,,4.0,4,4,,Magister Akuntansi,3.0,,,,,2.0,,4.0,,,Certificate Accurate Profesional,4,3,,4.0,4.0,4.0,,Pilihan,Pilihan,4.0,0.0,3.5714285714285716,4.0,0,Karir Lintas Jalur
10.0,5.0,4.0,Pilihan,,3,4.0,,3.0,3,3,,Magister Teknik Sipil,2.0,,,,,10.0,,4.0,,,"Ahli muda teknik sumber daya air, LPJK Astekindo. Berlaku 2028, Ahli Muda K3 LPJK Gataki. Berlaku 2027, Ahli madya teknik bangunan Gedung, LPJK Astekindo. Berlaku 2028.",2,3,,4.0,4.0,2.0,,,,4.0,12.0,2.5714285714285716,3.857142857142857,1,Karir Linear
10.0,4.0,4.0,Pilihan,,2,4.0,,4.0,2,2,,Magister Manajemen,1.0,,,,,5.0,,4.0,,,tidak ada,2,2,Pilihan,4.0,4.0,1.0,,,,4.0,6.0,1.7142857142857142,4.0,3,Karir Elit
5.0,3.0,4.0,,,4,4.0,,4.0,4,4,,Magister Manajemen,1.0,,,Pilihan,,3.0,,4.0,,Pilihan,0,1,4,Pilihan,4.0,4.0,1.0,Pilihan,,,4.0,2.0,2.7142857142857144,4.0,3,Karir Elit
1.0,1.0,4.0,,,5,4.0,,5.0,5,4,,Magister Teknik Elektro,3.0,,,,,1.0,,5.0,,,0,4,4,,4.0,5.0,3.0,,,,5.0,0.0,4.0,4.571428571428571,3,Karir Elit
10.0,10.0,3.0,,Pilihan,4,4.0,,3.0,4,5,,Magister Manajemen,5.0,,,,,10.0,,4.0,,,0,5,4,,4.0,3.0,5.0,,,,3.0,6.0,4.571428571428571,3.4285714285714284,0,Karir Lintas Jalur
6.0,3.0,3.0,Pilihan,,5,4.0,,4.0,4,4,,Magister Manajemen,3.0,,,,,3.0,,4.0,,,0,3,5,Pilihan,4.0,4.0,3.0,,Pilihan,Pilihan,4.0,-1.0,3.857142857142857,3.857142857142857,0,Karir Lintas Jalur
10.0,10.0,4.0,,,3,4.0,,4.0,3,3,,Magister Manajemen,2.0,,,,Pilihan,10.0,,4.0,,,0,2,2,Pilihan,4.0,4.0,2.0,,,,4.0,0.0,2.4285714285714284,4.0,1,Karir Linear
2.0,2.0,5.0,,Pilihan,3,5.0,,5.0,4,5,,Magister Akuntansi,1.0,,,,,2.0,,5.0,,,0,2,2,Pilihan,5.0,5.0,1.0,,,,5.0,12.0,2.5714285714285716,5.0,1,Karir Linear
1.0,1.0,4.0,Pilihan,,4,4.0,,4.0,4,4,,Magister Manajemen,4.0,,,,,1.0,,4.0,,,-,4,4,,4.0,4.0,4.0,,,,4.0,32.0,4.0,4.0,2,Karir Tertunda
2.0,2.0,4.0,,,4,4.0,,4.0,5,5,,Magister Akuntansi,1.0,,,,,2.0,,4.0,,,0,1,3,Pilihan,4.0,4.0,3.0,,,,4.0,0.0,3.142857142857143,4.0,1,Karir Linear
4.0,4.0,5.0,,,2,4.0,,5.0,3,2,,Magister Manajemen,2.0,,,,,4.0,,5.0,,,"Qualified Risk Management Profesional (QRMP), sampai dengan 06 September 2026",2,2,Pilihan,4.0,5.0,2.0,,,,5.0,0.0,2.142857142857143,4.714285714285714,3,Karir Elit
10.0,3.0,5.0,Pilihan,Pilihan,5,5.0,,5.0,5,5,,Magister Teknik Sipil,5.0,,,,,5.0,,5.0,,,0,5,5,,5.0,5.0,5.0,,,,5.0,48.0,5.0,5.0,1,Karir Linear
10.0,2.0,3.0,,,3,4.0,,3.0,3,4,,Magister Manajemen,3.0,,,,,4.0,,3.0,,,0,3,3,Pilihan,3.0,3.0,3.0,,Pilihan,,3.0,-1.0,3.142857142857143,3.142857142857143,3,Karir Elit
10.0,2.0,4.0,,Pilihan,3,4.0,,4.0,3,3,,Magister Manajemen,2.0,,,,,2.0,,4.0,,,0,2,2,Pilihan,3.0,4.0,2.0,,,,4.0,2.0,2.4285714285714284,3.857142857142857,0,Karir Lintas Jalur
5.0,3.0,5.0,,,4,3.0,,5.0,4,4,,Magister Akuntansi,1.0,,,,,3.0,Pilihan,5.0,,,0,4,1,,5.0,5.0,4.0,,,,5.0,6.0,3.142857142857143,4.714285714285714,3,Karir Elit
1.0,1.0,5.0,Pilihan,,5,5.0,,4.0,5,5,,Magister Manajemen,4.0,,,,,1.0,,5.0,,,0,4,5,,5.0,5.0,4.0,,,,5.0,12.0,4.571428571428571,4.857142857142857,0,Karir Lintas Jalur
2.0,2.0,4.0,,,3,2.0,,5.0,4,4,,Magister Manajemen,3.0,,,,,2.0,,4.0,,,0,3,4,,4.0,4.0,3.0,,,,4.0,0.0,3.4285714285714284,3.857142857142857,1,Karir Linear
1.0,1.0,4.0,,,2,3.0,,4.0,4,4,,Magister Akuntansi,1.0,,,,Pilihan,1.0,,3.0,,,0,1,1,,4.0,3.0,1.0,,,,4.0,0.0,2.0,3.5714285714285716,3,Karir Elit
7.0,4.0,5.0,,Pilihan,5,3.0,,5.0,5,4,,Magister Manajemen,4.0,,,,,4.0,,5.0,,,"Pelatihan dan Sertifikasi BNSP Skema Human Resources (HR) Staff, masa berlaku 3 tahun",4,5,Pilihan,5.0,5.0,4.0,,,,5.0,60.0,4.428571428571429,4.714285714285714,1,Karir Linear
30.0,10.0,5.0,,Pilihan,5,5.0,,5.0,5,5,,Magister Akuntansi,5.0,Pilihan,,,,15.0,Pilihan,5.0,,,Sertifikasi Kompetensi Brevet Pajak AB dan sertifikasi profesi CTT dari Lembaga Manajemen Formasi dan ATPI.,5,5,Pilihan,5.0,5.0,5.0,,Pilihan,,5.0,3.0,5.0,5.0,1,Karir Linear
20.0,5.0,4.0,Pilihan,,5,4.0,,5.0,5,5,,Magister Manajemen,2.0,,,,,8.0,,5.0,,,0,2,5,Pilihan,5.0,5.0,3.0,,Pilihan,,5.0,-5.0,3.857142857142857,4.714285714285714,3,Karir Elit
3.0,3.0,4.0,,,4,4.0,,5.0,5,5,,Magister Manajemen,4.0,,,,,3.0,,5.0,,,0,5,4,,5.0,5.0,5.0,,,,5.0,0.0,4.571428571428571,4.714285714285714,1,Karir Linear
10.0,5.0,4.0,Pilihan,Pilihan,4,3.0,,4.0,5,5,,Magister Manajemen,3.0,,,,,5.0,,4.0,,,Sertifikat Brevet AB+eSPT PPA Universitas Indonesia (sertifikat ongoing),3,4,Pilihan,4.0,4.0,4.0,,,,4.0,-1.0,4.0,3.857142857142857,3,Karir Elit
1.0,1.0,4.0,,,3,3.0,,5.0,5,5,,Magister Manajemen,1.0,,,,,1.0,,4.0,,,CRMO berlaku sampai 13 Maret 2026,1,1,,4.0,4.0,1.0,,,Pilihan,4.0,0.0,2.4285714285714284,4.0,3,Karir Elit
5.0,2.0,4.0,,Pilihan,4,4.0,,4.0,5,5,,Magister Teknik Mesin,2.0,,,,,2.0,,5.0,,,BNSP Ahli Muda Mekanikal,5,4,,4.0,5.0,4.0,,,,5.0,1.0,4.142857142857143,4.428571428571429,0,Karir Lintas Jalur
20.0,5.0,5.0,,,5,5.0,,5.0,5,5,,Magister Manajemen,5.0,,,,,5.0,,5.0,,,0,5,5,Pilihan,5.0,5.0,5.0,,Pilihan,,5.0,6.0,5.0,5.0,3,Karir Elit
10.0,4.0,5.0,Pilihan,,5,4.0,,5.0,5,5,,Magister Teknik Industri,4.0,,,,,4.0,,5.0,,,0,4,4,,5.0,5.0,4.0,,Pilihan,,5.0,-1.0,4.428571428571429,4.857142857142857,1,Karir Linear
1.0,2.0,4.0,,,4,4.0,,5.0,4,5,,Magister Teknik Mesin,4.0,,,,,1.0,,4.0,,,0,4,4,,5.0,5.0,4.0,,,,5.0,0.0,4.142857142857143,4.571428571428571,1,Karir Linear
10.0,10.0,5.0,,Pilihan,4,4.0,,4.0,4,3,,Magister Manajemen,2.0,,,,,10.0,,5.0,,,0,2,3,Pilihan,4.0,5.0,2.0,,,,5.0,24.0,2.857142857142857,4.571428571428571,2,Karir Tertunda
1.0,3.0,4.0,,,4,3.0,,4.0,4,4,,Magister Manajemen,3.0,,,,,2.0,,4.0,Pilihan,,0,4,4,,4.0,4.0,3.0,,,,4.0,0.0,3.7142857142857144,3.857142857142857,3,Karir Elit
10.0,3.0,3.0,,,3,3.0,,4.0,4,4,,Magister Teknik Industri,2.0,,,,,3.0,,3.0,,,0,2,2,,3.0,3.0,2.0,,,,4.0,0.0,2.7142857142857144,3.2857142857142856,3,Karir Elit
10.0,7.0,4.0,,,2,4.0,,5.0,4,5,,Magister Akuntansi,1.0,,,,,7.0,,4.0,,,0,1,3,,4.0,4.0,3.0,,,,4.0,0.0,2.7142857142857144,4.142857142857143,1,Karir Linear
5.0,4.0,4.0,,,4,4.0,,5.0,5,5,,Magister Manajemen,4.0,Pilihan,,,,5.0,,5.0,,,"Pejabat Pembuat Komitmen Tersertifikasi Negara (PNT) berlaku s/d 7 Agustus 2025, Sertifikasi Jabatan Fungsional Perencana Ahli Madya berlaku s/d Februari 2026, Sertifikasi Pengadaan Barang Jasa Pemerintah Tingkat Dasar berlaku seumur hidup",5,4,,4.0,5.0,4.0,,,,5.0,0.0,4.428571428571429,4.571428571428571,3,Karir Elit
1.0,5.0,4.0,,,4,5.0,,5.0,4,4,,Magister Manajemen,3.0,,,,,1.0,,4.0,,,0,3,4,,4.0,3.0,3.0,,,,4.0,0.0,3.5714285714285716,4.142857142857143,3,Karir Elit
5.0,3.0,4.0,,,4,4.0,,5.0,4,5,,Magister Teknik Industri,2.0,,,,,3.0,,5.0,,,- Setifikat IRCA ISO 9001 Lead Auditor (QMS) dari BSCIC Certification dan Sertifikat ASNT Ultrasonic Testing (UT) Level II dari dB School of NDT,2,2,,3.0,4.0,2.0,,,,5.0,0.0,3.0,4.285714285714286,3,Karir Elit
5.0,5.0,4.0,,Pilihan,4,4.0,,4.0,4,3,,Magister Manajemen,2.0,,,,,3.0,,4.0,,,Certified Human Resources Manager,2,3,Pilihan,5.0,4.0,2.0,,Pilihan,,4.0,-4.0,2.857142857142857,4.142857142857143,3,Karir Elit
8.0,6.0,5.0,,Pilihan,4,5.0,,5.0,4,5,,Magister Ilmu Komunikasi,4.0,,,Pilihan,,8.0,Pilihan,5.0,,,0,4,4,Pilihan,5.0,5.0,4.0,,,,5.0,6.0,4.142857142857143,5.0,3,Karir Elit
5.0,5.0,4.0,,,3,4.0,,5.0,5,5,,Magister Manajemen,2.0,,,,,5.0,,4.0,,,0,3,2,,4.0,4.0,3.0,,,,4.0,0.0,3.2857142857142856,4.142857142857143,0,Karir Lintas Jalur
5.0,3.0,4.0,,,4,4.0,,5.0,4,4,,Magister Manajemen,4.0,,,,,3.0,,4.0,Pilihan,,0,4,4,,5.0,4.0,4.0,,,,5.0,1.0,4.0,4.428571428571429,3,Karir Elit
2.0,2.0,4.0,,,4,4.0,,5.0,5,5,,Magister Ilmu Komunikasi,4.0,Pilihan,,,,2.0,,5.0,,,0,4,5,,4.0,5.0,4.0,,,,5.0,0.0,4.428571428571429,4.571428571428571,1,Karir Linear
10.0,10.0,4.0,,Pilihan,3,3.0,,4.0,2,3,,Magister Akuntansi,3.0,,,,,10.0,,4.0,,,"0PENGARUH BUDAYA ORGANISASI, KOMITMEN MANAGER, KOMPETENSI ORGANISASI DAN OPINI AUDITOR TERHADAP KETEPATAN WAKTU PELAPORAN KEUANGAN  (Studi Empiris Pada Perusahaan Manufaktur  Sektor Industri Barang Konsumsi Yang Terdaftar Di Bursa Efek Indonesia)",4,4,Pilihan,4.0,3.0,3.0,,,,4.0,6.0,3.142857142857143,3.7142857142857144,1,Karir Linear
25.0,5.0,5.0,,Pilihan,5,5.0,Pilihan,5.0,5,5,Pilihan,Magister Akuntansi,4.0,Pilihan,Pilihan,Pilihan,Pilihan,5.0,Pilihan,5.0,Pilihan,Pilihan,-,4,5,Pilihan,5.0,5.0,4.0,Pilihan,Pilihan,,5.0,1.0,4.571428571428571,5.0,3,Karir Elit
1.0,1.0,5.0,,,5,5.0,,5.0,5,5,,Magister Akuntansi,5.0,,,,,1.0,,5.0,,,0,5,5,,5.0,5.0,5.0,,,,5.0,0.0,5.0,5.0,3,Karir Elit
1.0,1.0,5.0,,,5,4.0,,5.0,4,4,,Magister Manajemen,3.0,,,,,1.0,,5.0,,,0,3,3,,4.0,4.0,3.0,,,,5.0,0.0,3.5714285714285716,4.571428571428571,0,Karir Lintas Jalur
5.0,3.0,5.0,,,4,3.0,,5.0,4,3,,Magister Ilmu Komunikasi,1.0,,,,,3.0,,5.0,,,0,1,2,,4.0,5.0,1.0,,,,5.0,0.0,2.2857142857142856,4.571428571428571,3,Karir Elit
20.0,7.0,4.0,Pilihan,Pilihan,4,4.0,,4.0,4,5,,Magister Akuntansi,2.0,,,,,10.0,,4.0,,,-,2,4,Pilihan,4.0,4.0,3.0,,,,4.0,-1.0,3.4285714285714284,4.0,1,Karir Linear
10.0,8.0,5.0,,Pilihan,4,4.0,,4.0,4,4,,Magister Ilmu Komunikasi,4.0,,,,,8.0,,5.0,,,0,4,4,,4.0,4.0,4.0,,,,4.0,12.0,4.0,4.285714285714286,3,Karir Elit
1.0,1.0,4.0,,,4,4.0,,4.0,4,4,,Magister Teknik Sipil,4.0,,,,Pilihan,1.0,,4.0,,,Serifikat Profesi Insinyur,4,4,,4.0,4.0,4.0,,,,4.0,1.0,4.0,4.0,3,Karir Elit
30.0,3.0,4.0,,,4,3.0,,4.0,4,4,,Magister Akuntansi,2.0,,,,,5.0,,3.0,,,0,2,4,Pilihan,4.0,4.0,4.0,,Pilihan,,4.0,12.0,3.4285714285714284,3.7142857142857144,1,Karir Linear
1.0,1.0,5.0,,Pilihan,4,5.0,,5.0,4,4,,Magister Manajemen,4.0,,,,,1.0,,5.0,,,tidak ada,4,4,,5.0,5.0,4.0,,,,5.0,1.0,4.0,5.0,3,Karir Elit
1.0,1.0,5.0,,Pilihan,2,5.0,,5.0,4,5,,Magister Ilmu Komunikasi,1.0,,,,,1.0,,5.0,,,0,1,1,,5.0,5.0,2.0,,,,5.0,-6.0,2.2857142857142856,5.0,3,Karir Elit
2.0,2.0,4.0,,,3,4.0,,4.0,4,4,,Magister Teknik Sipil,3.0,,,,,2.0,Pilihan,4.0,,,1. AHLI MADYA MANAGEMENT KONSTRUKSI / 19940709520230114346 MP 02/16 MEI 2028                                                                                                                                          2. AHLI MADYA K3 KONSTRUKSI/ 5/17551/AS.01.04/XI/2022/ NOVEMBER 2025            3. INSINYUR PROFESIONAL MADYA/2-15-00-003514-00/MARET 2028                         4. AHLI MADYA GEOTEKNIK/19937255920230114346 SI 15/JULI 2028,4,3,,4.0,4.0,3.0,,,,4.0,0.0,3.4285714285714284,4.0,3,Karir Elit
1.0,1.0,4.0,,,4,4.0,,4.0,4,4,,Magister Manajemen,1.0,,,,,1.0,,4.0,,,0,1,1,,4.0,5.0,1.0,,,,5.0,0.0,2.2857142857142856,4.285714285714286,3,Karir Elit
5.0,5.0,4.0,,,4,4.0,,4.0,4,4,,Magister Teknik Elektro,1.0,,,,,5.0,,5.0,,,0,1,2,Pilihan,4.0,5.0,3.0,,Pilihan,Pilihan,4.0,12.0,2.7142857142857144,4.285714285714286,3,Karir Elit
3.0,3.0,4.0,Pilihan,,4,3.0,,3.0,5,5,,Magister Akuntansi,4.0,,,Pilihan,,3.0,,3.0,,,0,4,4,Pilihan,3.0,3.0,4.0,,,,3.0,36.0,4.285714285714286,3.142857142857143,2,Karir Tertunda
1.0,1.0,5.0,Pilihan,,3,4.0,,5.0,4,5,,Magister Ilmu Komunikasi,3.0,,,,,1.0,,5.0,,,Sertifikat Humas Madya,4,3,,5.0,5.0,4.0,,Pilihan,,5.0,1.0,3.7142857142857144,4.857142857142857,1,Karir Linear
25.0,15.0,5.0,Pilihan,,5,5.0,,5.0,5,5,,Magister Manajemen,5.0,,,,,20.0,,5.0,,,tidak ada,5,5,,5.0,5.0,5.0,,,,5.0,12.0,5.0,5.0,1,Karir Linear
2.0,2.0,5.0,,,2,5.0,,5.0,5,3,,Magister Akuntansi,2.0,,,,,2.0,,5.0,,,0,2,2,,5.0,5.0,2.0,,,,5.0,0.0,2.5714285714285716,5.0,3,Karir Elit
1.0,1.0,4.0,,,4,4.0,,4.0,5,4,,Magister Teknik Industri,4.0,,,,,1.0,,5.0,,,Spbe,4,5,,5.0,4.0,4.0,,,,4.0,0.0,4.285714285714286,4.285714285714286,0,Karir Lintas Jalur
1.0,4.0,4.0,Pilihan,,4,4.0,,4.0,4,5,,Magister Akuntansi,2.0,,,Pilihan,,2.0,,4.0,,,0,3,4,Pilihan,4.0,3.0,2.0,,,,3.0,36.0,3.4285714285714284,3.7142857142857144,1,Karir Linear
5.0,5.0,3.0,Pilihan,Pilihan,3,3.0,,3.0,3,4,,Magister Akuntansi,4.0,,,,,4.0,,3.0,,Pilihan,0,3,4,,3.0,3.0,4.0,Pilihan,Pilihan,Pilihan,3.0,75.0,3.5714285714285716,3.0,1,Karir Linear
1.0,1.0,4.0,Pilihan,,2,3.0,,4.0,4,4,,Magister Manajemen,1.0,,,,,1.0,,4.0,,,0,1,1,Pilihan,4.0,5.0,1.0,,Pilihan,,4.0,36.0,2.0,4.0,2,Karir Tertunda
10.0,10.0,5.0,,,5,5.0,,5.0,5,5,,Magister Ilmu Komunikasi,5.0,,,,Pilihan,10.0,,5.0,,,0,5,5,,5.0,5.0,5.0,,,,5.0,0.0,5.0,5.0,3,Karir Elit
2.0,2.0,5.0,,,4,4.0,,5.0,5,5,,Magister Teknik Elektro,4.0,,,,,2.0,,5.0,,,.,4,4,,5.0,5.0,4.0,,,,5.0,0.0,4.285714285714286,4.857142857142857,3,Karir Elit
10.0,10.0,5.0,Pilihan,Pilihan,5,4.0,,4.0,5,4,,Magister Teknik Sipil,4.0,,,,,10.0,,5.0,,,0,4,4,Pilihan,5.0,4.0,4.0,,Pilihan,,5.0,1.0,4.285714285714286,4.571428571428571,3,Karir Elit
2.0,2.0,4.0,,,3,3.0,,4.0,4,5,,Magister Teknik Sipil,4.0,,,,,2.0,,4.0,,,0,3,4,,4.0,4.0,3.0,,,,4.0,0.0,3.7142857142857144,3.857142857142857,1,Karir Linear
5.0,5.0,3.0,,,2,3.0,,4.0,4,4,,Magister Akuntansi,1.0,,,Pilihan,,5.0,,4.0,,,0,1,1,,4.0,4.0,1.0,,,,4.0,0.0,2.0,3.7142857142857144,3,Karir Elit
1.0,1.0,3.0,,,4,3.0,,4.0,4,5,,Magister Manajemen,3.0,,,,Pilihan,1.0,,5.0,,,0,3,3,,4.0,5.0,2.0,,,,5.0,0.0,3.4285714285714284,4.142857142857143,1,Karir Linear
1.0,1.0,5.0,Pilihan,,2,3.0,,4.0,3,5,,Magister Teknik Sipil,1.0,,,,,1.0,,4.0,,,"STRA Arsitek Madya
(2024-2029)",1,2,,4.0,4.0,2.0,,,,4.0,0.0,2.2857142857142856,4.0,0,Karir Lintas Jalur
5.0,3.0,5.0,Pilihan,,2,5.0,,4.0,3,5,,Magister Akuntansi,1.0,,,,,3.0,,5.0,,,0,2,3,,4.0,5.0,4.0,,,,4.0,24.0,2.857142857142857,4.571428571428571,1,Karir Linear
3.0,3.0,4.0,,,3,4.0,,4.0,5,5,,Magister Akuntansi,2.0,,,,,3.0,,4.0,,,0,3,4,Pilihan,4.0,4.0,3.0,,,,4.0,0.0,3.5714285714285716,4.0,3,Karir Elit
10.0,3.0,5.0,,,5,5.0,,5.0,5,5,,Magister Manajemen,5.0,,,,,3.0,,5.0,,,Belum sertifikasi,5,5,,5.0,5.0,5.0,,Pilihan,,5.0,0.0,5.0,5.0,3,Karir Elit
1.0,1.0,5.0,,,5,5.0,,5.0,5,5,,Magister Manajemen,4.0,,,,,1.0,,5.0,,,Sertifikasi Digital Marketing,5,4,Pilihan,5.0,5.0,4.0,,,,5.0,6.0,4.571428571428571,5.0,3,Karir Elit
1.0,1.0,5.0,,,5,5.0,,5.0,5,5,,Magister Manajemen,5.0,,,,,1.0,,5.0,,,0,5,5,,5.0,5.0,5.0,,,,5.0,0.0,5.0,5.0,3,Karir Elit
10.0,5.0,4.0,,,4,4.0,,4.0,4,5,,Magister Teknik Sipil,4.0,,,,,5.0,,5.0,,,.,5,4,,4.0,5.0,5.0,,,,5.0,0.0,4.428571428571429,4.428571428571429,0,Karir Lintas Jalur
10.0,8.0,5.0,,Pilihan,5,5.0,,5.0,5,5,,Magister Manajemen,5.0,,,,,10.0,,5.0,,,"Sertifikasi Direksi BPR dari BNSP s/d 2028
Sertifikasi Digital Marleting dari BNSP s/d 2027",5,5,Pilihan,5.0,5.0,5.0,,Pilihan,,5.0,6.0,5.0,5.0,3,Karir Elit
1.0,0.0,3.0,,,2,3.0,,3.0,3,3,,Magister Ilmu Komunikasi,2.0,,,,,0.0,,4.0,,,0,3,3,,3.0,4.0,3.0,,,,4.0,0.0,2.7142857142857144,3.4285714285714284,3,Karir Elit
3.0,10.0,4.0,,Pilihan,4,5.0,,5.0,5,5,,Magister Manajemen,4.0,,,,,3.0,,4.0,,,BNSP Sustainability Analyst,4,5,,4.0,5.0,4.0,Pilihan,,,5.0,72.0,4.428571428571429,4.571428571428571,3,Karir Elit
0.0,0.0,5.0,,,5,4.0,,5.0,5,5,,Magister Teknik Elektro,5.0,,,,,0.0,,5.0,,,Ahli K3 Umum,5,5,,5.0,5.0,5.0,,,,5.0,0.0,5.0,4.857142857142857,3,Karir Elit
2.0,0.0,4.0,,,4,3.0,,5.0,4,4,,Magister Teknik Sipil,4.0,,,,Pilihan,0.0,,5.0,,,0,4,4,,5.0,5.0,4.0,,,,5.0,24.0,4.0,4.571428571428571,1,Karir Linear
2.0,2.0,5.0,Pilihan,,3,5.0,,5.0,4,5,,Magister Akuntansi,3.0,,,,,2.0,,5.0,,,Guru Akuntansi,3,3,,5.0,5.0,3.0,,,,5.0,108.0,3.4285714285714284,5.0,3,Karir Elit
0.0,0.0,4.0,,,5,3.0,,5.0,5,5,,Magister Ilmu Komunikasi,5.0,,,,,0.0,,4.0,,,Sertifikat Pendidik,5,5,,4.0,5.0,5.0,,,,5.0,0.0,5.0,4.285714285714286,1,Karir Linear
5.0,3.0,4.0,,Pilihan,3,3.0,,4.0,3,3,,Magister Ilmu Komunikasi,3.0,,,,,3.0,,5.0,,,0,3,3,Pilihan,4.0,4.0,3.0,,Pilihan,,5.0,-3.0,3.0,4.142857142857143,0,Karir Lintas Jalur
5.0,3.0,4.0,Pilihan,,5,4.0,,5.0,3,5,,Magister Akuntansi,4.0,,,,,3.0,,4.0,,,0,4,5,,5.0,5.0,5.0,,,,5.0,12.0,4.428571428571429,4.571428571428571,1,Karir Linear
50.0,15.0,5.0,,,3,5.0,,4.0,4,2,,Magister Akuntansi,2.0,,,,,30.0,,5.0,,,0,2,2,,4.0,5.0,2.0,,,,5.0,0.0,2.4285714285714284,4.714285714285714,3,Karir Elit
5.0,9.0,5.0,,,5,5.0,,5.0,5,5,,Magister Teknik Mesin,5.0,,,,,7.0,,5.0,,,0,5,5,Pilihan,5.0,5.0,5.0,,,,5.0,12.0,5.0,5.0,3,Karir Elit
0.0,0.0,3.0,,,2,3.0,,4.0,5,5,,Magister Manajemen,2.0,,,,,0.0,,4.0,,,sertifikasi digital marketing,2,2,,4.0,3.0,2.0,,,,4.0,0.0,2.857142857142857,3.5714285714285716,0,Karir Lintas Jalur
0.0,10.0,5.0,Pilihan,Pilihan,4,4.0,,5.0,5,4,,Magister Manajemen,4.0,,,,,10.0,,5.0,,,"Sertifikat Digital Marketing BNSP berlaku sd 2027

Sertifikat penghargaan sebagai narasumber seminar kelayakan bisnis",4,4,Pilihan,5.0,5.0,4.0,,,,5.0,12.0,4.142857142857143,4.857142857142857,3,Karir Elit
0.0,0.0,4.0,,,4,4.0,,4.0,4,4,,Magister Manajemen,1.0,,,,,0.0,,4.0,,,Certified Risk Professional,1,4,,4.0,4.0,1.0,,,,4.0,0.0,2.7142857142857144,4.0,3,Karir Elit
0.0,0.0,4.0,,,4,4.0,,5.0,4,5,,Magister Manajemen,4.0,,,,,0.0,,4.0,,,0,4,4,,4.0,4.0,4.0,,,,4.0,0.0,4.142857142857143,4.142857142857143,3,Karir Elit
3.0,3.0,4.0,,Pilihan,3,4.0,,4.0,4,4,,Magister Teknik Sipil,2.0,,,,,3.0,,4.0,,,Certified of Risk Management Professional,2,3,,4.0,4.0,2.0,,,,4.0,300.0,2.857142857142857,4.0,3,Karir Elit
1.0,1.0,4.0,Pilihan,,4,4.0,,4.0,4,5,,Magister Akuntansi,4.0,,,,,1.0,,4.0,,,0,4,4,,4.0,4.0,3.0,,,,4.0,0.0,4.0,4.0,3,Karir Elit
100.0,10.0,5.0,,Pilihan,5,4.0,,5.0,5,5,,Magister Manajemen,2.0,,,,,20.0,,5.0,,,"Quality Manager, Environmental Management Leadership, Project Management Specialist, Digital Sustainability Champion",3,5,Pilihan,5.0,5.0,4.0,,,,5.0,1.0,4.142857142857143,4.857142857142857,3,Karir Elit
10.0,3.0,4.0,Pilihan,,4,3.0,,4.0,4,4,,Magister Teknik Mesin,4.0,,,,,3.0,,4.0,,,0,4,4,,4.0,4.0,4.0,,,,4.0,192.0,4.0,3.857142857142857,3,Karir Elit
0.0,0.0,4.0,,,3,4.0,,4.0,4,3,,Magister Manajemen,3.0,,,,,0.0,,4.0,,,Sertifikasi Manajemen Sumber Daya Manusia dengan Kompetensi Pengembangan Sumber Daya Manusia,3,3,,4.0,4.0,3.0,,,,4.0,0.0,3.142857142857143,4.0,3,Karir Elit
10.0,8.0,4.0,,,4,4.0,,4.0,4,4,,Magister Manajemen,4.0,Pilihan,,,,8.0,,4.0,,,Sertifikasi BNSP Pengelolaan Produksi,4,4,Pilihan,4.0,4.0,4.0,,,,4.0,1.0,4.0,4.0,1,Karir Linear
2.0,2.0,5.0,,Pilihan,2,5.0,,4.0,5,2,,Magister Teknik Industri,2.0,Pilihan,,,,2.0,,4.0,,,0,2,2,Pilihan,4.0,4.0,2.0,,Pilihan,,4.0,6.0,2.4285714285714284,4.285714285714286,3,Karir Elit
0.0,0.0,5.0,,,5,3.0,,5.0,5,5,,Magister Teknik Mesin,5.0,,,,,0.0,,5.0,,,0,5,5,,5.0,5.0,5.0,,,,5.0,0.0,5.0,4.714285714285714,1,Karir Linear
5.0,3.0,3.0,,,2,3.0,,4.0,4,5,,Magister Manajemen,2.0,,,Pilihan,,3.0,,4.0,,Pilihan,0,2,2,Pilihan,4.0,4.0,2.0,,Pilihan,,4.0,6.0,2.7142857142857144,3.7142857142857144,3,Karir Elit
1.0,1.0,4.0,,,4,4.0,,4.0,4,4,,Magister Manajemen,4.0,,,,,1.0,,4.0,,,CRA,4,4,,4.0,4.0,4.0,,Pilihan,,4.0,12.0,4.0,4.0,3,Karir Elit
0.0,1.0,5.0,,,4,5.0,,5.0,4,4,,Magister Ilmu Komunikasi,4.0,,,,,0.0,,5.0,,,0,4,4,,5.0,5.0,4.0,,,,5.0,0.0,4.0,5.0,1,Karir Linear
0.0,0.0,3.0,,,4,3.0,,3.0,4,4,,Magister Teknik Sipil,1.0,,,,,0.0,,3.0,,,0',4,1,,3.0,3.0,1.0,,,,3.0,0.0,2.7142857142857144,3.0,3,Karir Elit
10.0,5.0,4.0,,,5,4.0,,5.0,5,5,,Magister Teknik Sipil,1.0,,,,,5.0,,4.0,,,Tidak memiliki sertifikat,1,5,,4.0,4.0,1.0,,,,4.0,0.0,3.2857142857142856,4.142857142857143,0,Karir Lintas Jalur
20.0,2.0,5.0,,,4,4.0,,5.0,5,5,,Magister Teknik Elektro,4.0,,,,,2.0,,5.0,,,0,4,5,Pilihan,5.0,5.0,4.0,,,,5.0,120.0,4.428571428571429,4.857142857142857,1,Karir Linear
0.0,0.0,4.0,,,4,4.0,,4.0,4,5,,Magister Teknik Sipil,2.0,,,,,0.0,,4.0,,,0,2,3,,4.0,4.0,3.0,,,,4.0,0.0,3.2857142857142856,4.0,3,Karir Elit
0.0,0.0,4.0,,,1,3.0,,3.0,4,4,,Magister Teknik Sipil,3.0,,,,,0.0,,4.0,,,0,3,2,,4.0,4.0,3.0,,,,4.0,0.0,2.857142857142857,3.7142857142857144,1,Karir Linear
0.0,0.0,4.0,Pilihan,,4,3.0,,5.0,5,5,Pilihan,Magister Akuntansi,4.0,Pilihan,Pilihan,Pilihan,,0.0,,4.0,,Pilihan,0,4,5,Pilihan,4.0,4.0,4.0,Pilihan,Pilihan,Pilihan,5.0,12.0,4.428571428571429,4.142857142857143,1,Karir Linear
7.0,7.0,5.0,,,5,5.0,,5.0,5,5,,Magister Teknik Elektro,5.0,,,,,7.0,,5.0,,,"ISO 27001 Versi 2022 - Lead Implementer,",5,5,Pilihan,5.0,5.0,5.0,,Pilihan,,5.0,-6.0,5.0,5.0,0,Karir Lintas Jalur
2.0,1.0,4.0,,,5,4.0,,4.0,5,5,,Manajemen S3,4.0,,,,,1.0,,4.0,,,0,4,5,,4.0,4.0,4.0,Pilihan,,,4.0,0.0,4.571428571428571,4.0,3,Karir Elit
0.0,0.0,5.0,,,4,3.0,,4.0,4,4,,Magister Akuntansi,1.0,,,,,0.0,,4.0,,,-,1,3,,4.0,4.0,1.0,,,,5.0,0.0,2.5714285714285716,4.142857142857143,3,Karir Elit
0.0,0.0,3.0,,,4,3.0,,4.0,5,5,,Magister Teknik Mesin,4.0,,,,,0.0,,3.0,Pilihan,,-,4,4,,4.0,4.0,4.0,,,,4.0,0.0,4.285714285714286,3.5714285714285716,0,Karir Lintas Jalur
7.0,4.0,4.0,Pilihan,Pilihan,4,4.0,,4.0,4,4,,Magister Teknik Industri,4.0,Pilihan,,Pilihan,,6.0,,4.0,,Pilihan,0,4,4,Pilihan,4.0,4.0,4.0,Pilihan,Pilihan,,4.0,-12.0,4.0,4.0,0,Karir Lintas Jalur
2.0,2.0,4.0,,,4,4.0,,4.0,4,4,,Magister Manajemen,4.0,,,,,2.0,,4.0,,,Sertifikasi Manajemen Rantai Pasok ( Supply Chain Management) oleh BNSP. Masa Berlaku dari 4 Maret 2024 s.d 4 Maret 2027,4,4,Pilihan,4.0,5.0,4.0,,,,4.0,144.0,4.0,4.142857142857143,3,Karir Elit
10.0,10.0,4.0,,,3,4.0,,4.0,4,3,,Magister Ilmu Komunikasi,2.0,,,,,10.0,,4.0,,,0,2,2,,4.0,4.0,2.0,,,,4.0,0.0,2.5714285714285716,4.0,1,Karir Linear
30.0,6.0,5.0,,,4,4.0,,5.0,4,5,,Magister Ilmu Komunikasi,1.0,,,,,10.0,,5.0,,,tidak ada,1,4,Pilihan,5.0,5.0,2.0,,,,5.0,0.0,3.0,4.857142857142857,3,Karir Elit
5.0,5.0,5.0,,,4,3.0,,4.0,4,5,,Magister Manajemen,1.0,Pilihan,,,,5.0,,3.0,,,0,1,4,,4.0,4.0,1.0,,,,4.0,0.0,2.857142857142857,3.857142857142857,3,Karir Elit
0.0,0.0,5.0,,,4,5.0,,5.0,4,4,,Manajemen S3,3.0,,,,,0.0,,5.0,,,0,3,4,,5.0,5.0,3.0,,,,5.0,0.0,3.5714285714285716,5.0,1,Karir Linear
15.0,7.0,4.0,,,5,4.0,,4.0,4,5,,Magister Manajemen,4.0,,,,,7.0,,4.0,,,Sertifikat pemasaran digital,4,4,Pilihan,4.0,4.0,4.0,,,,4.0,12.0,4.285714285714286,4.0,0,Karir Lintas Jalur
0.0,3.0,3.0,,,3,3.0,,3.0,4,4,,Magister Teknik Industri,3.0,,,,,0.0,,3.0,,,Tidak ada,3,3,,4.0,4.0,3.0,,,,3.0,0.0,3.2857142857142856,3.2857142857142856,3,Karir Elit
0.0,0.0,4.0,,,4,3.0,,4.0,5,5,,Magister Manajemen,3.0,,,,,0.0,,4.0,,,0,4,3,,4.0,4.0,4.0,,,,4.0,0.0,4.0,3.857142857142857,1,Karir Linear
0.0,0.0,3.0,,,4,3.0,,4.0,4,4,,Magister Teknik Elektro,4.0,,,,,0.0,,3.0,,,0,4,4,,3.0,4.0,4.0,,,,4.0,0.0,4.0,3.4285714285714284,3,Karir Elit
1.0,1.0,4.0,,,2,3.0,,4.0,4,5,,Magister Ilmu Komunikasi,1.0,,,,,1.0,,5.0,,,0,1,1,,4.0,5.0,1.0,,,,4.0,0.0,2.142857142857143,4.142857142857143,1,Karir Linear
0.0,0.0,4.0,,,4,4.0,,4.0,4,5,,Magister Manajemen,1.0,,,,,0.0,,4.0,,,"1. CRA (Certified Risk Associate) : BNSP
2. Ahli Kepabeanan : Kemenkeu",5,4,,4.0,4.0,4.0,,,,4.0,0.0,3.857142857142857,4.0,3,Karir Elit
0.0,1.0,4.0,,,2,4.0,,4.0,5,4,,Magister Akuntansi,1.0,,,,,1.0,,5.0,,,ERMCP,1,1,,5.0,4.0,1.0,,,,4.0,0.0,2.142857142857143,4.285714285714286,3,Karir Elit
0.0,2.0,4.0,,Pilihan,4,4.0,Pilihan,4.0,4,4,,Magister Teknik Mesin,3.0,,,,,0.0,,4.0,,,0,3,2,,4.0,4.0,2.0,,,,4.0,12.0,3.142857142857143,4.0,3,Karir Elit
5.0,5.0,5.0,,,5,4.0,,4.0,5,5,,Magister Akuntansi,5.0,,,,,5.0,,5.0,,,0,5,5,Pilihan,5.0,5.0,5.0,,,,5.0,0.0,5.0,4.714285714285714,1,Karir Linear
10.0,5.0,5.0,Pilihan,,5,5.0,,5.0,5,5,,Magister Ilmu Komunikasi,5.0,,,,,6.0,,5.0,,,"Matrikulasi, TOEFL, Tiktok Challenge, Webinar Politik Komunikasi",5,5,Pilihan,5.0,5.0,5.0,,Pilihan,,5.0,24.0,5.0,5.0,2,Karir Tertunda
0.0,0.0,4.0,,,4,3.0,,4.0,4,4,,Magister Ilmu Komunikasi,4.0,,,,,0.0,,3.0,,,0,4,4,,4.0,4.0,4.0,,,,4.0,0.0,4.0,3.7142857142857144,1,Karir Linear
0.0,0.0,4.0,,,3,4.0,,5.0,3,3,,Magister Teknik Sipil,3.0,,,,,0.0,,4.0,,,Sertifikat Profesi 001001239022025200021 Terakreditasi Unggul berdasarkan Keputusan BAN-PT No. 2006/SK/BAN-PT/Ak.Ppj/PT/XII/2022,3,3,,5.0,4.0,3.0,,,,4.0,0.0,3.0,4.285714285714286,3,Karir Elit
1.0,1.0,4.0,,,4,4.0,,4.0,4,4,,Magister Akuntansi,4.0,Pilihan,,,,1.0,,4.0,,,0,4,4,Pilihan,4.0,4.0,4.0,,,,4.0,1.0,4.0,4.0,3,Karir Elit
0.0,0.0,2.0,,,2,2.0,,2.0,4,4,,Magister Manajemen,3.0,,,,,0.0,,2.0,,,0,3,3,Pilihan,2.0,2.0,3.0,,,,2.0,0.0,3.142857142857143,2.0,3,Karir Elit
0.0,0.0,5.0,,,4,4.0,,3.0,4,5,,Magister Ilmu Komunikasi,3.0,,,,,0.0,,5.0,,,0,4,4,,5.0,4.0,4.0,,,,5.0,0.0,4.0,4.428571428571429,3,Karir Elit
10.0,2.0,5.0,Pilihan,,3,4.0,,5.0,4,5,,Magister Manajemen,1.0,,,,,3.0,,5.0,,,0,1,3,Pilihan,4.0,5.0,1.0,,Pilihan,,5.0,-1.0,2.5714285714285716,4.714285714285714,0,Karir Lintas Jalur
30.0,10.0,3.0,,,2,3.0,,4.0,3,1,,Magister Ilmu Komunikasi,1.0,,,,,17.0,,4.0,,,0,1,2,,4.0,5.0,1.0,,,,5.0,0.0,1.5714285714285714,4.0,1,Karir Linear
0.0,2.0,5.0,,,4,4.0,,5.0,4,4,,Magister Manajemen,2.0,,,,,0.0,,5.0,,,"Certified Trainer BNSP 2024-2027, Certified Quality Manager KAN 2024-2029, Certified Supply Chain Management BNSP 2024-2027",2,4,,4.0,5.0,4.0,,,,5.0,0.0,3.4285714285714284,4.714285714285714,3,Karir Elit
5.0,1.0,3.0,,,2,3.0,,4.0,4,4,,Magister Manajemen,1.0,,,,,1.0,,3.0,,,Sustainable Human Capital,1,2,,4.0,3.0,3.0,,,,3.0,0.0,2.4285714285714284,3.2857142857142856,3,Karir Elit
10.0,5.0,4.0,Pilihan,,4,4.0,,4.0,4,3,,Magister Teknik Industri,4.0,Pilihan,Pilihan,Pilihan,,8.0,,4.0,,Pilihan,0,2,5,Pilihan,4.0,4.0,4.0,Pilihan,Pilihan,,4.0,-6.0,3.7142857142857144,4.0,3,Karir Elit
0.0,0.0,3.0,,,2,2.0,,3.0,3,5,,Magister Ilmu Komunikasi,4.0,,,,,0.0,,3.0,,,-,4,3,,3.0,3.0,4.0,,,,3.0,0.0,3.5714285714285716,2.857142857142857,3,Karir Elit
1.0,1.0,5.0,,Pilihan,4,5.0,,5.0,4,5,,Magister Teknik Elektro,3.0,,,,,1.0,,5.0,,,0,4,4,,5.0,5.0,3.0,,Pilihan,,5.0,2.0,3.857142857142857,5.0,3,Karir Elit
5.0,3.0,4.0,,,3,4.0,,4.0,3,3,,Magister Teknik Sipil,3.0,Pilihan,,,,4.0,,4.0,,,0,3,3,Pilihan,4.0,4.0,3.0,,,,4.0,3.0,3.0,4.0,3,Karir Elit
5.0,2.0,4.0,,,4,4.0,,5.0,4,4,,Magister Manajemen,3.0,,,,,2.0,,4.0,,,Sertifikasi profesi digital marketing,3,4,,4.0,5.0,3.0,,,,5.0,0.0,3.5714285714285716,4.428571428571429,3,Karir Elit
15.0,10.0,4.0,Pilihan,,4,4.0,,4.0,4,5,,Magister Manajemen,1.0,Pilihan,Pilihan,Pilihan,,10.0,,4.0,,Pilihan,Certified Risk Assesment dari Lembaga Sertifikasiku,2,1,Pilihan,4.0,4.0,2.0,,Pilihan,,4.0,3.0,2.7142857142857144,4.0,0,Karir Lintas Jalur
0.0,1.0,4.0,,Pilihan,1,4.0,,5.0,4,4,,Manajemen S3,1.0,,,,,0.0,,4.0,,,0,1,1,,5.0,5.0,1.0,,,,5.0,0.0,1.8571428571428572,4.571428571428571,3,Karir Elit
5.0,3.0,5.0,,,5,5.0,,5.0,5,5,,Magister Ilmu Komunikasi,5.0,,,Pilihan,,3.0,,5.0,Pilihan,,0,5,5,,5.0,5.0,5.0,,Pilihan,,5.0,1.0,5.0,5.0,3,Karir Elit
0.0,0.0,4.0,,,5,3.0,,5.0,5,5,,Magister Manajemen,1.0,,,,,0.0,,5.0,,,CHRM,1,2,,5.0,5.0,1.0,,,,5.0,0.0,2.857142857142857,4.571428571428571,3,Karir Elit
5.0,5.0,5.0,Pilihan,,4,5.0,,5.0,4,5,,Magister Manajemen,4.0,,,,,5.0,,5.0,,,BNSP-CRP,4,5,,5.0,5.0,3.0,,,,5.0,1.0,4.142857142857143,5.0,1,Karir Linear
90.0,5.0,5.0,,,4,5.0,,5.0,4,5,,Magister Manajemen,5.0,Pilihan,,,,5.0,,5.0,,,0,5,4,Pilihan,5.0,5.0,5.0,,,,5.0,12.0,4.571428571428571,5.0,0,Karir Lintas Jalur
0.0,5.0,4.0,,Pilihan,5,4.0,,5.0,5,5,,Magister Manajemen,5.0,,,,Pilihan,0.0,,5.0,,,"Manajer Sumber Daya Manusia dari BNSP Lembaga Sertifikasi Manajemen dan Pengembangan SDM, No Reg. M. 944 000912 2023",5,5,Pilihan,5.0,5.0,5.0,,Pilihan,,5.0,1.0,5.0,4.714285714285714,1,Karir Linear
2.0,2.0,5.0,,,4,3.0,,4.0,4,4,,Magister Teknik Industri,4.0,,,,,2.0,,5.0,,,AHLI K3 PUBT,4,3,,4.0,5.0,4.0,,,,5.0,0.0,3.857142857142857,4.428571428571429,1,Karir Linear
10.0,10.0,3.0,,,5,5.0,,5.0,5,5,,Magister Teknik Mesin,5.0,,,Pilihan,,10.0,Pilihan,5.0,,,Belum punya,5,5,,4.0,3.0,5.0,,,,3.0,0.0,5.0,4.0,0,Karir Lintas Jalur
15.0,15.0,5.0,,,5,5.0,,5.0,5,4,,Magister Manajemen,1.0,,,,,15.0,,5.0,,,0,4,3,,5.0,5.0,4.0,,Pilihan,,5.0,0.0,3.7142857142857144,5.0,3,Karir Elit
0.0,0.0,3.0,,,4,3.0,,3.0,4,4,,Magister Manajemen,1.0,,,,,0.0,,3.0,,,"Certified Marketing Analyst 
American Academy of Project Management
Feb 2027",1,4,,3.0,3.0,1.0,,,,3.0,0.0,2.7142857142857144,3.0,3,Karir Elit
20.0,3.0,5.0,,Pilihan,4,4.0,,4.0,5,4,,Magister Manajemen,1.0,,,,,3.0,,4.0,,,SCM,1,4,Pilihan,4.0,4.0,1.0,,,,4.0,-2.0,2.857142857142857,4.142857142857143,3,Karir Elit
4.0,4.0,5.0,,,5,5.0,,5.0,5,5,,Magister Akuntansi,5.0,,,,Pilihan,4.0,,5.0,,,"Certified securities Analyzls (CSA - BNSP)
Certified Investment Bankers (CIB - BNSP)
Penilai Publik - Kemenkeu RI dan Ojk",4,5,,5.0,5.0,5.0,,,,5.0,0.0,4.857142857142857,5.0,3,Karir Elit
0.0,0.0,4.0,,,2,4.0,,5.0,4,3,,Magister Ilmu Komunikasi,1.0,,,,,0.0,,4.0,,,0,1,2,,4.0,4.0,2.0,,,,4.0,0.0,2.142857142857143,4.142857142857143,3,Karir Elit
4.0,4.0,4.0,,Pilihan,4,5.0,,5.0,4,3,,Magister Teknik Sipil,4.0,,,,,2.0,,5.0,,,"K3
Jalan jenjang 7
QS
Manajemen konstruksi
manajer lapangan konstruksi bangunan gedung",4,4,,5.0,5.0,4.0,,,,4.0,1.0,3.857142857142857,4.714285714285714,1,Karir Linear
10.0,5.0,4.0,,,3,4.0,,4.0,3,4,,Magister Ilmu Komunikasi,3.0,,,,Pilihan,10.0,,4.0,,,0,4,4,Pilihan,4.0,4.0,4.0,,,,4.0,6.0,3.5714285714285716,4.0,3,Karir Elit
11.0,11.0,3.0,,Pilihan,3,3.0,,3.0,3,3,,Magister Teknik Elektro,3.0,,,,,11.0,,3.0,,Pilihan,"VMware Certified Implementation Expert, Cisco CCNA Routing & Switching, Cisco CyberOps, AWS Associate, Alibaba Cloud, Microsoft Azure, Linux Foundation",3,3,Pilihan,3.0,3.0,3.0,,Pilihan,,3.0,1.0,3.0,3.0,3,Karir Elit
0.0,0.0,5.0,,,4,4.0,,5.0,5,5,,Magister Manajemen,4.0,,,,,0.0,,5.0,,,Sertifikasi Pengelolaan Manajemen Risiko (Certified Risk Associate) dari BNSP/Lembaga Sertifikasi Pasar Modal,4,5,Pilihan,5.0,5.0,4.0,,,,5.0,120.0,4.428571428571429,4.857142857142857,3,Karir Elit
2.0,2.0,5.0,,,4,4.0,,5.0,5,5,,Manajemen S3,1.0,,,,,2.0,,4.0,,,ASEAN Engineering,3,2,,5.0,5.0,1.0,,,,4.0,0.0,3.0,4.571428571428571,3,Karir Elit
5.0,3.0,4.0,,,2,4.0,,3.0,4,4,,Manajemen S3,2.0,,,,,3.0,,4.0,,,"CMA, Digital Marketing",2,2,Pilihan,4.0,5.0,2.0,,,,5.0,1.0,2.5714285714285716,4.142857142857143,3,Karir Elit
5.0,5.0,4.0,,,5,4.0,,4.0,5,5,,Manajemen S3,5.0,Pilihan,,Pilihan,,5.0,,4.0,,,Certified Human Resource Analyst (CHRA); Asesor Kompetensi BNSP; Sertifikasi Dosen,5,5,,4.0,5.0,5.0,Pilihan,,,4.0,0.0,5.0,4.142857142857143,3,Karir Elit
20.0,15.0,3.0,,,3,3.0,,4.0,4,4,,Magister Teknik Sipil,2.0,,,,,15.0,,4.0,,,Sertifikat Komptensi Pengolala Barang Jasa Ahli Muda,3,3,,4.0,5.0,2.0,,,,5.0,0.0,3.0,4.0,3,Karir Elit
10.0,8.0,4.0,,,4,4.0,,5.0,4,5,,Magister Manajemen,4.0,,,,Pilihan,8.0,,5.0,,,"Pengawas Operasional Pertama (POP) Pertambangan (s/d 2028)
",5,4,,4.0,4.0,4.0,,,,5.0,0.0,4.285714285714286,4.428571428571429,3,Karir Elit
15.0,10.0,5.0,Pilihan,Pilihan,4,4.0,Pilihan,4.0,4,3,,Magister Manajemen,3.0,Pilihan,,Pilihan,,16.0,,4.0,,,0,2,4,,4.0,5.0,2.0,,Pilihan,,4.0,24.0,3.142857142857143,4.285714285714286,1,Karir Linear
5.0,4.0,5.0,Pilihan,Pilihan,5,5.0,,5.0,5,5,,Magister Akuntansi,5.0,,,,,4.0,,5.0,,,0,5,5,,5.0,5.0,5.0,,,,5.0,-12.0,5.0,5.0,1,Karir Linear
